Date,Depot_ID,Depot_Name,Container_Type,Spatial_Role,Opening_Available,Empty_Return,Repair_In,Repair_Out,Confirmed_Booking,Forecast_Demand,Total_Demand,ECR_In,ECR_Out,Empty_Release,Shortage,Closing_Available,Repair_Stock,Committed_Stock,Out_of_Service,Physical_Stock,Data_Source
2026-01-01,D01_PHU_MY,MEDLOG Phu My ICD,20GP,DEFICIT,110,14,1,1,26,4,30,0,0,30,0,94,6,8,1,109,SYNTHETIC_SPATIAL_IMBALANCE_V2
2026-01-02,D01_PHU_MY,MEDLOG Phu My ICD,20GP,DEFICIT,94,25,1,2,17,3,20,0,0,20,0,100,5,5,1,111,SYNTHETIC_SPATIAL_IMBALANCE_V2
2026-01-03,D01_PHU_MY,MEDLOG Phu My ICD,20GP,DEFICIT,100,15,1,0,15,5,20,0,0,20,0,94,6,2,1,103,SYNTHETIC_SPATIAL_IMBALANCE_V2
2026-01-04,D01_PHU_MY,MEDLOG Phu My ICD,20GP,DEFICIT,94,15,1,1,12,4,16,0,0,16,0,93,6,2,1,102,SYNTHETIC_SPATIAL_IMBALANCE_V2
2026-01-05,D01_PHU_MY,MEDLOG Phu My ICD,20GP,DEFICIT,93,23,1,1,18,9,27,0,0,27,0,89,6,4,1,100,SYNTHETIC_SPATIAL_IMBALANCE_V2
2026-01-06,D01_PHU_MY,MEDLOG Phu My ICD,20GP,DEFICIT,89,16,1,2,20,6,26,0,0,26,0,80,5,4,1,90,SYNTHETIC_SPATIAL_IMBALANCE_V2
2026-01-07,D01_PHU_MY,MEDLOG Phu My ICD,20GP,DEFICIT,80,27,1,1,21,5,26,0,0,26,0,81,5,6,1,93,SYNTHETIC_SPATIAL_IMBALANCE_V2
2026-01-08,D01_PHU_MY,MEDLOG Phu My ICD,20GP,DEFICIT,81,17,1,0,23,3,26,0,0,26,0,71,6,6,1,84,SYNTHETIC_SPATIAL_IMBALANCE_V2
2026-01-09,D01_PHU_MY,MEDLOG Phu My ICD,20GP,DEFICIT,71,22,1,3,23,7,30,0,0,30,0,65,4,6,1,76,SYNTHETIC_SPATIAL_IMBALANCE_V2
2026-01-10,D01_PHU_MY,MEDLOG Phu My ICD,20GP,DEFICIT,65,20,1,3,13,2,15,0,0,15,0,72,2,2,1,77,SYNTHETIC_SPATIAL_IMBALANCE_V2
2026-01-11,D01_PHU_MY,MEDLOG Phu My ICD,20GP,DEFICIT,72,14,1,0,13,6,19,0,0,19,0,66,3,2,1,72,SYNTHETIC_SPATIAL_IMBALANCE_V2
2026-01-12,D01_PHU_MY,MEDLOG Phu My ICD,20GP,DEFICIT,66,24,1,0,26,10,36,0,0,36,0,53,4,5,1,63,SYNTHETIC_SPATIAL_IMBALANCE_V2
2026-01-13,D01_PHU_MY,MEDLOG Phu My ICD,20GP,DEFICIT,53,23,1,0,20,4,24,0,0,24,0,51,5,4,1,61,SYNTHETIC_SPATIAL_IMBALANCE_V2
2026-01-14,D01_PHU_MY,MEDLOG Phu My ICD,20GP,DEFICIT,51,25,1,1,14,7,21,0,0,21,0,55,5,3,1,64,SYNTHETIC_SPATIAL_IMBALANCE_V2
2026-01-15,D01_PHU_MY,MEDLOG Phu My ICD,20GP,DEFICIT,55,18,1,2,21,4,25,0,0,25,0,49,4,3,1,57,SYNTHETIC_SPATIAL_IMBALANCE_V2
2026-01-16,D01_PHU_MY,MEDLOG Phu My ICD,20GP,DEFICIT,49,22,1,2,16,5,21,0,0,21,0,51,3,5,1,60,SYNTHETIC_SPATIAL_IMBALANCE_V2
2026-01-17,D01_PHU_MY,MEDLOG Phu My ICD,20GP,DEFICIT,51,20,1,2,17,3,20,0,0,20,0,52,2,4,1,59,SYNTHETIC_SPATIAL_IMBALANCE_V2
2026-01-18,D01_PHU_MY,MEDLOG Phu My ICD,20GP,DEFICIT,52,15,1,2,18,2,20,0,0,20,0,48,1,5,1,55,SYNTHETIC_SPATIAL_IMBALANCE_V2
2026-01-19,D01_PHU_MY,MEDLOG Phu My ICD,20GP,DEFICIT,48,27,1,1,17,6,23,0,0,23,0,52,1,3,1,57,SYNTHETIC_SPATIAL_IMBALANCE_V2
2026-01-20,D01_PHU_MY,MEDLOG Phu My ICD,20GP,DEFICIT,52,18,1,0,20,3,23,0,0,23,0,46,2,4,1,53,SYNTHETIC_SPATIAL_IMBALANCE_V2
2026-01-21,D01_PHU_MY,MEDLOG Phu My ICD,20GP,DEFICIT,46,33,2,0,14,7,21,0,0,21,0,56,4,3,1,64,SYNTHETIC_SPATIAL_IMBALANCE_V2
2026-01-22,D01_PHU_MY,MEDLOG Phu My ICD,20GP,DEFICIT,56,28,1,1,24,6,30,0,0,30,0,54,4,4,1,63,SYNTHETIC_SPATIAL_IMBALANCE_V2
2026-01-23,D01_PHU_MY,MEDLOG Phu My ICD,20GP,DEFICIT,54,20,1,0,21,9,30,0,0,30,0,43,5,3,1,52,SYNTHETIC_SPATIAL_IMBALANCE_V2
2026-01-24,D01_PHU_MY,MEDLOG Phu My ICD,20GP,DEFICIT,43,19,1,0,20,2,22,0,0,22,0,39,6,4,1,50,SYNTHETIC_SPATIAL_IMBALANCE_V2
2026-01-25,D01_PHU_MY,MEDLOG Phu My ICD,20GP,DEFICIT,39,11,1,1,12,2,14,0,0,14,0,36,6,3,1,46,SYNTHETIC_SPATIAL_IMBALANCE_V2
2026-01-26,D01_PHU_MY,MEDLOG Phu My ICD,20GP,DEFICIT,36,18,1,2,16,5,21,0,0,21,0,34,5,5,1,45,SYNTHETIC_SPATIAL_IMBALANCE_V2
2026-01-27,D01_PHU_MY,MEDLOG Phu My ICD,20GP,DEFICIT,34,16,1,1,24,4,28,0,0,28,0,22,5,4,1,32,SYNTHETIC_SPATIAL_IMBALANCE_V2
2026-01-28,D01_PHU_MY,MEDLOG Phu My ICD,20GP,DEFICIT,22,18,1,3,17,4,21,0,0,21,0,21,3,3,1,28,SYNTHETIC_SPATIAL_IMBALANCE_V2
2026-01-29,D01_PHU_MY,MEDLOG Phu My ICD,20GP,DEFICIT,21,19,1,1,18,9,27,0,0,27,0,13,3,3,1,20,SYNTHETIC_SPATIAL_IMBALANCE_V2
2026-01-30,D01_PHU_MY,MEDLOG Phu My ICD,20GP,DEFICIT,13,21,1,0,19,5,24,0,0,24,0,9,4,4,1,18,SYNTHETIC_SPATIAL_IMBALANCE_V2
2026-01-31,D01_PHU_MY,MEDLOG Phu My ICD,20GP,DEFICIT,9,16,1,4,22,4,26,0,0,26,0,2,1,4,1,8,SYNTHETIC_SPATIAL_IMBALANCE_V2
2026-02-01,D01_PHU_MY,MEDLOG Phu My ICD,20GP,DEFICIT,2,21,1,1,10,2,12,0,0,12,0,11,1,3,1,16,SYNTHETIC_SPATIAL_IMBALANCE_V2
2026-02-02,D01_PHU_MY,MEDLOG Phu My ICD,20GP,DEFICIT,11,27,1,0,23,12,35,0,0,35,0,2,2,4,1,9,SYNTHETIC_SPATIAL_IMBALANCE_V2
2026-02-03,D01_PHU_MY,MEDLOG Phu My ICD,20GP,DEFICIT,2,25,1,0,16,9,25,0,0,25,0,1,3,4,1,9,SYNTHETIC_SPATIAL_IMBALANCE_V2
2026-02-04,D01_PHU_MY,MEDLOG Phu My ICD,20GP,DEFICIT,1,29,1,1,18,4,22,0,0,22,0,8,3,5,1,17,SYNTHETIC_SPATIAL_IMBALANCE_V2
2026-02-05,D01_PHU_MY,MEDLOG Phu My ICD,20GP,DEFICIT,8,15,1,0,16,5,21,0,0,21,0,1,4,3,1,9,SYNTHETIC_SPATIAL_IMBALANCE_V2
2026-02-06,D01_PHU_MY,MEDLOG Phu My ICD,20GP,DEFICIT,1,21,1,1,20,9,29,0,0,22,7,0,4,6,1,11,SYNTHETIC_SPATIAL_IMBALANCE_V2
2026-02-07,D01_PHU_MY,MEDLOG Phu My ICD,20GP,DEFICIT,0,18,1,1,18,5,23,0,0,18,5,0,4,3,1,8,SYNTHETIC_SPATIAL_IMBALANCE_V2
2026-02-08,D01_PHU_MY,MEDLOG Phu My ICD,20GP,DEFICIT,0,24,1,2,22,4,26,0,0,25,1,0,3,6,1,10,SYNTHETIC_SPATIAL_IMBALANCE_V2
2026-02-09,D01_PHU_MY,MEDLOG Phu My ICD,20GP,DEFICIT,0,20,1,0,27,12,39,0,0,19,20,0,4,6,1,11,SYNTHETIC_SPATIAL_IMBALANCE_V2
2026-02-10,D01_PHU_MY,MEDLOG Phu My ICD,20GP,DEFICIT,0,21,1,1,23,8,31,0,0,21,10,0,4,5,1,10,SYNTHETIC_SPATIAL_IMBALANCE_V2
2026-02-11,D01_PHU_MY,MEDLOG Phu My ICD,20GP,DEFICIT,0,20,1,2,23,8,31,0,0,21,10,0,3,5,1,9,SYNTHETIC_SPATIAL_IMBALANCE_V2
2026-02-12,D01_PHU_MY,MEDLOG Phu My ICD,20GP,DEFICIT,0,23,1,1,19,8,27,0,0,23,4,0,3,3,1,7,SYNTHETIC_SPATIAL_IMBALANCE_V2
2026-02-13,D01_PHU_MY,MEDLOG Phu My ICD,20GP,DEFICIT,0,17,1,0,24,5,29,0,0,16,13,0,4,5,1,10,SYNTHETIC_SPATIAL_IMBALANCE_V2
2026-02-14,D01_PHU_MY,MEDLOG Phu My ICD,20GP,DEFICIT,0,24,1,2,18,4,22,0,0,22,0,3,3,5,1,12,SYNTHETIC_SPATIAL_IMBALANCE_V2
2026-02-15,D01_PHU_MY,MEDLOG Phu My ICD,20GP,DEFICIT,3,12,1,1,18,4,22,0,0,15,7,0,3,4,1,8,SYNTHETIC_SPATIAL_IMBALANCE_V2
2026-02-16,D01_PHU_MY,MEDLOG Phu My ICD,20GP,DEFICIT,0,12,1,1,19,8,27,0,0,12,15,0,3,4,1,8,SYNTHETIC_SPATIAL_IMBALANCE_V2
2026-02-17,D01_PHU_MY,MEDLOG Phu My ICD,20GP,DEFICIT,0,18,1,2,18,3,21,0,0,19,2,0,2,3,1,6,SYNTHETIC_SPATIAL_IMBALANCE_V2
2026-02-18,D01_PHU_MY,MEDLOG Phu My ICD,20GP,DEFICIT,0,15,1,1,14,7,21,0,0,15,6,0,2,3,1,6,SYNTHETIC_SPATIAL_IMBALANCE_V2
2026-02-19,D01_PHU_MY,MEDLOG Phu My ICD,20GP,DEFICIT,0,28,1,0,14,4,18,0,0,18,0,9,3,3,1,16,SYNTHETIC_SPATIAL_IMBALANCE_V2
2026-02-20,D01_PHU_MY,MEDLOG Phu My ICD,20GP,DEFICIT,9,14,1,2,24,5,29,0,0,24,5,0,2,5,1,8,SYNTHETIC_SPATIAL_IMBALANCE_V2
2026-02-21,D01_PHU_MY,MEDLOG Phu My ICD,20GP,DEFICIT,0,17,1,0,7,2,9,0,0,9,0,7,3,2,1,13,SYNTHETIC_SPATIAL_IMBALANCE_V2
2026-02-22,D01_PHU_MY,MEDLOG Phu My ICD,20GP,DEFICIT,7,22,1,1,16,3,19,0,0,19,0,10,3,3,1,17,SYNTHETIC_SPATIAL_IMBALANCE_V2
2026-02-23,D01_PHU_MY,MEDLOG Phu My ICD,20GP,DEFICIT,10,18,1,0,23,3,26,0,0,26,0,1,4,5,1,11,SYNTHETIC_SPATIAL_IMBALANCE_V2
2026-02-24,D01_PHU_MY,MEDLOG Phu My ICD,20GP,DEFICIT,1,16,1,0,21,4,25,0,0,16,9,0,5,6,1,12,SYNTHETIC_SPATIAL_IMBALANCE_V2
2026-02-25,D01_PHU_MY,MEDLOG Phu My ICD,20GP,DEFICIT,0,17,1,0,28,3,31,0,0,16,15,0,6,4,1,11,SYNTHETIC_SPATIAL_IMBALANCE_V2
2026-02-26,D01_PHU_MY,MEDLOG Phu My ICD,20GP,DEFICIT,0,27,1,1,23,10,33,0,0,27,6,0,6,5,1,12,SYNTHETIC_SPATIAL_IMBALANCE_V2
2026-02-27,D01_PHU_MY,MEDLOG Phu My ICD,20GP,DEFICIT,0,18,1,0,17,7,24,0,0,17,7,0,7,3,1,11,SYNTHETIC_SPATIAL_IMBALANCE_V2
2026-02-28,D01_PHU_MY,MEDLOG Phu My ICD,20GP,DEFICIT,0,21,1,1,16,5,21,0,0,21,0,0,7,4,1,12,SYNTHETIC_SPATIAL_IMBALANCE_V2
2026-03-01,D01_PHU_MY,MEDLOG Phu My ICD,20GP,DEFICIT,0,11,1,0,14,2,16,0,0,10,6,0,8,4,1,13,SYNTHETIC_SPATIAL_IMBALANCE_V2
2026-03-02,D01_PHU_MY,MEDLOG Phu My ICD,20GP,DEFICIT,0,11,1,1,16,6,22,0,0,11,11,0,8,3,1,12,SYNTHETIC_SPATIAL_IMBALANCE_V2
2026-03-03,D01_PHU_MY,MEDLOG Phu My ICD,20GP,DEFICIT,0,19,1,2,17,5,22,0,0,20,2,0,7,5,1,13,SYNTHETIC_SPATIAL_IMBALANCE_V2
2026-03-04,D01_PHU_MY,MEDLOG Phu My ICD,20GP,DEFICIT,0,17,1,1,22,7,29,0,0,17,12,0,7,5,1,13,SYNTHETIC_SPATIAL_IMBALANCE_V2
2026-03-05,D01_PHU_MY,MEDLOG Phu My ICD,20GP,DEFICIT,0,13,1,4,25,5,30,0,0,16,14,0,4,4,1,9,SYNTHETIC_SPATIAL_IMBALANCE_V2
2026-03-06,D01_PHU_MY,MEDLOG Phu My ICD,20GP,DEFICIT,0,14,1,1,18,4,22,0,0,14,8,0,4,3,1,8,SYNTHETIC_SPATIAL_IMBALANCE_V2
2026-03-07,D01_PHU_MY,MEDLOG Phu My ICD,20GP,DEFICIT,0,20,1,1,22,6,28,0,0,20,8,0,4,5,1,10,SYNTHETIC_SPATIAL_IMBALANCE_V2
2026-03-08,D01_PHU_MY,MEDLOG Phu My ICD,20GP,DEFICIT,0,12,1,0,16,4,20,0,0,11,9,0,5,4,1,10,SYNTHETIC_SPATIAL_IMBALANCE_V2
2026-03-09,D01_PHU_MY,MEDLOG Phu My ICD,20GP,DEFICIT,0,27,1,0,20,8,28,0,0,26,2,0,6,4,1,11,SYNTHETIC_SPATIAL_IMBALANCE_V2
2026-03-10,D01_PHU_MY,MEDLOG Phu My ICD,20GP,DEFICIT,0,29,1,3,20,6,26,0,0,26,0,5,4,6,1,16,SYNTHETIC_SPATIAL_IMBALANCE_V2
2026-03-11,D01_PHU_MY,MEDLOG Phu My ICD,20GP,DEFICIT,5,18,1,1,21,11,32,0,0,23,9,0,4,4,1,9,SYNTHETIC_SPATIAL_IMBALANCE_V2
2026-03-12,D01_PHU_MY,MEDLOG Phu My ICD,20GP,DEFICIT,0,22,1,1,29,10,39,0,0,22,17,0,4,8,1,13,SYNTHETIC_SPATIAL_IMBALANCE_V2
2026-03-13,D01_PHU_MY,MEDLOG Phu My ICD,20GP,DEFICIT,0,22,1,1,34,8,42,0,0,22,20,0,4,6,1,11,SYNTHETIC_SPATIAL_IMBALANCE_V2
2026-03-14,D01_PHU_MY,MEDLOG Phu My ICD,20GP,DEFICIT,0,20,1,0,16,8,24,0,0,19,5,0,5,3,1,9,SYNTHETIC_SPATIAL_IMBALANCE_V2
2026-03-15,D01_PHU_MY,MEDLOG Phu My ICD,20GP,DEFICIT,0,18,1,0,17,4,21,0,0,17,4,0,6,4,1,11,SYNTHETIC_SPATIAL_IMBALANCE_V2
2026-03-16,D01_PHU_MY,MEDLOG Phu My ICD,20GP,DEFICIT,0,23,1,0,20,10,30,0,0,22,8,0,7,5,1,13,SYNTHETIC_SPATIAL_IMBALANCE_V2
2026-03-17,D01_PHU_MY,MEDLOG Phu My ICD,20GP,DEFICIT,0,22,1,0,28,6,34,0,0,21,13,0,8,5,1,14,SYNTHETIC_SPATIAL_IMBALANCE_V2
2026-03-18,D01_PHU_MY,MEDLOG Phu My ICD,20GP,DEFICIT,0,14,1,1,22,3,25,0,0,14,11,0,8,5,1,14,SYNTHETIC_SPATIAL_IMBALANCE_V2
2026-03-19,D01_PHU_MY,MEDLOG Phu My ICD,20GP,DEFICIT,0,31,2,5,22,7,29,0,0,29,0,5,5,6,1,17,SYNTHETIC_SPATIAL_IMBALANCE_V2
2026-03-20,D01_PHU_MY,MEDLOG Phu My ICD,20GP,DEFICIT,5,28,1,0,15,4,19,0,0,19,0,13,6,4,1,24,SYNTHETIC_SPATIAL_IMBALANCE_V2
2026-03-21,D01_PHU_MY,MEDLOG Phu My ICD,20GP,DEFICIT,13,13,1,4,19,4,23,0,0,23,0,6,3,5,1,15,SYNTHETIC_SPATIAL_IMBALANCE_V2
2026-03-22,D01_PHU_MY,MEDLOG Phu My ICD,20GP,DEFICIT,6,12,1,2,12,5,17,0,0,17,0,2,2,3,1,8,SYNTHETIC_SPATIAL_IMBALANCE_V2
2026-03-23,D01_PHU_MY,MEDLOG Phu My ICD,20GP,DEFICIT,2,18,1,0,18,2,20,0,0,19,1,0,3,4,1,8,SYNTHETIC_SPATIAL_IMBALANCE_V2
2026-03-24,D01_PHU_MY,MEDLOG Phu My ICD,20GP,DEFICIT,0,17,1,0,16,3,19,0,0,16,3,0,4,3,1,8,SYNTHETIC_SPATIAL_IMBALANCE_V2
2026-03-25,D01_PHU_MY,MEDLOG Phu My ICD,20GP,DEFICIT,0,18,1,0,18,4,22,0,0,17,5,0,5,4,1,10,SYNTHETIC_SPATIAL_IMBALANCE_V2
2026-03-26,D01_PHU_MY,MEDLOG Phu My ICD,20GP,DEFICIT,0,25,1,0,18,4,22,0,0,22,0,2,6,4,1,13,SYNTHETIC_SPATIAL_IMBALANCE_V2
2026-03-27,D01_PHU_MY,MEDLOG Phu My ICD,20GP,DEFICIT,2,17,1,1,13,3,16,0,0,16,0,3,6,4,1,14,SYNTHETIC_SPATIAL_IMBALANCE_V2
2026-03-28,D01_PHU_MY,MEDLOG Phu My ICD,20GP,DEFICIT,3,19,1,4,10,5,15,0,0,15,0,10,3,2,1,16,SYNTHETIC_SPATIAL_IMBALANCE_V2
2026-03-29,D01_PHU_MY,MEDLOG Phu My ICD,20GP,DEFICIT,10,12,1,2,11,5,16,0,0,16,0,7,2,3,1,13,SYNTHETIC_SPATIAL_IMBALANCE_V2
2026-03-30,D01_PHU_MY,MEDLOG Phu My ICD,20GP,DEFICIT,7,20,1,0,26,6,32,0,0,26,6,0,3,5,1,9,SYNTHETIC_SPATIAL_IMBALANCE_V2
2026-03-31,D01_PHU_MY,MEDLOG Phu My ICD,20GP,DEFICIT,0,13,1,2,19,10,29,0,0,14,15,0,2,3,1,6,SYNTHETIC_SPATIAL_IMBALANCE_V2
2026-01-01,D01_PHU_MY,MEDLOG Phu My ICD,40GP,SURPLUS,120,29,1,2,20,6,26,0,0,26,0,124,4,4,1,133,SYNTHETIC_SPATIAL_IMBALANCE_V2
2026-01-02,D01_PHU_MY,MEDLOG Phu My ICD,40GP,SURPLUS,124,36,2,1,19,6,25,0,0,25,0,134,5,6,1,146,SYNTHETIC_SPATIAL_IMBALANCE_V2
2026-01-03,D01_PHU_MY,MEDLOG Phu My ICD,40GP,SURPLUS,134,27,1,0,14,4,18,0,0,18,0,142,6,3,1,152,SYNTHETIC_SPATIAL_IMBALANCE_V2
2026-01-04,D01_PHU_MY,MEDLOG Phu My ICD,40GP,SURPLUS,142,19,1,2,14,4,18,0,0,18,0,144,5,4,1,154,SYNTHETIC_SPATIAL_IMBALANCE_V2
2026-01-05,D01_PHU_MY,MEDLOG Phu My ICD,40GP,SURPLUS,144,36,2,1,28,5,33,0,0,33,0,146,6,7,1,160,SYNTHETIC_SPATIAL_IMBALANCE_V2
2026-01-06,D01_PHU_MY,MEDLOG Phu My ICD,40GP,SURPLUS,146,36,2,0,19,8,27,0,0,27,0,153,8,4,1,166,SYNTHETIC_SPATIAL_IMBALANCE_V2
2026-01-07,D01_PHU_MY,MEDLOG Phu My ICD,40GP,SURPLUS,153,39,2,4,17,9,26,0,0,26,0,168,6,4,1,179,SYNTHETIC_SPATIAL_IMBALANCE_V2
2026-01-08,D01_PHU_MY,MEDLOG Phu My ICD,40GP,SURPLUS,168,34,2,3,30,4,34,0,0,34,0,169,5,9,1,184,SYNTHETIC_SPATIAL_IMBALANCE_V2
2026-01-09,D01_PHU_MY,MEDLOG Phu My ICD,40GP,SURPLUS,169,27,1,1,19,9,28,0,0,28,0,168,5,4,1,178,SYNTHETIC_SPATIAL_IMBALANCE_V2
2026-01-10,D01_PHU_MY,MEDLOG Phu My ICD,40GP,SURPLUS,168,29,1,2,15,5,20,0,0,20,0,178,4,3,1,186,SYNTHETIC_SPATIAL_IMBALANCE_V2
2026-01-11,D01_PHU_MY,MEDLOG Phu My ICD,40GP,SURPLUS,178,19,1,1,16,8,24,0,0,24,0,173,4,4,1,182,SYNTHETIC_SPATIAL_IMBALANCE_V2
2026-01-12,D01_PHU_MY,MEDLOG Phu My ICD,40GP,SURPLUS,173,38,2,1,23,10,33,0,0,33,0,177,5,6,1,189,SYNTHETIC_SPATIAL_IMBALANCE_V2
2026-01-13,D01_PHU_MY,MEDLOG Phu My ICD,40GP,SURPLUS,177,27,1,1,18,4,22,0,0,22,0,182,5,3,1,191,SYNTHETIC_SPATIAL_IMBALANCE_V2
2026-01-14,D01_PHU_MY,MEDLOG Phu My ICD,40GP,SURPLUS,182,36,2,2,22,3,25,0,0,25,0,193,5,6,1,205,SYNTHETIC_SPATIAL_IMBALANCE_V2
2026-01-15,D01_PHU_MY,MEDLOG Phu My ICD,40GP,SURPLUS,193,29,1,1,16,8,24,0,0,24,0,198,5,3,1,207,SYNTHETIC_SPATIAL_IMBALANCE_V2
2026-01-16,D01_PHU_MY,MEDLOG Phu My ICD,40GP,SURPLUS,198,35,2,1,20,6,26,0,0,26,0,206,6,5,1,218,SYNTHETIC_SPATIAL_IMBALANCE_V2
2026-01-17,D01_PHU_MY,MEDLOG Phu My ICD,40GP,SURPLUS,206,29,1,1,18,8,26,0,0,26,0,209,6,4,1,220,SYNTHETIC_SPATIAL_IMBALANCE_V2
2026-01-18,D01_PHU_MY,MEDLOG Phu My ICD,40GP,SURPLUS,209,24,1,1,22,5,27,0,0,27,0,206,6,4,1,217,SYNTHETIC_SPATIAL_IMBALANCE_V2
2026-01-19,D01_PHU_MY,MEDLOG Phu My ICD,40GP,SURPLUS,206,32,1,2,16,6,22,0,0,22,0,217,5,4,1,227,SYNTHETIC_SPATIAL_IMBALANCE_V2
2026-01-20,D01_PHU_MY,MEDLOG Phu My ICD,40GP,SURPLUS,217,24,1,2,22,4,26,0,0,26,0,216,4,5,1,226,SYNTHETIC_SPATIAL_IMBALANCE_V2
2026-01-21,D01_PHU_MY,MEDLOG Phu My ICD,40GP,SURPLUS,216,43,2,2,14,5,19,0,0,19,0,240,4,4,1,249,SYNTHETIC_SPATIAL_IMBALANCE_V2
2026-01-22,D01_PHU_MY,MEDLOG Phu My ICD,40GP,SURPLUS,240,38,2,0,21,6,27,0,0,27,0,249,6,5,1,261,SYNTHETIC_SPATIAL_IMBALANCE_V2
2026-01-23,D01_PHU_MY,MEDLOG Phu My ICD,40GP,SURPLUS,249,36,2,1,22,3,25,0,0,25,0,259,7,4,1,271,SYNTHETIC_SPATIAL_IMBALANCE_V2
2026-01-24,D01_PHU_MY,MEDLOG Phu My ICD,40GP,SURPLUS,259,24,1,0,16,3,19,0,0,19,0,263,8,3,1,275,SYNTHETIC_SPATIAL_IMBALANCE_V2
2026-01-25,D01_PHU_MY,MEDLOG Phu My ICD,40GP,SURPLUS,263,20,1,4,12,4,16,0,0,16,0,270,5,3,1,279,SYNTHETIC_SPATIAL_IMBALANCE_V2
2026-01-26,D01_PHU_MY,MEDLOG Phu My ICD,40GP,SURPLUS,270,26,1,2,21,7,28,0,0,28,0,269,4,4,1,278,SYNTHETIC_SPATIAL_IMBALANCE_V2
2026-01-27,D01_PHU_MY,MEDLOG Phu My ICD,40GP,SURPLUS,269,38,2,1,17,3,20,0,0,20,0,286,5,3,1,295,SYNTHETIC_SPATIAL_IMBALANCE_V2
2026-01-28,D01_PHU_MY,MEDLOG Phu My ICD,40GP,SURPLUS,286,37,2,1,17,6,23,0,0,23,0,299,6,3,1,309,SYNTHETIC_SPATIAL_IMBALANCE_V2
2026-01-29,D01_PHU_MY,MEDLOG Phu My ICD,40GP,SURPLUS,299,25,1,3,22,3,25,0,0,25,0,301,4,5,1,311,SYNTHETIC_SPATIAL_IMBALANCE_V2
2026-01-30,D01_PHU_MY,MEDLOG Phu My ICD,40GP,SURPLUS,301,37,2,2,19,4,23,0,0,23,0,315,4,5,1,325,SYNTHETIC_SPATIAL_IMBALANCE_V2
2026-01-31,D01_PHU_MY,MEDLOG Phu My ICD,40GP,SURPLUS,315,30,1,1,9,3,12,0,0,12,0,333,4,1,1,339,SYNTHETIC_SPATIAL_IMBALANCE_V2
2026-02-01,D01_PHU_MY,MEDLOG Phu My ICD,40GP,SURPLUS,333,23,1,1,10,5,15,0,0,15,0,341,4,2,1,348,SYNTHETIC_SPATIAL_IMBALANCE_V2
2026-02-02,D01_PHU_MY,MEDLOG Phu My ICD,40GP,SURPLUS,341,35,2,0,22,4,26,0,0,26,0,348,6,7,1,362,SYNTHETIC_SPATIAL_IMBALANCE_V2
2026-02-03,D01_PHU_MY,MEDLOG Phu My ICD,40GP,SURPLUS,348,33,1,4,18,5,23,0,0,23,0,361,3,3,1,368,SYNTHETIC_SPATIAL_IMBALANCE_V2
2026-02-04,D01_PHU_MY,MEDLOG Phu My ICD,40GP,SURPLUS,361,29,1,1,28,3,31,0,0,31,0,359,3,8,1,371,SYNTHETIC_SPATIAL_IMBALANCE_V2
2026-02-05,D01_PHU_MY,MEDLOG Phu My ICD,40GP,SURPLUS,359,44,2,0,28,7,35,0,0,35,0,366,5,7,1,379,SYNTHETIC_SPATIAL_IMBALANCE_V2
2026-02-06,D01_PHU_MY,MEDLOG Phu My ICD,40GP,SURPLUS,366,33,1,4,15,2,17,0,0,17,0,385,2,3,1,391,SYNTHETIC_SPATIAL_IMBALANCE_V2
2026-02-07,D01_PHU_MY,MEDLOG Phu My ICD,40GP,SURPLUS,385,35,2,0,20,7,27,0,0,27,0,391,4,5,1,401,SYNTHETIC_SPATIAL_IMBALANCE_V2
2026-02-08,D01_PHU_MY,MEDLOG Phu My ICD,40GP,SURPLUS,391,28,1,1,18,3,21,0,0,21,0,398,4,4,1,407,SYNTHETIC_SPATIAL_IMBALANCE_V2
2026-02-09,D01_PHU_MY,MEDLOG Phu My ICD,40GP,SURPLUS,398,27,1,2,22,5,27,0,0,27,0,399,3,4,1,407,SYNTHETIC_SPATIAL_IMBALANCE_V2
2026-02-10,D01_PHU_MY,MEDLOG Phu My ICD,40GP,SURPLUS,399,29,1,1,20,4,24,0,0,24,0,404,3,6,1,414,SYNTHETIC_SPATIAL_IMBALANCE_V2
2026-02-11,D01_PHU_MY,MEDLOG Phu My ICD,40GP,SURPLUS,404,33,1,0,21,3,24,0,0,24,0,412,4,5,1,422,SYNTHETIC_SPATIAL_IMBALANCE_V2
2026-02-12,D01_PHU_MY,MEDLOG Phu My ICD,40GP,SURPLUS,412,42,2,3,17,3,20,0,0,20,0,435,3,4,1,443,SYNTHETIC_SPATIAL_IMBALANCE_V2
2026-02-13,D01_PHU_MY,MEDLOG Phu My ICD,40GP,SURPLUS,435,40,2,1,21,7,28,0,0,28,0,446,4,4,1,455,SYNTHETIC_SPATIAL_IMBALANCE_V2
2026-02-14,D01_PHU_MY,MEDLOG Phu My ICD,40GP,SURPLUS,446,28,1,0,23,3,26,0,0,26,0,447,5,4,1,457,SYNTHETIC_SPATIAL_IMBALANCE_V2
2026-02-15,D01_PHU_MY,MEDLOG Phu My ICD,40GP,SURPLUS,447,18,1,3,15,3,18,0,0,18,0,449,3,2,1,455,SYNTHETIC_SPATIAL_IMBALANCE_V2
2026-02-16,D01_PHU_MY,MEDLOG Phu My ICD,40GP,SURPLUS,449,36,2,1,19,5,24,0,0,24,0,460,4,5,1,470,SYNTHETIC_SPATIAL_IMBALANCE_V2
2026-02-17,D01_PHU_MY,MEDLOG Phu My ICD,40GP,SURPLUS,460,30,1,0,24,10,34,0,0,34,0,455,5,5,1,466,SYNTHETIC_SPATIAL_IMBALANCE_V2
2026-02-18,D01_PHU_MY,MEDLOG Phu My ICD,40GP,SURPLUS,455,34,2,1,17,3,20,0,0,20,0,468,6,5,1,480,SYNTHETIC_SPATIAL_IMBALANCE_V2
2026-02-19,D01_PHU_MY,MEDLOG Phu My ICD,40GP,SURPLUS,468,26,1,5,16,5,21,0,0,21,0,477,2,3,1,483,SYNTHETIC_SPATIAL_IMBALANCE_V2
2026-02-20,D01_PHU_MY,MEDLOG Phu My ICD,40GP,SURPLUS,477,29,1,0,15,4,19,0,0,19,0,486,3,4,1,494,SYNTHETIC_SPATIAL_IMBALANCE_V2
2026-02-21,D01_PHU_MY,MEDLOG Phu My ICD,40GP,SURPLUS,486,19,1,0,15,5,20,0,0,20,0,484,4,3,1,492,SYNTHETIC_SPATIAL_IMBALANCE_V2
2026-02-22,D01_PHU_MY,MEDLOG Phu My ICD,40GP,SURPLUS,484,15,1,0,13,6,19,0,0,19,0,479,5,2,1,487,SYNTHETIC_SPATIAL_IMBALANCE_V2
2026-02-23,D01_PHU_MY,MEDLOG Phu My ICD,40GP,SURPLUS,479,24,1,1,11,5,16,0,0,16,0,487,5,2,1,495,SYNTHETIC_SPATIAL_IMBALANCE_V2
2026-02-24,D01_PHU_MY,MEDLOG Phu My ICD,40GP,SURPLUS,487,19,1,0,21,5,26,0,0,26,0,479,6,5,1,491,SYNTHETIC_SPATIAL_IMBALANCE_V2
2026-02-25,D01_PHU_MY,MEDLOG Phu My ICD,40GP,SURPLUS,479,30,1,2,28,6,34,0,0,34,0,476,5,4,1,486,SYNTHETIC_SPATIAL_IMBALANCE_V2
2026-02-26,D01_PHU_MY,MEDLOG Phu My ICD,40GP,SURPLUS,476,37,2,2,17,7,24,0,0,24,0,489,5,3,1,498,SYNTHETIC_SPATIAL_IMBALANCE_V2
2026-02-27,D01_PHU_MY,MEDLOG Phu My ICD,40GP,SURPLUS,489,29,1,0,16,6,22,0,0,22,0,495,6,3,1,505,SYNTHETIC_SPATIAL_IMBALANCE_V2
2026-02-28,D01_PHU_MY,MEDLOG Phu My ICD,40GP,SURPLUS,495,20,1,3,23,6,29,0,0,29,0,488,4,4,1,497,SYNTHETIC_SPATIAL_IMBALANCE_V2
2026-03-01,D01_PHU_MY,MEDLOG Phu My ICD,40GP,SURPLUS,488,32,1,2,13,2,15,0,0,15,0,506,3,3,1,513,SYNTHETIC_SPATIAL_IMBALANCE_V2
2026-03-02,D01_PHU_MY,MEDLOG Phu My ICD,40GP,SURPLUS,506,33,1,1,23,7,30,0,0,30,0,509,3,6,1,519,SYNTHETIC_SPATIAL_IMBALANCE_V2
2026-03-03,D01_PHU_MY,MEDLOG Phu My ICD,40GP,SURPLUS,509,27,1,1,26,8,34,0,0,34,0,502,3,8,1,514,SYNTHETIC_SPATIAL_IMBALANCE_V2
2026-03-04,D01_PHU_MY,MEDLOG Phu My ICD,40GP,SURPLUS,502,27,1,0,12,5,17,0,0,17,0,511,4,3,1,519,SYNTHETIC_SPATIAL_IMBALANCE_V2
2026-03-05,D01_PHU_MY,MEDLOG Phu My ICD,40GP,SURPLUS,511,32,1,0,23,10,33,0,0,33,0,509,5,4,1,519,SYNTHETIC_SPATIAL_IMBALANCE_V2
2026-03-06,D01_PHU_MY,MEDLOG Phu My ICD,40GP,SURPLUS,509,33,1,1,19,3,22,0,0,22,0,520,5,5,1,531,SYNTHETIC_SPATIAL_IMBALANCE_V2
2026-03-07,D01_PHU_MY,MEDLOG Phu My ICD,40GP,SURPLUS,520,24,1,3,15,4,19,0,0,19,0,527,3,2,1,533,SYNTHETIC_SPATIAL_IMBALANCE_V2
2026-03-08,D01_PHU_MY,MEDLOG Phu My ICD,40GP,SURPLUS,527,23,1,3,13,5,18,0,0,18,0,534,1,4,1,540,SYNTHETIC_SPATIAL_IMBALANCE_V2
2026-03-09,D01_PHU_MY,MEDLOG Phu My ICD,40GP,SURPLUS,534,43,2,0,14,5,19,0,0,19,0,556,3,3,1,563,SYNTHETIC_SPATIAL_IMBALANCE_V2
2026-03-10,D01_PHU_MY,MEDLOG Phu My ICD,40GP,SURPLUS,556,44,2,0,26,13,39,0,0,39,0,559,5,4,1,569,SYNTHETIC_SPATIAL_IMBALANCE_V2
2026-03-11,D01_PHU_MY,MEDLOG Phu My ICD,40GP,SURPLUS,559,32,1,3,21,3,24,0,0,24,0,569,3,4,1,577,SYNTHETIC_SPATIAL_IMBALANCE_V2
2026-03-12,D01_PHU_MY,MEDLOG Phu My ICD,40GP,SURPLUS,569,41,2,0,27,6,33,0,0,33,0,575,5,6,1,587,SYNTHETIC_SPATIAL_IMBALANCE_V2
2026-03-13,D01_PHU_MY,MEDLOG Phu My ICD,40GP,SURPLUS,575,29,1,2,22,5,27,0,0,27,0,578,4,6,1,589,SYNTHETIC_SPATIAL_IMBALANCE_V2
2026-03-14,D01_PHU_MY,MEDLOG Phu My ICD,40GP,SURPLUS,578,34,2,1,15,5,20,0,0,20,0,591,5,3,1,600,SYNTHETIC_SPATIAL_IMBALANCE_V2
2026-03-15,D01_PHU_MY,MEDLOG Phu My ICD,40GP,SURPLUS,591,25,1,2,14,3,17,0,0,17,0,600,4,3,1,608,SYNTHETIC_SPATIAL_IMBALANCE_V2
2026-03-16,D01_PHU_MY,MEDLOG Phu My ICD,40GP,SURPLUS,600,41,2,0,24,8,32,0,0,32,0,607,6,5,1,619,SYNTHETIC_SPATIAL_IMBALANCE_V2
2026-03-17,D01_PHU_MY,MEDLOG Phu My ICD,40GP,SURPLUS,607,20,1,0,10,3,13,0,0,13,0,613,7,2,1,623,SYNTHETIC_SPATIAL_IMBALANCE_V2
2026-03-18,D01_PHU_MY,MEDLOG Phu My ICD,40GP,SURPLUS,613,28,1,3,26,3,29,0,0,29,0,614,5,7,1,627,SYNTHETIC_SPATIAL_IMBALANCE_V2
2026-03-19,D01_PHU_MY,MEDLOG Phu My ICD,40GP,SURPLUS,614,41,2,1,14,7,21,0,0,21,0,633,6,4,1,644,SYNTHETIC_SPATIAL_IMBALANCE_V2
2026-03-20,D01_PHU_MY,MEDLOG Phu My ICD,40GP,SURPLUS,633,42,2,0,16,6,22,0,0,22,0,651,8,3,1,663,SYNTHETIC_SPATIAL_IMBALANCE_V2
2026-03-21,D01_PHU_MY,MEDLOG Phu My ICD,40GP,SURPLUS,651,19,1,3,11,6,17,0,0,17,0,655,6,3,1,665,SYNTHETIC_SPATIAL_IMBALANCE_V2
2026-03-22,D01_PHU_MY,MEDLOG Phu My ICD,40GP,SURPLUS,655,20,1,2,14,4,18,0,0,18,0,658,5,3,1,667,SYNTHETIC_SPATIAL_IMBALANCE_V2
2026-03-23,D01_PHU_MY,MEDLOG Phu My ICD,40GP,SURPLUS,658,29,1,2,17,2,19,0,0,19,0,669,4,4,1,678,SYNTHETIC_SPATIAL_IMBALANCE_V2
2026-03-24,D01_PHU_MY,MEDLOG Phu My ICD,40GP,SURPLUS,669,33,1,1,15,2,17,0,0,17,0,685,4,4,1,694,SYNTHETIC_SPATIAL_IMBALANCE_V2
2026-03-25,D01_PHU_MY,MEDLOG Phu My ICD,40GP,SURPLUS,685,20,1,0,24,8,32,0,0,32,0,672,5,6,1,684,SYNTHETIC_SPATIAL_IMBALANCE_V2
2026-03-26,D01_PHU_MY,MEDLOG Phu My ICD,40GP,SURPLUS,672,41,2,0,12,6,18,0,0,18,0,693,7,3,1,704,SYNTHETIC_SPATIAL_IMBALANCE_V2
2026-03-27,D01_PHU_MY,MEDLOG Phu My ICD,40GP,SURPLUS,693,23,1,2,12,2,14,0,0,14,0,703,6,2,1,712,SYNTHETIC_SPATIAL_IMBALANCE_V2
2026-03-28,D01_PHU_MY,MEDLOG Phu My ICD,40GP,SURPLUS,703,22,1,1,14,5,19,0,0,19,0,706,6,4,1,717,SYNTHETIC_SPATIAL_IMBALANCE_V2
2026-03-29,D01_PHU_MY,MEDLOG Phu My ICD,40GP,SURPLUS,706,18,1,2,17,3,20,0,0,20,0,705,5,3,1,714,SYNTHETIC_SPATIAL_IMBALANCE_V2
2026-03-30,D01_PHU_MY,MEDLOG Phu My ICD,40GP,SURPLUS,705,28,1,2,13,3,16,0,0,16,0,718,4,3,1,726,SYNTHETIC_SPATIAL_IMBALANCE_V2
2026-03-31,D01_PHU_MY,MEDLOG Phu My ICD,40GP,SURPLUS,718,31,1,1,23,5,28,0,0,28,0,721,4,5,1,731,SYNTHETIC_SPATIAL_IMBALANCE_V2
2026-01-01,D01_PHU_MY,MEDLOG Phu My ICD,40HC,DEFICIT,125,28,1,1,31,5,36,0,0,36,0,117,5,9,1,132,SYNTHETIC_SPATIAL_IMBALANCE_V2
2026-01-02,D01_PHU_MY,MEDLOG Phu My ICD,40HC,DEFICIT,117,35,1,2,27,4,31,0,0,31,0,122,4,5,1,132,SYNTHETIC_SPATIAL_IMBALANCE_V2
2026-01-03,D01_PHU_MY,MEDLOG Phu My ICD,40HC,DEFICIT,122,29,1,0,23,5,28,0,0,28,0,122,5,5,1,133,SYNTHETIC_SPATIAL_IMBALANCE_V2
2026-01-04,D01_PHU_MY,MEDLOG Phu My ICD,40HC,DEFICIT,122,36,1,1,34,4,38,0,0,38,0,120,5,6,1,132,SYNTHETIC_SPATIAL_IMBALANCE_V2
2026-01-05,D01_PHU_MY,MEDLOG Phu My ICD,40HC,DEFICIT,120,31,1,1,25,6,31,0,0,31,0,120,5,7,1,133,SYNTHETIC_SPATIAL_IMBALANCE_V2
2026-01-06,D01_PHU_MY,MEDLOG Phu My ICD,40HC,DEFICIT,120,37,1,0,32,9,41,0,0,41,0,115,6,7,1,129,SYNTHETIC_SPATIAL_IMBALANCE_V2
2026-01-07,D01_PHU_MY,MEDLOG Phu My ICD,40HC,DEFICIT,115,29,1,2,30,8,38,0,0,38,0,107,5,9,1,122,SYNTHETIC_SPATIAL_IMBALANCE_V2
2026-01-08,D01_PHU_MY,MEDLOG Phu My ICD,40HC,DEFICIT,107,24,1,1,26,8,34,0,0,34,0,97,5,6,1,109,SYNTHETIC_SPATIAL_IMBALANCE_V2
2026-01-09,D01_PHU_MY,MEDLOG Phu My ICD,40HC,DEFICIT,97,34,1,1,31,10,41,0,0,41,0,90,5,6,1,102,SYNTHETIC_SPATIAL_IMBALANCE_V2
2026-01-10,D01_PHU_MY,MEDLOG Phu My ICD,40HC,DEFICIT,90,25,1,5,23,3,26,0,0,26,0,93,1,4,1,99,SYNTHETIC_SPATIAL_IMBALANCE_V2
2026-01-11,D01_PHU_MY,MEDLOG Phu My ICD,40HC,DEFICIT,93,20,1,1,22,11,33,0,0,33,0,80,1,4,1,86,SYNTHETIC_SPATIAL_IMBALANCE_V2
2026-01-12,D01_PHU_MY,MEDLOG Phu My ICD,40HC,DEFICIT,80,33,1,0,20,6,26,0,0,26,0,86,2,4,1,93,SYNTHETIC_SPATIAL_IMBALANCE_V2
2026-01-13,D01_PHU_MY,MEDLOG Phu My ICD,40HC,DEFICIT,86,32,1,0,29,5,34,0,0,34,0,83,3,8,1,95,SYNTHETIC_SPATIAL_IMBALANCE_V2
2026-01-14,D01_PHU_MY,MEDLOG Phu My ICD,40HC,DEFICIT,83,25,1,0,21,11,32,0,0,32,0,75,4,5,1,85,SYNTHETIC_SPATIAL_IMBALANCE_V2
2026-01-15,D01_PHU_MY,MEDLOG Phu My ICD,40HC,DEFICIT,75,32,1,1,34,5,39,0,0,39,0,68,4,5,1,78,SYNTHETIC_SPATIAL_IMBALANCE_V2
2026-01-16,D01_PHU_MY,MEDLOG Phu My ICD,40HC,DEFICIT,68,19,1,0,27,7,34,0,0,34,0,52,5,5,1,63,SYNTHETIC_SPATIAL_IMBALANCE_V2
2026-01-17,D01_PHU_MY,MEDLOG Phu My ICD,40HC,DEFICIT,52,25,1,3,26,9,35,0,0,35,0,44,3,5,1,53,SYNTHETIC_SPATIAL_IMBALANCE_V2
2026-01-18,D01_PHU_MY,MEDLOG Phu My ICD,40HC,DEFICIT,44,10,0,0,21,4,25,0,0,25,0,29,3,3,1,36,SYNTHETIC_SPATIAL_IMBALANCE_V2
2026-01-19,D01_PHU_MY,MEDLOG Phu My ICD,40HC,DEFICIT,29,19,1,1,26,3,29,0,0,29,0,19,3,5,1,28,SYNTHETIC_SPATIAL_IMBALANCE_V2
2026-01-20,D01_PHU_MY,MEDLOG Phu My ICD,40HC,DEFICIT,19,26,1,2,24,12,36,0,0,36,0,10,2,5,1,18,SYNTHETIC_SPATIAL_IMBALANCE_V2
2026-01-21,D01_PHU_MY,MEDLOG Phu My ICD,40HC,DEFICIT,10,31,1,0,28,8,36,0,0,36,0,4,3,6,1,14,SYNTHETIC_SPATIAL_IMBALANCE_V2
2026-01-22,D01_PHU_MY,MEDLOG Phu My ICD,40HC,DEFICIT,4,19,1,0,27,10,37,0,0,22,15,0,4,4,1,9,SYNTHETIC_SPATIAL_IMBALANCE_V2
2026-01-23,D01_PHU_MY,MEDLOG Phu My ICD,40HC,DEFICIT,0,28,1,0,26,12,38,0,0,27,11,0,5,5,1,11,SYNTHETIC_SPATIAL_IMBALANCE_V2
2026-01-24,D01_PHU_MY,MEDLOG Phu My ICD,40HC,DEFICIT,0,23,1,0,19,7,26,0,0,22,4,0,6,4,1,11,SYNTHETIC_SPATIAL_IMBALANCE_V2
2026-01-25,D01_PHU_MY,MEDLOG Phu My ICD,40HC,DEFICIT,0,20,1,2,14,5,19,0,0,19,0,2,5,3,1,11,SYNTHETIC_SPATIAL_IMBALANCE_V2
2026-01-26,D01_PHU_MY,MEDLOG Phu My ICD,40HC,DEFICIT,2,27,1,2,26,10,36,0,0,30,6,0,4,6,1,11,SYNTHETIC_SPATIAL_IMBALANCE_V2
2026-01-27,D01_PHU_MY,MEDLOG Phu My ICD,40HC,DEFICIT,0,21,1,0,29,14,43,0,0,20,23,0,5,8,1,14,SYNTHETIC_SPATIAL_IMBALANCE_V2
2026-01-28,D01_PHU_MY,MEDLOG Phu My ICD,40HC,DEFICIT,0,33,1,2,29,13,42,0,0,34,8,0,4,5,1,10,SYNTHETIC_SPATIAL_IMBALANCE_V2
2026-01-29,D01_PHU_MY,MEDLOG Phu My ICD,40HC,DEFICIT,0,33,1,1,19,7,26,0,0,26,0,7,4,3,1,15,SYNTHETIC_SPATIAL_IMBALANCE_V2
2026-01-30,D01_PHU_MY,MEDLOG Phu My ICD,40HC,DEFICIT,7,27,1,2,27,4,31,0,0,31,0,4,3,8,1,16,SYNTHETIC_SPATIAL_IMBALANCE_V2
2026-01-31,D01_PHU_MY,MEDLOG Phu My ICD,40HC,DEFICIT,4,32,1,0,16,6,22,0,0,22,0,13,4,3,1,21,SYNTHETIC_SPATIAL_IMBALANCE_V2
2026-02-01,D01_PHU_MY,MEDLOG Phu My ICD,40HC,DEFICIT,13,28,1,0,16,6,22,0,0,22,0,18,5,4,1,28,SYNTHETIC_SPATIAL_IMBALANCE_V2
2026-02-02,D01_PHU_MY,MEDLOG Phu My ICD,40HC,DEFICIT,18,31,1,2,26,9,35,0,0,35,0,15,4,7,1,27,SYNTHETIC_SPATIAL_IMBALANCE_V2
2026-02-03,D01_PHU_MY,MEDLOG Phu My ICD,40HC,DEFICIT,15,32,1,1,34,11,45,0,0,45,0,2,4,9,1,16,SYNTHETIC_SPATIAL_IMBALANCE_V2
2026-02-04,D01_PHU_MY,MEDLOG Phu My ICD,40HC,DEFICIT,2,36,1,2,29,9,38,0,0,38,0,1,3,7,1,12,SYNTHETIC_SPATIAL_IMBALANCE_V2
2026-02-05,D01_PHU_MY,MEDLOG Phu My ICD,40HC,DEFICIT,1,43,2,0,24,4,28,0,0,28,0,14,5,4,1,24,SYNTHETIC_SPATIAL_IMBALANCE_V2
2026-02-06,D01_PHU_MY,MEDLOG Phu My ICD,40HC,DEFICIT,14,24,1,1,31,8,39,0,0,38,1,0,5,5,1,11,SYNTHETIC_SPATIAL_IMBALANCE_V2
2026-02-07,D01_PHU_MY,MEDLOG Phu My ICD,40HC,DEFICIT,0,24,1,0,19,10,29,0,0,23,6,0,6,4,1,11,SYNTHETIC_SPATIAL_IMBALANCE_V2
2026-02-08,D01_PHU_MY,MEDLOG Phu My ICD,40HC,DEFICIT,0,19,1,0,24,5,29,0,0,18,11,0,7,7,1,15,SYNTHETIC_SPATIAL_IMBALANCE_V2
2026-02-09,D01_PHU_MY,MEDLOG Phu My ICD,40HC,DEFICIT,0,28,1,0,30,12,42,0,0,27,15,0,8,8,1,17,SYNTHETIC_SPATIAL_IMBALANCE_V2
2026-02-10,D01_PHU_MY,MEDLOG Phu My ICD,40HC,DEFICIT,0,36,1,0,33,15,48,0,0,35,13,0,9,10,1,20,SYNTHETIC_SPATIAL_IMBALANCE_V2
2026-02-11,D01_PHU_MY,MEDLOG Phu My ICD,40HC,DEFICIT,0,35,1,2,29,15,44,0,0,36,8,0,8,7,1,16,SYNTHETIC_SPATIAL_IMBALANCE_V2
2026-02-12,D01_PHU_MY,MEDLOG Phu My ICD,40HC,DEFICIT,0,46,2,1,31,14,45,0,0,45,0,0,9,8,1,18,SYNTHETIC_SPATIAL_IMBALANCE_V2
2026-02-13,D01_PHU_MY,MEDLOG Phu My ICD,40HC,DEFICIT,0,36,1,4,40,7,47,0,0,39,8,0,6,7,1,14,SYNTHETIC_SPATIAL_IMBALANCE_V2
2026-02-14,D01_PHU_MY,MEDLOG Phu My ICD,40HC,DEFICIT,0,17,1,2,27,7,34,0,0,18,16,0,5,6,1,12,SYNTHETIC_SPATIAL_IMBALANCE_V2
2026-02-15,D01_PHU_MY,MEDLOG Phu My ICD,40HC,DEFICIT,0,21,1,1,20,3,23,0,0,21,2,0,5,3,1,9,SYNTHETIC_SPATIAL_IMBALANCE_V2
2026-02-16,D01_PHU_MY,MEDLOG Phu My ICD,40HC,DEFICIT,0,30,1,4,26,12,38,0,0,33,5,0,2,7,1,10,SYNTHETIC_SPATIAL_IMBALANCE_V2
2026-02-17,D01_PHU_MY,MEDLOG Phu My ICD,40HC,DEFICIT,0,26,1,0,33,9,42,0,0,25,17,0,3,7,1,11,SYNTHETIC_SPATIAL_IMBALANCE_V2
2026-02-18,D01_PHU_MY,MEDLOG Phu My ICD,40HC,DEFICIT,0,25,1,1,14,8,22,0,0,22,0,3,3,2,1,9,SYNTHETIC_SPATIAL_IMBALANCE_V2
2026-02-19,D01_PHU_MY,MEDLOG Phu My ICD,40HC,DEFICIT,3,32,1,1,25,10,35,0,0,35,0,0,3,5,1,9,SYNTHETIC_SPATIAL_IMBALANCE_V2
2026-02-20,D01_PHU_MY,MEDLOG Phu My ICD,40HC,DEFICIT,0,36,1,0,34,9,43,0,0,35,8,0,4,5,1,10,SYNTHETIC_SPATIAL_IMBALANCE_V2
2026-02-21,D01_PHU_MY,MEDLOG Phu My ICD,40HC,DEFICIT,0,27,1,2,29,11,40,0,0,28,12,0,3,4,1,8,SYNTHETIC_SPATIAL_IMBALANCE_V2
2026-02-22,D01_PHU_MY,MEDLOG Phu My ICD,40HC,DEFICIT,0,17,1,2,18,7,25,0,0,18,7,0,2,3,1,6,SYNTHETIC_SPATIAL_IMBALANCE_V2
2026-02-23,D01_PHU_MY,MEDLOG Phu My ICD,40HC,DEFICIT,0,26,1,0,31,9,40,0,0,25,15,0,3,7,1,11,SYNTHETIC_SPATIAL_IMBALANCE_V2
2026-02-24,D01_PHU_MY,MEDLOG Phu My ICD,40HC,DEFICIT,0,23,1,0,26,6,32,0,0,22,10,0,4,5,1,10,SYNTHETIC_SPATIAL_IMBALANCE_V2
2026-02-25,D01_PHU_MY,MEDLOG Phu My ICD,40HC,DEFICIT,0,26,1,0,32,8,40,0,0,25,15,0,5,8,1,14,SYNTHETIC_SPATIAL_IMBALANCE_V2
2026-02-26,D01_PHU_MY,MEDLOG Phu My ICD,40HC,DEFICIT,0,33,1,2,27,6,33,0,0,33,0,1,4,5,1,11,SYNTHETIC_SPATIAL_IMBALANCE_V2
2026-02-27,D01_PHU_MY,MEDLOG Phu My ICD,40HC,DEFICIT,1,30,1,0,25,8,33,0,0,30,3,0,5,5,1,11,SYNTHETIC_SPATIAL_IMBALANCE_V2
2026-02-28,D01_PHU_MY,MEDLOG Phu My ICD,40HC,DEFICIT,0,22,1,2,23,7,30,0,0,23,7,0,4,3,1,8,SYNTHETIC_SPATIAL_IMBALANCE_V2
2026-03-01,D01_PHU_MY,MEDLOG Phu My ICD,40HC,DEFICIT,0,23,1,3,23,9,32,0,0,25,7,0,2,5,1,8,SYNTHETIC_SPATIAL_IMBALANCE_V2
2026-03-02,D01_PHU_MY,MEDLOG Phu My ICD,40HC,DEFICIT,0,35,1,0,26,4,30,0,0,30,0,4,3,6,1,14,SYNTHETIC_SPATIAL_IMBALANCE_V2
2026-03-03,D01_PHU_MY,MEDLOG Phu My ICD,40HC,DEFICIT,4,33,1,1,25,6,31,0,0,31,0,6,3,5,1,15,SYNTHETIC_SPATIAL_IMBALANCE_V2
2026-03-04,D01_PHU_MY,MEDLOG Phu My ICD,40HC,DEFICIT,6,24,1,0,25,13,38,0,0,29,9,0,4,5,1,10,SYNTHETIC_SPATIAL_IMBALANCE_V2
2026-03-05,D01_PHU_MY,MEDLOG Phu My ICD,40HC,DEFICIT,0,38,2,1,26,14,40,0,0,37,3,0,5,6,1,12,SYNTHETIC_SPATIAL_IMBALANCE_V2
2026-03-06,D01_PHU_MY,MEDLOG Phu My ICD,40HC,DEFICIT,0,39,2,1,28,10,38,0,0,38,0,0,6,7,1,14,SYNTHETIC_SPATIAL_IMBALANCE_V2
2026-03-07,D01_PHU_MY,MEDLOG Phu My ICD,40HC,DEFICIT,0,30,1,3,21,9,30,0,0,30,0,2,4,4,1,11,SYNTHETIC_SPATIAL_IMBALANCE_V2
2026-03-08,D01_PHU_MY,MEDLOG Phu My ICD,40HC,DEFICIT,2,21,1,3,23,4,27,0,0,25,2,0,2,5,1,8,SYNTHETIC_SPATIAL_IMBALANCE_V2
2026-03-09,D01_PHU_MY,MEDLOG Phu My ICD,40HC,DEFICIT,0,33,1,0,24,4,28,0,0,28,0,4,3,4,1,12,SYNTHETIC_SPATIAL_IMBALANCE_V2
2026-03-10,D01_PHU_MY,MEDLOG Phu My ICD,40HC,DEFICIT,4,34,1,1,26,11,37,0,0,37,0,1,3,8,1,13,SYNTHETIC_SPATIAL_IMBALANCE_V2
2026-03-11,D01_PHU_MY,MEDLOG Phu My ICD,40HC,DEFICIT,1,29,1,1,18,8,26,0,0,26,0,4,3,4,1,12,SYNTHETIC_SPATIAL_IMBALANCE_V2
2026-03-12,D01_PHU_MY,MEDLOG Phu My ICD,40HC,DEFICIT,4,39,2,0,36,5,41,0,0,41,0,0,5,7,1,13,SYNTHETIC_SPATIAL_IMBALANCE_V2
2026-03-13,D01_PHU_MY,MEDLOG Phu My ICD,40HC,DEFICIT,0,36,1,2,33,9,42,0,0,37,5,0,4,10,1,15,SYNTHETIC_SPATIAL_IMBALANCE_V2
2026-03-14,D01_PHU_MY,MEDLOG Phu My ICD,40HC,DEFICIT,0,28,1,0,24,10,34,0,0,27,7,0,5,5,1,11,SYNTHETIC_SPATIAL_IMBALANCE_V2
2026-03-15,D01_PHU_MY,MEDLOG Phu My ICD,40HC,DEFICIT,0,24,1,1,19,8,27,0,0,24,3,0,5,4,1,10,SYNTHETIC_SPATIAL_IMBALANCE_V2
2026-03-16,D01_PHU_MY,MEDLOG Phu My ICD,40HC,DEFICIT,0,32,1,0,31,11,42,0,0,31,11,0,6,5,1,12,SYNTHETIC_SPATIAL_IMBALANCE_V2
2026-03-17,D01_PHU_MY,MEDLOG Phu My ICD,40HC,DEFICIT,0,29,1,2,25,11,36,0,0,30,6,0,5,4,1,10,SYNTHETIC_SPATIAL_IMBALANCE_V2
2026-03-18,D01_PHU_MY,MEDLOG Phu My ICD,40HC,DEFICIT,0,31,1,2,26,12,38,0,0,32,6,0,4,4,1,9,SYNTHETIC_SPATIAL_IMBALANCE_V2
2026-03-19,D01_PHU_MY,MEDLOG Phu My ICD,40HC,DEFICIT,0,45,2,1,35,9,44,0,0,44,0,0,5,8,1,14,SYNTHETIC_SPATIAL_IMBALANCE_V2
2026-03-20,D01_PHU_MY,MEDLOG Phu My ICD,40HC,DEFICIT,0,40,2,3,29,6,35,0,0,35,0,6,4,6,1,17,SYNTHETIC_SPATIAL_IMBALANCE_V2
2026-03-21,D01_PHU_MY,MEDLOG Phu My ICD,40HC,DEFICIT,6,18,1,1,20,10,30,0,0,24,6,0,4,6,1,11,SYNTHETIC_SPATIAL_IMBALANCE_V2
2026-03-22,D01_PHU_MY,MEDLOG Phu My ICD,40HC,DEFICIT,0,23,1,2,20,4,24,0,0,24,0,0,3,4,1,8,SYNTHETIC_SPATIAL_IMBALANCE_V2
2026-03-23,D01_PHU_MY,MEDLOG Phu My ICD,40HC,DEFICIT,0,27,1,1,29,4,33,0,0,27,6,0,3,8,1,12,SYNTHETIC_SPATIAL_IMBALANCE_V2
2026-03-24,D01_PHU_MY,MEDLOG Phu My ICD,40HC,DEFICIT,0,22,1,1,29,3,32,0,0,22,10,0,3,5,1,9,SYNTHETIC_SPATIAL_IMBALANCE_V2
2026-03-25,D01_PHU_MY,MEDLOG Phu My ICD,40HC,DEFICIT,0,41,2,1,22,10,32,0,0,32,0,8,4,6,1,19,SYNTHETIC_SPATIAL_IMBALANCE_V2
2026-03-26,D01_PHU_MY,MEDLOG Phu My ICD,40HC,DEFICIT,8,24,1,1,19,10,29,0,0,29,0,3,4,4,1,12,SYNTHETIC_SPATIAL_IMBALANCE_V2
2026-03-27,D01_PHU_MY,MEDLOG Phu My ICD,40HC,DEFICIT,3,27,1,0,19,9,28,0,0,28,0,1,5,4,1,11,SYNTHETIC_SPATIAL_IMBALANCE_V2
2026-03-28,D01_PHU_MY,MEDLOG Phu My ICD,40HC,DEFICIT,1,34,1,3,22,8,30,0,0,30,0,7,3,5,1,16,SYNTHETIC_SPATIAL_IMBALANCE_V2
2026-03-29,D01_PHU_MY,MEDLOG Phu My ICD,40HC,DEFICIT,7,24,1,1,24,5,29,0,0,29,0,2,3,4,1,10,SYNTHETIC_SPATIAL_IMBALANCE_V2
2026-03-30,D01_PHU_MY,MEDLOG Phu My ICD,40HC,DEFICIT,2,21,1,1,34,4,38,0,0,23,15,0,3,6,1,10,SYNTHETIC_SPATIAL_IMBALANCE_V2
2026-03-31,D01_PHU_MY,MEDLOG Phu My ICD,40HC,DEFICIT,0,23,1,1,44,5,49,0,0,23,26,0,3,8,1,12,SYNTHETIC_SPATIAL_IMBALANCE_V2
2026-01-01,D02_CAI_MEP,ICD Cai Mep,20GP,BALANCED,100,25,1,0,25,4,29,0,0,29,0,95,6,7,1,109,SYNTHETIC_SPATIAL_IMBALANCE_V2
2026-01-02,D02_CAI_MEP,ICD Cai Mep,20GP,BALANCED,95,38,2,1,26,3,29,0,0,29,0,103,7,4,1,115,SYNTHETIC_SPATIAL_IMBALANCE_V2
2026-01-03,D02_CAI_MEP,ICD Cai Mep,20GP,BALANCED,103,16,1,3,25,9,34,0,0,34,0,87,5,4,1,97,SYNTHETIC_SPATIAL_IMBALANCE_V2
2026-01-04,D02_CAI_MEP,ICD Cai Mep,20GP,BALANCED,87,7,0,1,9,2,11,0,0,11,0,84,4,2,1,91,SYNTHETIC_SPATIAL_IMBALANCE_V2
2026-01-05,D02_CAI_MEP,ICD Cai Mep,20GP,BALANCED,84,21,1,1,20,6,26,0,0,26,0,79,4,3,1,87,SYNTHETIC_SPATIAL_IMBALANCE_V2
2026-01-06,D02_CAI_MEP,ICD Cai Mep,20GP,BALANCED,79,22,1,1,18,7,25,0,0,25,0,76,4,5,1,86,SYNTHETIC_SPATIAL_IMBALANCE_V2
2026-01-07,D02_CAI_MEP,ICD Cai Mep,20GP,BALANCED,76,18,1,0,16,6,22,0,0,22,0,71,5,5,1,82,SYNTHETIC_SPATIAL_IMBALANCE_V2
2026-01-08,D02_CAI_MEP,ICD Cai Mep,20GP,BALANCED,71,28,1,0,22,5,27,0,0,27,0,71,6,4,1,82,SYNTHETIC_SPATIAL_IMBALANCE_V2
2026-01-09,D02_CAI_MEP,ICD Cai Mep,20GP,BALANCED,71,41,2,1,19,3,22,0,0,22,0,89,7,5,1,102,SYNTHETIC_SPATIAL_IMBALANCE_V2
2026-01-10,D02_CAI_MEP,ICD Cai Mep,20GP,BALANCED,89,19,1,2,14,2,16,0,0,16,0,93,6,4,1,104,SYNTHETIC_SPATIAL_IMBALANCE_V2
2026-01-11,D02_CAI_MEP,ICD Cai Mep,20GP,BALANCED,93,10,0,2,18,2,20,0,0,20,0,85,4,4,1,94,SYNTHETIC_SPATIAL_IMBALANCE_V2
2026-01-12,D02_CAI_MEP,ICD Cai Mep,20GP,BALANCED,85,24,1,1,16,7,23,0,0,23,0,86,4,3,1,94,SYNTHETIC_SPATIAL_IMBALANCE_V2
2026-01-13,D02_CAI_MEP,ICD Cai Mep,20GP,BALANCED,86,16,1,1,21,3,24,0,0,24,0,78,4,4,1,87,SYNTHETIC_SPATIAL_IMBALANCE_V2
2026-01-14,D02_CAI_MEP,ICD Cai Mep,20GP,BALANCED,78,24,1,2,21,3,24,0,0,24,0,79,3,4,1,87,SYNTHETIC_SPATIAL_IMBALANCE_V2
2026-01-15,D02_CAI_MEP,ICD Cai Mep,20GP,BALANCED,79,16,1,2,18,6,24,0,0,24,0,72,2,4,1,79,SYNTHETIC_SPATIAL_IMBALANCE_V2
2026-01-16,D02_CAI_MEP,ICD Cai Mep,20GP,BALANCED,72,26,1,0,20,6,26,0,0,26,0,71,3,5,1,80,SYNTHETIC_SPATIAL_IMBALANCE_V2
2026-01-17,D02_CAI_MEP,ICD Cai Mep,20GP,BALANCED,71,16,1,1,11,2,13,0,0,13,0,74,3,3,1,81,SYNTHETIC_SPATIAL_IMBALANCE_V2
2026-01-18,D02_CAI_MEP,ICD Cai Mep,20GP,BALANCED,74,15,1,0,7,1,8,0,0,8,0,80,4,2,1,87,SYNTHETIC_SPATIAL_IMBALANCE_V2
2026-01-19,D02_CAI_MEP,ICD Cai Mep,20GP,BALANCED,80,26,1,0,11,5,16,0,0,16,0,89,5,2,1,97,SYNTHETIC_SPATIAL_IMBALANCE_V2
2026-01-20,D02_CAI_MEP,ICD Cai Mep,20GP,BALANCED,89,17,1,2,16,7,23,0,0,23,0,84,4,3,1,92,SYNTHETIC_SPATIAL_IMBALANCE_V2
2026-01-21,D02_CAI_MEP,ICD Cai Mep,20GP,BALANCED,84,25,1,1,19,8,27,0,0,27,0,82,4,5,1,92,SYNTHETIC_SPATIAL_IMBALANCE_V2
2026-01-22,D02_CAI_MEP,ICD Cai Mep,20GP,BALANCED,82,16,1,1,14,4,18,0,0,18,0,80,4,3,1,88,SYNTHETIC_SPATIAL_IMBALANCE_V2
2026-01-23,D02_CAI_MEP,ICD Cai Mep,20GP,BALANCED,80,28,1,0,18,2,20,0,0,20,0,87,5,4,1,97,SYNTHETIC_SPATIAL_IMBALANCE_V2
2026-01-24,D02_CAI_MEP,ICD Cai Mep,20GP,BALANCED,87,14,1,2,21,4,25,0,0,25,0,77,4,4,1,86,SYNTHETIC_SPATIAL_IMBALANCE_V2
2026-01-25,D02_CAI_MEP,ICD Cai Mep,20GP,BALANCED,77,6,0,2,15,4,19,0,0,19,0,66,2,4,1,73,SYNTHETIC_SPATIAL_IMBALANCE_V2
2026-01-26,D02_CAI_MEP,ICD Cai Mep,20GP,BALANCED,66,20,1,0,25,4,29,0,0,29,0,56,3,7,1,67,SYNTHETIC_SPATIAL_IMBALANCE_V2
2026-01-27,D02_CAI_MEP,ICD Cai Mep,20GP,BALANCED,56,25,1,2,17,6,23,0,0,23,0,59,2,5,1,67,SYNTHETIC_SPATIAL_IMBALANCE_V2
2026-01-28,D02_CAI_MEP,ICD Cai Mep,20GP,BALANCED,59,21,1,1,17,4,21,0,0,21,0,59,2,4,1,66,SYNTHETIC_SPATIAL_IMBALANCE_V2
2026-01-29,D02_CAI_MEP,ICD Cai Mep,20GP,BALANCED,59,33,2,0,15,7,22,0,0,22,0,68,4,4,1,77,SYNTHETIC_SPATIAL_IMBALANCE_V2
2026-01-30,D02_CAI_MEP,ICD Cai Mep,20GP,BALANCED,68,23,1,2,23,4,27,0,0,27,0,65,3,4,1,73,SYNTHETIC_SPATIAL_IMBALANCE_V2
2026-01-31,D02_CAI_MEP,ICD Cai Mep,20GP,BALANCED,65,27,1,1,15,6,21,0,0,21,0,71,3,4,1,79,SYNTHETIC_SPATIAL_IMBALANCE_V2
2026-02-01,D02_CAI_MEP,ICD Cai Mep,20GP,BALANCED,71,18,1,0,11,4,15,0,0,15,0,73,4,3,1,81,SYNTHETIC_SPATIAL_IMBALANCE_V2
2026-02-02,D02_CAI_MEP,ICD Cai Mep,20GP,BALANCED,73,20,1,2,14,4,18,0,0,18,0,76,3,2,1,82,SYNTHETIC_SPATIAL_IMBALANCE_V2
2026-02-03,D02_CAI_MEP,ICD Cai Mep,20GP,BALANCED,76,30,2,1,20,10,30,0,0,30,0,75,4,6,1,86,SYNTHETIC_SPATIAL_IMBALANCE_V2
2026-02-04,D02_CAI_MEP,ICD Cai Mep,20GP,BALANCED,75,26,1,1,19,7,26,0,0,26,0,75,4,4,1,84,SYNTHETIC_SPATIAL_IMBALANCE_V2
2026-02-05,D02_CAI_MEP,ICD Cai Mep,20GP,BALANCED,75,28,1,1,16,7,23,0,0,23,0,80,4,4,1,89,SYNTHETIC_SPATIAL_IMBALANCE_V2
2026-02-06,D02_CAI_MEP,ICD Cai Mep,20GP,BALANCED,80,18,1,2,17,6,23,0,0,23,0,76,3,3,1,83,SYNTHETIC_SPATIAL_IMBALANCE_V2
2026-02-07,D02_CAI_MEP,ICD Cai Mep,20GP,BALANCED,76,20,1,2,16,5,21,0,0,21,0,76,2,4,1,83,SYNTHETIC_SPATIAL_IMBALANCE_V2
2026-02-08,D02_CAI_MEP,ICD Cai Mep,20GP,BALANCED,76,14,1,0,7,4,11,0,0,11,0,78,3,2,1,84,SYNTHETIC_SPATIAL_IMBALANCE_V2
2026-02-09,D02_CAI_MEP,ICD Cai Mep,20GP,BALANCED,78,28,1,0,16,8,24,0,0,24,0,81,4,4,1,90,SYNTHETIC_SPATIAL_IMBALANCE_V2
2026-02-10,D02_CAI_MEP,ICD Cai Mep,20GP,BALANCED,81,24,1,1,17,7,24,0,0,24,0,81,4,3,1,89,SYNTHETIC_SPATIAL_IMBALANCE_V2
2026-02-11,D02_CAI_MEP,ICD Cai Mep,20GP,BALANCED,81,25,1,2,21,8,29,0,0,29,0,78,3,5,1,87,SYNTHETIC_SPATIAL_IMBALANCE_V2
2026-02-12,D02_CAI_MEP,ICD Cai Mep,20GP,BALANCED,78,27,1,0,21,10,31,0,0,31,0,73,4,4,1,82,SYNTHETIC_SPATIAL_IMBALANCE_V2
2026-02-13,D02_CAI_MEP,ICD Cai Mep,20GP,BALANCED,73,27,1,2,20,3,23,0,0,23,0,78,3,4,1,86,SYNTHETIC_SPATIAL_IMBALANCE_V2
2026-02-14,D02_CAI_MEP,ICD Cai Mep,20GP,BALANCED,78,24,1,0,17,4,21,0,0,21,0,80,4,3,1,88,SYNTHETIC_SPATIAL_IMBALANCE_V2
2026-02-15,D02_CAI_MEP,ICD Cai Mep,20GP,BALANCED,80,14,1,0,19,2,21,0,0,21,0,72,5,5,1,83,SYNTHETIC_SPATIAL_IMBALANCE_V2
2026-02-16,D02_CAI_MEP,ICD Cai Mep,20GP,BALANCED,72,28,1,1,22,9,31,0,0,31,0,69,5,6,1,81,SYNTHETIC_SPATIAL_IMBALANCE_V2
2026-02-17,D02_CAI_MEP,ICD Cai Mep,20GP,BALANCED,69,22,1,2,22,4,26,0,0,26,0,66,4,5,1,76,SYNTHETIC_SPATIAL_IMBALANCE_V2
2026-02-18,D02_CAI_MEP,ICD Cai Mep,20GP,BALANCED,66,21,1,2,20,9,29,0,0,29,0,59,3,5,1,68,SYNTHETIC_SPATIAL_IMBALANCE_V2
2026-02-19,D02_CAI_MEP,ICD Cai Mep,20GP,BALANCED,59,19,1,0,15,6,21,0,0,21,0,56,4,3,1,64,SYNTHETIC_SPATIAL_IMBALANCE_V2
2026-02-20,D02_CAI_MEP,ICD Cai Mep,20GP,BALANCED,56,22,1,1,22,6,28,0,0,28,0,50,4,5,1,60,SYNTHETIC_SPATIAL_IMBALANCE_V2
2026-02-21,D02_CAI_MEP,ICD Cai Mep,20GP,BALANCED,50,18,1,1,13,3,16,0,0,16,0,52,4,4,1,61,SYNTHETIC_SPATIAL_IMBALANCE_V2
2026-02-22,D02_CAI_MEP,ICD Cai Mep,20GP,BALANCED,52,16,1,1,12,4,16,0,0,16,0,52,4,4,1,61,SYNTHETIC_SPATIAL_IMBALANCE_V2
2026-02-23,D02_CAI_MEP,ICD Cai Mep,20GP,BALANCED,52,18,1,1,12,5,17,0,0,17,0,53,4,3,1,61,SYNTHETIC_SPATIAL_IMBALANCE_V2
2026-02-24,D02_CAI_MEP,ICD Cai Mep,20GP,BALANCED,53,19,1,2,16,6,22,0,0,22,0,51,3,4,1,59,SYNTHETIC_SPATIAL_IMBALANCE_V2
2026-02-25,D02_CAI_MEP,ICD Cai Mep,20GP,BALANCED,51,15,1,0,14,2,16,0,0,16,0,49,4,4,1,58,SYNTHETIC_SPATIAL_IMBALANCE_V2
2026-02-26,D02_CAI_MEP,ICD Cai Mep,20GP,BALANCED,49,29,1,0,15,4,19,0,0,19,0,58,5,3,1,67,SYNTHETIC_SPATIAL_IMBALANCE_V2
2026-02-27,D02_CAI_MEP,ICD Cai Mep,20GP,BALANCED,58,23,1,0,17,6,23,0,0,23,0,57,6,3,1,67,SYNTHETIC_SPATIAL_IMBALANCE_V2
2026-02-28,D02_CAI_MEP,ICD Cai Mep,20GP,BALANCED,57,20,1,1,11,1,12,0,0,12,0,65,6,2,1,74,SYNTHETIC_SPATIAL_IMBALANCE_V2
2026-03-01,D02_CAI_MEP,ICD Cai Mep,20GP,BALANCED,65,16,1,1,14,3,17,0,0,17,0,64,6,2,1,73,SYNTHETIC_SPATIAL_IMBALANCE_V2
2026-03-02,D02_CAI_MEP,ICD Cai Mep,20GP,BALANCED,64,25,1,1,17,8,25,0,0,25,0,64,6,4,1,75,SYNTHETIC_SPATIAL_IMBALANCE_V2
2026-03-03,D02_CAI_MEP,ICD Cai Mep,20GP,BALANCED,64,26,1,4,12,5,17,0,0,17,0,76,3,2,1,82,SYNTHETIC_SPATIAL_IMBALANCE_V2
2026-03-04,D02_CAI_MEP,ICD Cai Mep,20GP,BALANCED,76,29,1,1,15,8,23,0,0,23,0,82,3,4,1,90,SYNTHETIC_SPATIAL_IMBALANCE_V2
2026-03-05,D02_CAI_MEP,ICD Cai Mep,20GP,BALANCED,82,23,1,1,14,3,17,0,0,17,0,88,3,2,1,94,SYNTHETIC_SPATIAL_IMBALANCE_V2
2026-03-06,D02_CAI_MEP,ICD Cai Mep,20GP,BALANCED,88,24,1,0,18,6,24,0,0,24,0,87,4,4,1,96,SYNTHETIC_SPATIAL_IMBALANCE_V2
2026-03-07,D02_CAI_MEP,ICD Cai Mep,20GP,BALANCED,87,28,1,0,13,7,20,0,0,20,0,94,5,2,1,102,SYNTHETIC_SPATIAL_IMBALANCE_V2
2026-03-08,D02_CAI_MEP,ICD Cai Mep,20GP,BALANCED,94,17,1,1,11,3,14,0,0,14,0,97,5,3,1,106,SYNTHETIC_SPATIAL_IMBALANCE_V2
2026-03-09,D02_CAI_MEP,ICD Cai Mep,20GP,BALANCED,97,20,1,0,17,9,26,0,0,26,0,90,6,4,1,101,SYNTHETIC_SPATIAL_IMBALANCE_V2
2026-03-10,D02_CAI_MEP,ICD Cai Mep,20GP,BALANCED,90,32,2,0,19,5,24,0,0,24,0,96,8,3,1,108,SYNTHETIC_SPATIAL_IMBALANCE_V2
2026-03-11,D02_CAI_MEP,ICD Cai Mep,20GP,BALANCED,96,27,1,1,22,5,27,0,0,27,0,96,8,4,1,109,SYNTHETIC_SPATIAL_IMBALANCE_V2
2026-03-12,D02_CAI_MEP,ICD Cai Mep,20GP,BALANCED,96,35,2,2,19,3,22,0,0,22,0,109,8,5,1,123,SYNTHETIC_SPATIAL_IMBALANCE_V2
2026-03-13,D02_CAI_MEP,ICD Cai Mep,20GP,BALANCED,109,25,1,2,15,8,23,0,0,23,0,112,7,3,1,123,SYNTHETIC_SPATIAL_IMBALANCE_V2
2026-03-14,D02_CAI_MEP,ICD Cai Mep,20GP,BALANCED,112,24,1,2,15,2,17,0,0,17,0,120,6,3,1,130,SYNTHETIC_SPATIAL_IMBALANCE_V2
2026-03-15,D02_CAI_MEP,ICD Cai Mep,20GP,BALANCED,120,16,1,0,11,5,16,0,0,16,0,119,7,3,1,130,SYNTHETIC_SPATIAL_IMBALANCE_V2
2026-03-16,D02_CAI_MEP,ICD Cai Mep,20GP,BALANCED,119,20,1,1,15,7,22,0,0,22,0,117,7,3,1,128,SYNTHETIC_SPATIAL_IMBALANCE_V2
2026-03-17,D02_CAI_MEP,ICD Cai Mep,20GP,BALANCED,117,26,1,1,17,5,22,0,0,22,0,121,7,3,1,132,SYNTHETIC_SPATIAL_IMBALANCE_V2
2026-03-18,D02_CAI_MEP,ICD Cai Mep,20GP,BALANCED,121,23,1,3,12,2,14,0,0,14,0,132,5,3,1,141,SYNTHETIC_SPATIAL_IMBALANCE_V2
2026-03-19,D02_CAI_MEP,ICD Cai Mep,20GP,BALANCED,132,21,1,2,22,4,26,0,0,26,0,128,4,3,1,136,SYNTHETIC_SPATIAL_IMBALANCE_V2
2026-03-20,D02_CAI_MEP,ICD Cai Mep,20GP,BALANCED,128,17,1,1,18,3,21,0,0,21,0,124,4,5,1,134,SYNTHETIC_SPATIAL_IMBALANCE_V2
2026-03-21,D02_CAI_MEP,ICD Cai Mep,20GP,BALANCED,124,29,1,1,21,7,28,0,0,28,0,125,4,4,1,134,SYNTHETIC_SPATIAL_IMBALANCE_V2
2026-03-22,D02_CAI_MEP,ICD Cai Mep,20GP,BALANCED,125,9,0,2,8,4,12,0,0,12,0,124,2,1,1,128,SYNTHETIC_SPATIAL_IMBALANCE_V2
2026-03-23,D02_CAI_MEP,ICD Cai Mep,20GP,BALANCED,124,16,1,0,16,3,19,0,0,19,0,120,3,4,1,128,SYNTHETIC_SPATIAL_IMBALANCE_V2
2026-03-24,D02_CAI_MEP,ICD Cai Mep,20GP,BALANCED,120,25,1,0,20,3,23,0,0,23,0,121,4,4,1,130,SYNTHETIC_SPATIAL_IMBALANCE_V2
2026-03-25,D02_CAI_MEP,ICD Cai Mep,20GP,BALANCED,121,31,2,1,15,4,19,0,0,19,0,132,5,4,1,142,SYNTHETIC_SPATIAL_IMBALANCE_V2
2026-03-26,D02_CAI_MEP,ICD Cai Mep,20GP,BALANCED,132,19,1,0,14,2,16,0,0,16,0,134,6,4,1,145,SYNTHETIC_SPATIAL_IMBALANCE_V2
2026-03-27,D02_CAI_MEP,ICD Cai Mep,20GP,BALANCED,134,31,2,2,18,6,24,0,0,24,0,141,6,4,1,152,SYNTHETIC_SPATIAL_IMBALANCE_V2
2026-03-28,D02_CAI_MEP,ICD Cai Mep,20GP,BALANCED,141,22,1,0,13,4,17,0,0,17,0,145,7,4,1,157,SYNTHETIC_SPATIAL_IMBALANCE_V2
2026-03-29,D02_CAI_MEP,ICD Cai Mep,20GP,BALANCED,145,10,0,0,11,4,15,0,0,15,0,140,7,2,1,150,SYNTHETIC_SPATIAL_IMBALANCE_V2
2026-03-30,D02_CAI_MEP,ICD Cai Mep,20GP,BALANCED,140,17,1,2,12,6,18,0,0,18,0,140,6,4,1,151,SYNTHETIC_SPATIAL_IMBALANCE_V2
2026-03-31,D02_CAI_MEP,ICD Cai Mep,20GP,BALANCED,140,21,1,2,18,6,24,0,0,24,0,138,5,5,1,149,SYNTHETIC_SPATIAL_IMBALANCE_V2
2026-01-01,D02_CAI_MEP,ICD Cai Mep,40GP,DEFICIT,105,24,1,0,23,8,31,0,0,31,0,97,6,5,1,109,SYNTHETIC_SPATIAL_IMBALANCE_V2
2026-01-02,D02_CAI_MEP,ICD Cai Mep,40GP,DEFICIT,97,30,1,2,22,8,30,0,0,30,0,98,5,5,1,109,SYNTHETIC_SPATIAL_IMBALANCE_V2
2026-01-03,D02_CAI_MEP,ICD Cai Mep,40GP,DEFICIT,98,23,1,1,21,5,26,0,0,26,0,95,5,5,1,106,SYNTHETIC_SPATIAL_IMBALANCE_V2
2026-01-04,D02_CAI_MEP,ICD Cai Mep,40GP,DEFICIT,95,12,1,2,17,7,24,0,0,24,0,84,4,5,1,94,SYNTHETIC_SPATIAL_IMBALANCE_V2
2026-01-05,D02_CAI_MEP,ICD Cai Mep,40GP,DEFICIT,84,29,1,3,23,5,28,0,0,28,0,87,2,6,1,96,SYNTHETIC_SPATIAL_IMBALANCE_V2
2026-01-06,D02_CAI_MEP,ICD Cai Mep,40GP,DEFICIT,87,37,2,1,21,9,30,0,0,30,0,93,3,5,1,102,SYNTHETIC_SPATIAL_IMBALANCE_V2
2026-01-07,D02_CAI_MEP,ICD Cai Mep,40GP,DEFICIT,93,23,1,1,29,10,39,0,0,39,0,77,3,6,1,87,SYNTHETIC_SPATIAL_IMBALANCE_V2
2026-01-08,D02_CAI_MEP,ICD Cai Mep,40GP,DEFICIT,77,37,2,1,24,3,27,0,0,27,0,86,4,6,1,97,SYNTHETIC_SPATIAL_IMBALANCE_V2
2026-01-09,D02_CAI_MEP,ICD Cai Mep,40GP,DEFICIT,86,33,1,2,16,7,23,0,0,23,0,97,3,4,1,105,SYNTHETIC_SPATIAL_IMBALANCE_V2
2026-01-10,D02_CAI_MEP,ICD Cai Mep,40GP,DEFICIT,97,20,1,1,15,3,18,0,0,18,0,99,3,4,1,107,SYNTHETIC_SPATIAL_IMBALANCE_V2
2026-01-11,D02_CAI_MEP,ICD Cai Mep,40GP,DEFICIT,99,24,1,1,20,4,24,0,0,24,0,99,3,6,1,109,SYNTHETIC_SPATIAL_IMBALANCE_V2
2026-01-12,D02_CAI_MEP,ICD Cai Mep,40GP,DEFICIT,99,20,1,1,23,11,34,0,0,34,0,85,3,7,1,96,SYNTHETIC_SPATIAL_IMBALANCE_V2
2026-01-13,D02_CAI_MEP,ICD Cai Mep,40GP,DEFICIT,85,20,1,1,25,6,31,0,0,31,0,74,3,6,1,84,SYNTHETIC_SPATIAL_IMBALANCE_V2
2026-01-14,D02_CAI_MEP,ICD Cai Mep,40GP,DEFICIT,74,21,1,1,17,8,25,0,0,25,0,70,3,5,1,79,SYNTHETIC_SPATIAL_IMBALANCE_V2
2026-01-15,D02_CAI_MEP,ICD Cai Mep,40GP,DEFICIT,70,19,1,2,16,8,24,0,0,24,0,66,2,4,1,73,SYNTHETIC_SPATIAL_IMBALANCE_V2
2026-01-16,D02_CAI_MEP,ICD Cai Mep,40GP,DEFICIT,66,31,1,2,22,6,28,0,0,28,0,70,1,6,1,78,SYNTHETIC_SPATIAL_IMBALANCE_V2
2026-01-17,D02_CAI_MEP,ICD Cai Mep,40GP,DEFICIT,70,19,1,1,16,5,21,0,0,21,0,68,1,4,1,74,SYNTHETIC_SPATIAL_IMBALANCE_V2
2026-01-18,D02_CAI_MEP,ICD Cai Mep,40GP,DEFICIT,68,22,1,0,19,5,24,0,0,24,0,65,2,3,1,71,SYNTHETIC_SPATIAL_IMBALANCE_V2
2026-01-19,D02_CAI_MEP,ICD Cai Mep,40GP,DEFICIT,65,22,1,1,20,5,25,0,0,25,0,62,2,5,1,70,SYNTHETIC_SPATIAL_IMBALANCE_V2
2026-01-20,D02_CAI_MEP,ICD Cai Mep,40GP,DEFICIT,62,18,1,0,31,5,36,0,0,36,0,43,3,9,1,56,SYNTHETIC_SPATIAL_IMBALANCE_V2
2026-01-21,D02_CAI_MEP,ICD Cai Mep,40GP,DEFICIT,43,23,1,0,28,7,35,0,0,35,0,30,4,5,1,40,SYNTHETIC_SPATIAL_IMBALANCE_V2
2026-01-22,D02_CAI_MEP,ICD Cai Mep,40GP,DEFICIT,30,15,1,2,21,4,25,0,0,25,0,21,3,5,1,30,SYNTHETIC_SPATIAL_IMBALANCE_V2
2026-01-23,D02_CAI_MEP,ICD Cai Mep,40GP,DEFICIT,21,24,1,0,24,10,34,0,0,34,0,10,4,5,1,20,SYNTHETIC_SPATIAL_IMBALANCE_V2
2026-01-24,D02_CAI_MEP,ICD Cai Mep,40GP,DEFICIT,10,19,1,2,20,3,23,0,0,23,0,7,3,5,1,16,SYNTHETIC_SPATIAL_IMBALANCE_V2
2026-01-25,D02_CAI_MEP,ICD Cai Mep,40GP,DEFICIT,7,22,1,0,13,4,17,0,0,17,0,11,4,4,1,20,SYNTHETIC_SPATIAL_IMBALANCE_V2
2026-01-26,D02_CAI_MEP,ICD Cai Mep,40GP,DEFICIT,11,16,1,0,27,4,31,0,0,26,5,0,5,8,1,14,SYNTHETIC_SPATIAL_IMBALANCE_V2
2026-01-27,D02_CAI_MEP,ICD Cai Mep,40GP,DEFICIT,0,14,1,1,19,9,28,0,0,14,14,0,5,6,1,12,SYNTHETIC_SPATIAL_IMBALANCE_V2
2026-01-28,D02_CAI_MEP,ICD Cai Mep,40GP,DEFICIT,0,30,1,1,26,5,31,0,0,30,1,0,5,8,1,14,SYNTHETIC_SPATIAL_IMBALANCE_V2
2026-01-29,D02_CAI_MEP,ICD Cai Mep,40GP,DEFICIT,0,19,1,2,12,5,17,0,0,17,0,3,4,2,1,10,SYNTHETIC_SPATIAL_IMBALANCE_V2
2026-01-30,D02_CAI_MEP,ICD Cai Mep,40GP,DEFICIT,3,20,1,0,32,4,36,0,0,22,14,0,5,8,1,14,SYNTHETIC_SPATIAL_IMBALANCE_V2
2026-01-31,D02_CAI_MEP,ICD Cai Mep,40GP,DEFICIT,0,22,1,0,23,6,29,0,0,21,8,0,6,6,1,13,SYNTHETIC_SPATIAL_IMBALANCE_V2
2026-02-01,D02_CAI_MEP,ICD Cai Mep,40GP,DEFICIT,0,22,1,0,16,3,19,0,0,19,0,2,7,4,1,14,SYNTHETIC_SPATIAL_IMBALANCE_V2
2026-02-02,D02_CAI_MEP,ICD Cai Mep,40GP,DEFICIT,2,21,1,0,33,11,44,0,0,22,22,0,8,8,1,17,SYNTHETIC_SPATIAL_IMBALANCE_V2
2026-02-03,D02_CAI_MEP,ICD Cai Mep,40GP,DEFICIT,0,26,1,3,29,7,36,0,0,28,8,0,6,8,1,15,SYNTHETIC_SPATIAL_IMBALANCE_V2
2026-02-04,D02_CAI_MEP,ICD Cai Mep,40GP,DEFICIT,0,22,1,1,26,3,29,0,0,22,7,0,6,6,1,13,SYNTHETIC_SPATIAL_IMBALANCE_V2
2026-02-05,D02_CAI_MEP,ICD Cai Mep,40GP,DEFICIT,0,23,1,0,23,12,35,0,0,22,13,0,7,4,1,12,SYNTHETIC_SPATIAL_IMBALANCE_V2
2026-02-06,D02_CAI_MEP,ICD Cai Mep,40GP,DEFICIT,0,17,1,1,17,8,25,0,0,17,8,0,7,4,1,12,SYNTHETIC_SPATIAL_IMBALANCE_V2
2026-02-07,D02_CAI_MEP,ICD Cai Mep,40GP,DEFICIT,0,15,1,3,22,3,25,0,0,17,8,0,5,4,1,10,SYNTHETIC_SPATIAL_IMBALANCE_V2
2026-02-08,D02_CAI_MEP,ICD Cai Mep,40GP,DEFICIT,0,19,1,1,23,5,28,0,0,19,9,0,5,5,1,11,SYNTHETIC_SPATIAL_IMBALANCE_V2
2026-02-09,D02_CAI_MEP,ICD Cai Mep,40GP,DEFICIT,0,23,1,1,27,9,36,0,0,23,13,0,5,4,1,10,SYNTHETIC_SPATIAL_IMBALANCE_V2
2026-02-10,D02_CAI_MEP,ICD Cai Mep,40GP,DEFICIT,0,25,1,2,19,4,23,0,0,23,0,3,4,5,1,13,SYNTHETIC_SPATIAL_IMBALANCE_V2
2026-02-11,D02_CAI_MEP,ICD Cai Mep,40GP,DEFICIT,3,29,1,2,29,8,37,0,0,33,4,0,3,4,1,8,SYNTHETIC_SPATIAL_IMBALANCE_V2
2026-02-12,D02_CAI_MEP,ICD Cai Mep,40GP,DEFICIT,0,22,1,0,15,5,20,0,0,20,0,1,4,3,1,9,SYNTHETIC_SPATIAL_IMBALANCE_V2
2026-02-13,D02_CAI_MEP,ICD Cai Mep,40GP,DEFICIT,1,23,1,2,27,6,33,0,0,25,8,0,3,6,1,10,SYNTHETIC_SPATIAL_IMBALANCE_V2
2026-02-14,D02_CAI_MEP,ICD Cai Mep,40GP,DEFICIT,0,26,1,2,20,5,25,0,0,25,0,2,2,6,1,11,SYNTHETIC_SPATIAL_IMBALANCE_V2
2026-02-15,D02_CAI_MEP,ICD Cai Mep,40GP,DEFICIT,2,12,1,0,21,4,25,0,0,13,12,0,3,5,1,9,SYNTHETIC_SPATIAL_IMBALANCE_V2
2026-02-16,D02_CAI_MEP,ICD Cai Mep,40GP,DEFICIT,0,28,1,1,12,4,16,0,0,16,0,12,3,2,1,18,SYNTHETIC_SPATIAL_IMBALANCE_V2
2026-02-17,D02_CAI_MEP,ICD Cai Mep,40GP,DEFICIT,12,17,1,1,25,13,38,0,0,29,9,0,3,7,1,11,SYNTHETIC_SPATIAL_IMBALANCE_V2
2026-02-18,D02_CAI_MEP,ICD Cai Mep,40GP,DEFICIT,0,15,1,1,25,9,34,0,0,15,19,0,3,4,1,8,SYNTHETIC_SPATIAL_IMBALANCE_V2
2026-02-19,D02_CAI_MEP,ICD Cai Mep,40GP,DEFICIT,0,25,1,0,18,7,25,0,0,24,1,0,4,3,1,8,SYNTHETIC_SPATIAL_IMBALANCE_V2
2026-02-20,D02_CAI_MEP,ICD Cai Mep,40GP,DEFICIT,0,30,1,1,25,8,33,0,0,30,3,0,4,4,1,9,SYNTHETIC_SPATIAL_IMBALANCE_V2
2026-02-21,D02_CAI_MEP,ICD Cai Mep,40GP,DEFICIT,0,19,1,1,24,6,30,0,0,19,11,0,4,6,1,11,SYNTHETIC_SPATIAL_IMBALANCE_V2
2026-02-22,D02_CAI_MEP,ICD Cai Mep,40GP,DEFICIT,0,17,1,0,21,6,27,0,0,16,11,0,5,5,1,11,SYNTHETIC_SPATIAL_IMBALANCE_V2
2026-02-23,D02_CAI_MEP,ICD Cai Mep,40GP,DEFICIT,0,20,1,2,26,3,29,0,0,21,8,0,4,7,1,12,SYNTHETIC_SPATIAL_IMBALANCE_V2
2026-02-24,D02_CAI_MEP,ICD Cai Mep,40GP,DEFICIT,0,20,1,0,17,8,25,0,0,19,6,0,5,3,1,9,SYNTHETIC_SPATIAL_IMBALANCE_V2
2026-02-25,D02_CAI_MEP,ICD Cai Mep,40GP,DEFICIT,0,23,1,0,28,5,33,0,0,22,11,0,6,7,1,14,SYNTHETIC_SPATIAL_IMBALANCE_V2
2026-02-26,D02_CAI_MEP,ICD Cai Mep,40GP,DEFICIT,0,26,1,0,19,7,26,0,0,25,1,0,7,5,1,13,SYNTHETIC_SPATIAL_IMBALANCE_V2
2026-02-27,D02_CAI_MEP,ICD Cai Mep,40GP,DEFICIT,0,37,2,1,17,5,22,0,0,22,0,14,8,5,1,28,SYNTHETIC_SPATIAL_IMBALANCE_V2
2026-02-28,D02_CAI_MEP,ICD Cai Mep,40GP,DEFICIT,14,12,1,1,18,3,21,0,0,21,0,5,8,4,1,18,SYNTHETIC_SPATIAL_IMBALANCE_V2
2026-03-01,D02_CAI_MEP,ICD Cai Mep,40GP,DEFICIT,5,20,1,2,17,7,24,0,0,24,0,2,7,5,1,15,SYNTHETIC_SPATIAL_IMBALANCE_V2
2026-03-02,D02_CAI_MEP,ICD Cai Mep,40GP,DEFICIT,2,22,1,1,24,9,33,0,0,24,9,0,7,6,1,14,SYNTHETIC_SPATIAL_IMBALANCE_V2
2026-03-03,D02_CAI_MEP,ICD Cai Mep,40GP,DEFICIT,0,28,1,4,31,7,38,0,0,31,7,0,4,7,1,12,SYNTHETIC_SPATIAL_IMBALANCE_V2
2026-03-04,D02_CAI_MEP,ICD Cai Mep,40GP,DEFICIT,0,24,1,0,22,3,25,0,0,23,2,0,5,7,1,13,SYNTHETIC_SPATIAL_IMBALANCE_V2
2026-03-05,D02_CAI_MEP,ICD Cai Mep,40GP,DEFICIT,0,27,1,2,20,8,28,0,0,28,0,0,4,6,1,11,SYNTHETIC_SPATIAL_IMBALANCE_V2
2026-03-06,D02_CAI_MEP,ICD Cai Mep,40GP,DEFICIT,0,16,1,0,27,11,38,0,0,15,23,0,5,6,1,12,SYNTHETIC_SPATIAL_IMBALANCE_V2
2026-03-07,D02_CAI_MEP,ICD Cai Mep,40GP,DEFICIT,0,23,1,2,18,7,25,0,0,24,1,0,4,5,1,10,SYNTHETIC_SPATIAL_IMBALANCE_V2
2026-03-08,D02_CAI_MEP,ICD Cai Mep,40GP,DEFICIT,0,23,1,0,26,4,30,0,0,22,8,0,5,7,1,13,SYNTHETIC_SPATIAL_IMBALANCE_V2
2026-03-09,D02_CAI_MEP,ICD Cai Mep,40GP,DEFICIT,0,29,1,1,21,8,29,0,0,29,0,0,5,4,1,10,SYNTHETIC_SPATIAL_IMBALANCE_V2
2026-03-10,D02_CAI_MEP,ICD Cai Mep,40GP,DEFICIT,0,33,1,2,26,8,34,0,0,34,0,0,4,7,1,12,SYNTHETIC_SPATIAL_IMBALANCE_V2
2026-03-11,D02_CAI_MEP,ICD Cai Mep,40GP,DEFICIT,0,28,1,2,28,5,33,0,0,29,4,0,3,8,1,12,SYNTHETIC_SPATIAL_IMBALANCE_V2
2026-03-12,D02_CAI_MEP,ICD Cai Mep,40GP,DEFICIT,0,28,1,0,16,9,25,0,0,25,0,2,4,3,1,10,SYNTHETIC_SPATIAL_IMBALANCE_V2
2026-03-13,D02_CAI_MEP,ICD Cai Mep,40GP,DEFICIT,2,24,1,0,26,3,29,0,0,25,4,0,5,7,1,13,SYNTHETIC_SPATIAL_IMBALANCE_V2
2026-03-14,D02_CAI_MEP,ICD Cai Mep,40GP,DEFICIT,0,27,1,3,25,7,32,0,0,29,3,0,3,5,1,9,SYNTHETIC_SPATIAL_IMBALANCE_V2
2026-03-15,D02_CAI_MEP,ICD Cai Mep,40GP,DEFICIT,0,20,1,1,17,3,20,0,0,20,0,0,3,4,1,8,SYNTHETIC_SPATIAL_IMBALANCE_V2
2026-03-16,D02_CAI_MEP,ICD Cai Mep,40GP,DEFICIT,0,25,1,0,21,7,28,0,0,24,4,0,4,6,1,11,SYNTHETIC_SPATIAL_IMBALANCE_V2
2026-03-17,D02_CAI_MEP,ICD Cai Mep,40GP,DEFICIT,0,18,1,2,26,11,37,0,0,19,18,0,3,8,1,12,SYNTHETIC_SPATIAL_IMBALANCE_V2
2026-03-18,D02_CAI_MEP,ICD Cai Mep,40GP,DEFICIT,0,26,1,1,21,9,30,0,0,26,4,0,3,5,1,9,SYNTHETIC_SPATIAL_IMBALANCE_V2
2026-03-19,D02_CAI_MEP,ICD Cai Mep,40GP,DEFICIT,0,28,1,3,21,10,31,0,0,30,1,0,1,3,1,5,SYNTHETIC_SPATIAL_IMBALANCE_V2
2026-03-20,D02_CAI_MEP,ICD Cai Mep,40GP,DEFICIT,0,13,1,0,21,7,28,0,0,12,16,0,2,4,1,7,SYNTHETIC_SPATIAL_IMBALANCE_V2
2026-03-21,D02_CAI_MEP,ICD Cai Mep,40GP,DEFICIT,0,21,1,0,20,4,24,0,0,20,4,0,3,4,1,8,SYNTHETIC_SPATIAL_IMBALANCE_V2
2026-03-22,D02_CAI_MEP,ICD Cai Mep,40GP,DEFICIT,0,10,0,1,18,8,26,0,0,11,15,0,2,3,1,6,SYNTHETIC_SPATIAL_IMBALANCE_V2
2026-03-23,D02_CAI_MEP,ICD Cai Mep,40GP,DEFICIT,0,25,1,1,25,6,31,0,0,25,6,0,2,7,1,10,SYNTHETIC_SPATIAL_IMBALANCE_V2
2026-03-24,D02_CAI_MEP,ICD Cai Mep,40GP,DEFICIT,0,21,1,2,23,3,26,0,0,22,4,0,1,5,1,7,SYNTHETIC_SPATIAL_IMBALANCE_V2
2026-03-25,D02_CAI_MEP,ICD Cai Mep,40GP,DEFICIT,0,28,1,0,13,5,18,0,0,18,0,9,2,3,1,15,SYNTHETIC_SPATIAL_IMBALANCE_V2
2026-03-26,D02_CAI_MEP,ICD Cai Mep,40GP,DEFICIT,9,20,1,0,23,8,31,0,0,28,3,0,3,6,1,10,SYNTHETIC_SPATIAL_IMBALANCE_V2
2026-03-27,D02_CAI_MEP,ICD Cai Mep,40GP,DEFICIT,0,26,1,0,22,8,30,0,0,25,5,0,4,6,1,11,SYNTHETIC_SPATIAL_IMBALANCE_V2
2026-03-28,D02_CAI_MEP,ICD Cai Mep,40GP,DEFICIT,0,19,1,1,21,6,27,0,0,19,8,0,4,4,1,9,SYNTHETIC_SPATIAL_IMBALANCE_V2
2026-03-29,D02_CAI_MEP,ICD Cai Mep,40GP,DEFICIT,0,12,1,1,18,4,22,0,0,12,10,0,4,4,1,9,SYNTHETIC_SPATIAL_IMBALANCE_V2
2026-03-30,D02_CAI_MEP,ICD Cai Mep,40GP,DEFICIT,0,21,1,1,21,5,26,0,0,21,5,0,4,5,1,10,SYNTHETIC_SPATIAL_IMBALANCE_V2
2026-03-31,D02_CAI_MEP,ICD Cai Mep,40GP,DEFICIT,0,18,1,1,30,4,34,0,0,18,16,0,4,5,1,10,SYNTHETIC_SPATIAL_IMBALANCE_V2
2026-01-01,D02_CAI_MEP,ICD Cai Mep,40HC,SURPLUS,120,39,2,1,18,8,26,0,0,26,0,132,6,3,1,142,SYNTHETIC_SPATIAL_IMBALANCE_V2
2026-01-02,D02_CAI_MEP,ICD Cai Mep,40HC,SURPLUS,132,35,1,1,21,6,27,0,0,27,0,140,6,6,1,153,SYNTHETIC_SPATIAL_IMBALANCE_V2
2026-01-03,D02_CAI_MEP,ICD Cai Mep,40HC,SURPLUS,140,24,1,2,17,3,20,0,0,20,0,145,5,4,1,155,SYNTHETIC_SPATIAL_IMBALANCE_V2
2026-01-04,D02_CAI_MEP,ICD Cai Mep,40HC,SURPLUS,145,32,1,1,18,5,23,0,0,23,0,154,5,4,1,164,SYNTHETIC_SPATIAL_IMBALANCE_V2
2026-01-05,D02_CAI_MEP,ICD Cai Mep,40HC,SURPLUS,154,42,2,2,19,4,23,0,0,23,0,173,5,5,1,184,SYNTHETIC_SPATIAL_IMBALANCE_V2
2026-01-06,D02_CAI_MEP,ICD Cai Mep,40HC,SURPLUS,173,24,1,3,29,7,36,0,0,36,0,163,3,8,1,175,SYNTHETIC_SPATIAL_IMBALANCE_V2
2026-01-07,D02_CAI_MEP,ICD Cai Mep,40HC,SURPLUS,163,34,1,2,22,9,31,0,0,31,0,167,2,3,1,173,SYNTHETIC_SPATIAL_IMBALANCE_V2
2026-01-08,D02_CAI_MEP,ICD Cai Mep,40HC,SURPLUS,167,38,2,0,25,5,30,0,0,30,0,173,4,5,1,183,SYNTHETIC_SPATIAL_IMBALANCE_V2
2026-01-09,D02_CAI_MEP,ICD Cai Mep,40HC,SURPLUS,173,29,1,1,18,9,27,0,0,27,0,175,4,3,1,183,SYNTHETIC_SPATIAL_IMBALANCE_V2
2026-01-10,D02_CAI_MEP,ICD Cai Mep,40HC,SURPLUS,175,29,1,1,14,4,18,0,0,18,0,186,4,4,1,195,SYNTHETIC_SPATIAL_IMBALANCE_V2
2026-01-11,D02_CAI_MEP,ICD Cai Mep,40HC,SURPLUS,186,28,1,3,11,3,14,0,0,14,0,202,2,3,1,208,SYNTHETIC_SPATIAL_IMBALANCE_V2
2026-01-12,D02_CAI_MEP,ICD Cai Mep,40HC,SURPLUS,202,45,2,1,26,7,33,0,0,33,0,213,3,7,1,224,SYNTHETIC_SPATIAL_IMBALANCE_V2
2026-01-13,D02_CAI_MEP,ICD Cai Mep,40HC,SURPLUS,213,34,1,1,30,4,34,0,0,34,0,213,3,6,1,223,SYNTHETIC_SPATIAL_IMBALANCE_V2
2026-01-14,D02_CAI_MEP,ICD Cai Mep,40HC,SURPLUS,213,33,1,1,24,12,36,0,0,36,0,210,3,7,1,221,SYNTHETIC_SPATIAL_IMBALANCE_V2
2026-01-15,D02_CAI_MEP,ICD Cai Mep,40HC,SURPLUS,210,27,1,1,19,9,28,0,0,28,0,209,3,6,1,219,SYNTHETIC_SPATIAL_IMBALANCE_V2
2026-01-16,D02_CAI_MEP,ICD Cai Mep,40HC,SURPLUS,209,32,1,0,17,9,26,0,0,26,0,214,4,4,1,223,SYNTHETIC_SPATIAL_IMBALANCE_V2
2026-01-17,D02_CAI_MEP,ICD Cai Mep,40HC,SURPLUS,214,30,1,1,19,7,26,0,0,26,0,218,4,4,1,227,SYNTHETIC_SPATIAL_IMBALANCE_V2
2026-01-18,D02_CAI_MEP,ICD Cai Mep,40HC,SURPLUS,218,20,1,1,17,4,21,0,0,21,0,217,4,3,1,225,SYNTHETIC_SPATIAL_IMBALANCE_V2
2026-01-19,D02_CAI_MEP,ICD Cai Mep,40HC,SURPLUS,217,27,1,1,17,8,25,0,0,25,0,219,4,4,1,228,SYNTHETIC_SPATIAL_IMBALANCE_V2
2026-01-20,D02_CAI_MEP,ICD Cai Mep,40HC,SURPLUS,219,34,1,2,27,6,33,0,0,33,0,221,3,8,1,233,SYNTHETIC_SPATIAL_IMBALANCE_V2
2026-01-21,D02_CAI_MEP,ICD Cai Mep,40HC,SURPLUS,221,41,2,1,22,5,27,0,0,27,0,234,4,6,1,245,SYNTHETIC_SPATIAL_IMBALANCE_V2
2026-01-22,D02_CAI_MEP,ICD Cai Mep,40HC,SURPLUS,234,31,1,0,25,6,31,0,0,31,0,233,5,6,1,245,SYNTHETIC_SPATIAL_IMBALANCE_V2
2026-01-23,D02_CAI_MEP,ICD Cai Mep,40HC,SURPLUS,233,31,1,0,25,5,30,0,0,30,0,233,6,6,1,246,SYNTHETIC_SPATIAL_IMBALANCE_V2
2026-01-24,D02_CAI_MEP,ICD Cai Mep,40HC,SURPLUS,233,29,1,4,13,5,18,0,0,18,0,247,3,3,1,254,SYNTHETIC_SPATIAL_IMBALANCE_V2
2026-01-25,D02_CAI_MEP,ICD Cai Mep,40HC,SURPLUS,247,23,1,1,13,1,14,0,0,14,0,256,3,2,1,262,SYNTHETIC_SPATIAL_IMBALANCE_V2
2026-01-26,D02_CAI_MEP,ICD Cai Mep,40HC,SURPLUS,256,42,2,2,13,3,16,0,0,16,0,282,3,3,1,289,SYNTHETIC_SPATIAL_IMBALANCE_V2
2026-01-27,D02_CAI_MEP,ICD Cai Mep,40HC,SURPLUS,282,35,1,1,16,6,22,0,0,22,0,295,3,3,1,302,SYNTHETIC_SPATIAL_IMBALANCE_V2
2026-01-28,D02_CAI_MEP,ICD Cai Mep,40HC,SURPLUS,295,30,1,0,24,7,31,0,0,31,0,293,4,4,1,302,SYNTHETIC_SPATIAL_IMBALANCE_V2
2026-01-29,D02_CAI_MEP,ICD Cai Mep,40HC,SURPLUS,293,35,1,3,24,9,33,0,0,33,0,297,2,6,1,306,SYNTHETIC_SPATIAL_IMBALANCE_V2
2026-01-30,D02_CAI_MEP,ICD Cai Mep,40HC,SURPLUS,297,35,1,0,18,2,20,0,0,20,0,311,3,4,1,319,SYNTHETIC_SPATIAL_IMBALANCE_V2
2026-01-31,D02_CAI_MEP,ICD Cai Mep,40HC,SURPLUS,311,27,1,2,21,5,26,0,0,26,0,313,2,5,1,321,SYNTHETIC_SPATIAL_IMBALANCE_V2
2026-02-01,D02_CAI_MEP,ICD Cai Mep,40HC,SURPLUS,313,22,1,0,19,5,24,0,0,24,0,310,3,3,1,317,SYNTHETIC_SPATIAL_IMBALANCE_V2
2026-02-02,D02_CAI_MEP,ICD Cai Mep,40HC,SURPLUS,310,41,2,0,26,5,31,0,0,31,0,318,5,6,1,330,SYNTHETIC_SPATIAL_IMBALANCE_V2
2026-02-03,D02_CAI_MEP,ICD Cai Mep,40HC,SURPLUS,318,28,1,1,19,9,28,0,0,28,0,318,5,5,1,329,SYNTHETIC_SPATIAL_IMBALANCE_V2
2026-02-04,D02_CAI_MEP,ICD Cai Mep,40HC,SURPLUS,318,38,2,1,28,11,39,0,0,39,0,316,6,5,1,328,SYNTHETIC_SPATIAL_IMBALANCE_V2
2026-02-05,D02_CAI_MEP,ICD Cai Mep,40HC,SURPLUS,316,42,2,2,25,9,34,0,0,34,0,324,6,4,1,335,SYNTHETIC_SPATIAL_IMBALANCE_V2
2026-02-06,D02_CAI_MEP,ICD Cai Mep,40HC,SURPLUS,324,44,2,1,18,3,21,0,0,21,0,346,7,5,1,359,SYNTHETIC_SPATIAL_IMBALANCE_V2
2026-02-07,D02_CAI_MEP,ICD Cai Mep,40HC,SURPLUS,346,44,2,2,18,4,22,0,0,22,0,368,7,3,1,379,SYNTHETIC_SPATIAL_IMBALANCE_V2
2026-02-08,D02_CAI_MEP,ICD Cai Mep,40HC,SURPLUS,368,31,1,0,18,6,24,0,0,24,0,374,8,4,1,387,SYNTHETIC_SPATIAL_IMBALANCE_V2
2026-02-09,D02_CAI_MEP,ICD Cai Mep,40HC,SURPLUS,374,35,1,0,27,5,32,0,0,32,0,376,9,7,1,393,SYNTHETIC_SPATIAL_IMBALANCE_V2
2026-02-10,D02_CAI_MEP,ICD Cai Mep,40HC,SURPLUS,376,31,1,1,23,12,35,0,0,35,0,372,9,5,1,387,SYNTHETIC_SPATIAL_IMBALANCE_V2
2026-02-11,D02_CAI_MEP,ICD Cai Mep,40HC,SURPLUS,372,32,1,7,20,3,23,0,0,23,0,387,3,3,1,394,SYNTHETIC_SPATIAL_IMBALANCE_V2
2026-02-12,D02_CAI_MEP,ICD Cai Mep,40HC,SURPLUS,387,33,1,0,22,7,29,0,0,29,0,390,4,6,1,401,SYNTHETIC_SPATIAL_IMBALANCE_V2
2026-02-13,D02_CAI_MEP,ICD Cai Mep,40HC,SURPLUS,390,21,1,0,30,4,34,0,0,34,0,376,5,7,1,389,SYNTHETIC_SPATIAL_IMBALANCE_V2
2026-02-14,D02_CAI_MEP,ICD Cai Mep,40HC,SURPLUS,376,39,2,0,15,5,20,0,0,20,0,393,7,3,1,404,SYNTHETIC_SPATIAL_IMBALANCE_V2
2026-02-15,D02_CAI_MEP,ICD Cai Mep,40HC,SURPLUS,393,26,1,1,14,6,20,0,0,20,0,399,7,2,1,409,SYNTHETIC_SPATIAL_IMBALANCE_V2
2026-02-16,D02_CAI_MEP,ICD Cai Mep,40HC,SURPLUS,399,29,1,4,18,8,26,0,0,26,0,405,4,3,1,413,SYNTHETIC_SPATIAL_IMBALANCE_V2
2026-02-17,D02_CAI_MEP,ICD Cai Mep,40HC,SURPLUS,405,35,1,2,21,5,26,0,0,26,0,415,3,4,1,423,SYNTHETIC_SPATIAL_IMBALANCE_V2
2026-02-18,D02_CAI_MEP,ICD Cai Mep,40HC,SURPLUS,415,32,1,0,16,8,24,0,0,24,0,422,4,5,1,432,SYNTHETIC_SPATIAL_IMBALANCE_V2
2026-02-19,D02_CAI_MEP,ICD Cai Mep,40HC,SURPLUS,422,28,1,1,19,4,23,0,0,23,0,427,4,4,1,436,SYNTHETIC_SPATIAL_IMBALANCE_V2
2026-02-20,D02_CAI_MEP,ICD Cai Mep,40HC,SURPLUS,427,32,1,2,15,5,20,0,0,20,0,440,3,2,1,446,SYNTHETIC_SPATIAL_IMBALANCE_V2
2026-02-21,D02_CAI_MEP,ICD Cai Mep,40HC,SURPLUS,440,22,1,0,17,5,22,0,0,22,0,439,4,4,1,448,SYNTHETIC_SPATIAL_IMBALANCE_V2
2026-02-22,D02_CAI_MEP,ICD Cai Mep,40HC,SURPLUS,439,20,1,1,10,5,15,0,0,15,0,444,4,3,1,452,SYNTHETIC_SPATIAL_IMBALANCE_V2
2026-02-23,D02_CAI_MEP,ICD Cai Mep,40HC,SURPLUS,444,38,2,3,22,3,25,0,0,25,0,458,3,5,1,467,SYNTHETIC_SPATIAL_IMBALANCE_V2
2026-02-24,D02_CAI_MEP,ICD Cai Mep,40HC,SURPLUS,458,35,1,1,16,6,22,0,0,22,0,471,3,3,1,478,SYNTHETIC_SPATIAL_IMBALANCE_V2
2026-02-25,D02_CAI_MEP,ICD Cai Mep,40HC,SURPLUS,471,35,1,0,20,10,30,0,0,30,0,475,4,4,1,484,SYNTHETIC_SPATIAL_IMBALANCE_V2
2026-02-26,D02_CAI_MEP,ICD Cai Mep,40HC,SURPLUS,475,32,1,0,34,6,40,0,0,40,0,466,5,8,1,480,SYNTHETIC_SPATIAL_IMBALANCE_V2
2026-02-27,D02_CAI_MEP,ICD Cai Mep,40HC,SURPLUS,466,45,2,1,27,9,36,0,0,36,0,474,6,5,1,486,SYNTHETIC_SPATIAL_IMBALANCE_V2
2026-02-28,D02_CAI_MEP,ICD Cai Mep,40HC,SURPLUS,474,22,1,1,18,6,24,0,0,24,0,472,6,4,1,483,SYNTHETIC_SPATIAL_IMBALANCE_V2
2026-03-01,D02_CAI_MEP,ICD Cai Mep,40HC,SURPLUS,472,29,1,0,8,4,12,0,0,12,0,488,7,2,1,498,SYNTHETIC_SPATIAL_IMBALANCE_V2
2026-03-02,D02_CAI_MEP,ICD Cai Mep,40HC,SURPLUS,488,44,2,0,18,8,26,0,0,26,0,504,9,3,1,517,SYNTHETIC_SPATIAL_IMBALANCE_V2
2026-03-03,D02_CAI_MEP,ICD Cai Mep,40HC,SURPLUS,504,41,2,1,16,6,22,0,0,22,0,522,10,3,1,536,SYNTHETIC_SPATIAL_IMBALANCE_V2
2026-03-04,D02_CAI_MEP,ICD Cai Mep,40HC,SURPLUS,522,34,1,3,30,5,35,0,0,35,0,523,8,9,1,541,SYNTHETIC_SPATIAL_IMBALANCE_V2
2026-03-05,D02_CAI_MEP,ICD Cai Mep,40HC,SURPLUS,523,43,2,2,23,4,27,0,0,27,0,539,8,6,1,554,SYNTHETIC_SPATIAL_IMBALANCE_V2
2026-03-06,D02_CAI_MEP,ICD Cai Mep,40HC,SURPLUS,539,44,2,8,27,13,40,0,0,40,0,549,2,5,1,557,SYNTHETIC_SPATIAL_IMBALANCE_V2
2026-03-07,D02_CAI_MEP,ICD Cai Mep,40HC,SURPLUS,549,34,1,2,21,4,25,0,0,25,0,559,1,6,1,567,SYNTHETIC_SPATIAL_IMBALANCE_V2
2026-03-08,D02_CAI_MEP,ICD Cai Mep,40HC,SURPLUS,559,27,1,0,17,6,23,0,0,23,0,562,2,4,1,569,SYNTHETIC_SPATIAL_IMBALANCE_V2
2026-03-09,D02_CAI_MEP,ICD Cai Mep,40HC,SURPLUS,562,34,1,0,18,8,26,0,0,26,0,569,3,5,1,578,SYNTHETIC_SPATIAL_IMBALANCE_V2
2026-03-10,D02_CAI_MEP,ICD Cai Mep,40HC,SURPLUS,569,38,2,3,27,8,35,0,0,35,0,573,2,8,1,584,SYNTHETIC_SPATIAL_IMBALANCE_V2
2026-03-11,D02_CAI_MEP,ICD Cai Mep,40HC,SURPLUS,573,26,1,2,16,4,20,0,0,20,0,580,1,5,1,587,SYNTHETIC_SPATIAL_IMBALANCE_V2
2026-03-12,D02_CAI_MEP,ICD Cai Mep,40HC,SURPLUS,580,47,2,0,19,8,27,0,0,27,0,598,3,5,1,607,SYNTHETIC_SPATIAL_IMBALANCE_V2
2026-03-13,D02_CAI_MEP,ICD Cai Mep,40HC,SURPLUS,598,36,1,1,20,6,26,0,0,26,0,608,3,4,1,616,SYNTHETIC_SPATIAL_IMBALANCE_V2
2026-03-14,D02_CAI_MEP,ICD Cai Mep,40HC,SURPLUS,608,24,1,0,20,7,27,0,0,27,0,604,4,4,1,613,SYNTHETIC_SPATIAL_IMBALANCE_V2
2026-03-15,D02_CAI_MEP,ICD Cai Mep,40HC,SURPLUS,604,25,1,1,15,7,22,0,0,22,0,607,4,3,1,615,SYNTHETIC_SPATIAL_IMBALANCE_V2
2026-03-16,D02_CAI_MEP,ICD Cai Mep,40HC,SURPLUS,607,39,2,1,23,11,34,0,0,34,0,611,5,6,1,623,SYNTHETIC_SPATIAL_IMBALANCE_V2
2026-03-17,D02_CAI_MEP,ICD Cai Mep,40HC,SURPLUS,611,35,1,1,20,4,24,0,0,24,0,622,5,4,1,632,SYNTHETIC_SPATIAL_IMBALANCE_V2
2026-03-18,D02_CAI_MEP,ICD Cai Mep,40HC,SURPLUS,622,34,1,1,14,4,18,0,0,18,0,638,5,2,1,646,SYNTHETIC_SPATIAL_IMBALANCE_V2
2026-03-19,D02_CAI_MEP,ICD Cai Mep,40HC,SURPLUS,638,32,1,1,19,9,28,0,0,28,0,642,5,5,1,653,SYNTHETIC_SPATIAL_IMBALANCE_V2
2026-03-20,D02_CAI_MEP,ICD Cai Mep,40HC,SURPLUS,642,39,2,0,22,7,29,0,0,29,0,650,7,7,1,665,SYNTHETIC_SPATIAL_IMBALANCE_V2
2026-03-21,D02_CAI_MEP,ICD Cai Mep,40HC,SURPLUS,650,28,1,0,19,3,22,0,0,22,0,655,8,5,1,669,SYNTHETIC_SPATIAL_IMBALANCE_V2
2026-03-22,D02_CAI_MEP,ICD Cai Mep,40HC,SURPLUS,655,27,1,0,17,4,21,0,0,21,0,660,9,4,1,674,SYNTHETIC_SPATIAL_IMBALANCE_V2
2026-03-23,D02_CAI_MEP,ICD Cai Mep,40HC,SURPLUS,660,36,1,4,16,5,21,0,0,21,0,678,6,4,1,689,SYNTHETIC_SPATIAL_IMBALANCE_V2
2026-03-24,D02_CAI_MEP,ICD Cai Mep,40HC,SURPLUS,678,27,1,1,15,2,17,0,0,17,0,688,6,3,1,698,SYNTHETIC_SPATIAL_IMBALANCE_V2
2026-03-25,D02_CAI_MEP,ICD Cai Mep,40HC,SURPLUS,688,37,1,2,19,2,21,0,0,21,0,705,5,4,1,715,SYNTHETIC_SPATIAL_IMBALANCE_V2
2026-03-26,D02_CAI_MEP,ICD Cai Mep,40HC,SURPLUS,705,31,1,1,15,3,18,0,0,18,0,718,5,4,1,728,SYNTHETIC_SPATIAL_IMBALANCE_V2
2026-03-27,D02_CAI_MEP,ICD Cai Mep,40HC,SURPLUS,718,41,2,1,29,4,33,0,0,33,0,725,6,8,1,740,SYNTHETIC_SPATIAL_IMBALANCE_V2
2026-03-28,D02_CAI_MEP,ICD Cai Mep,40HC,SURPLUS,725,27,1,0,16,3,19,0,0,19,0,732,7,4,1,744,SYNTHETIC_SPATIAL_IMBALANCE_V2
2026-03-29,D02_CAI_MEP,ICD Cai Mep,40HC,SURPLUS,732,19,1,0,19,2,21,0,0,21,0,729,8,3,1,741,SYNTHETIC_SPATIAL_IMBALANCE_V2
2026-03-30,D02_CAI_MEP,ICD Cai Mep,40HC,SURPLUS,729,41,2,2,21,4,25,0,0,25,0,745,8,4,1,758,SYNTHETIC_SPATIAL_IMBALANCE_V2
2026-03-31,D02_CAI_MEP,ICD Cai Mep,40HC,SURPLUS,745,31,1,0,21,6,27,0,0,27,0,748,9,5,1,763,SYNTHETIC_SPATIAL_IMBALANCE_V2
2026-01-01,D03_LONG_SON,Long Son ICD / Depot,20GP,SURPLUS,95,25,1,1,22,3,25,0,0,25,0,95,5,5,1,106,SYNTHETIC_SPATIAL_IMBALANCE_V2
2026-01-02,D03_LONG_SON,Long Son ICD / Depot,20GP,SURPLUS,95,37,2,2,16,5,21,0,0,21,0,111,5,4,1,121,SYNTHETIC_SPATIAL_IMBALANCE_V2
2026-01-03,D03_LONG_SON,Long Son ICD / Depot,20GP,SURPLUS,111,28,1,0,15,4,19,0,0,19,0,119,6,3,1,129,SYNTHETIC_SPATIAL_IMBALANCE_V2
2026-01-04,D03_LONG_SON,Long Son ICD / Depot,20GP,SURPLUS,119,19,1,0,15,7,22,0,0,22,0,115,7,4,1,127,SYNTHETIC_SPATIAL_IMBALANCE_V2
2026-01-05,D03_LONG_SON,Long Son ICD / Depot,20GP,SURPLUS,115,28,1,0,15,3,18,0,0,18,0,124,8,4,1,137,SYNTHETIC_SPATIAL_IMBALANCE_V2
2026-01-06,D03_LONG_SON,Long Son ICD / Depot,20GP,SURPLUS,124,28,1,3,17,7,24,0,0,24,0,130,6,4,1,141,SYNTHETIC_SPATIAL_IMBALANCE_V2
2026-01-07,D03_LONG_SON,Long Son ICD / Depot,20GP,SURPLUS,130,24,1,2,15,3,18,0,0,18,0,137,5,3,1,146,SYNTHETIC_SPATIAL_IMBALANCE_V2
2026-01-08,D03_LONG_SON,Long Son ICD / Depot,20GP,SURPLUS,137,26,1,0,16,6,22,0,0,22,0,140,6,3,1,150,SYNTHETIC_SPATIAL_IMBALANCE_V2
2026-01-09,D03_LONG_SON,Long Son ICD / Depot,20GP,SURPLUS,140,28,1,2,15,5,20,0,0,20,0,149,5,3,1,158,SYNTHETIC_SPATIAL_IMBALANCE_V2
2026-01-10,D03_LONG_SON,Long Son ICD / Depot,20GP,SURPLUS,149,27,1,1,14,6,20,0,0,20,0,156,5,4,1,166,SYNTHETIC_SPATIAL_IMBALANCE_V2
2026-01-11,D03_LONG_SON,Long Son ICD / Depot,20GP,SURPLUS,156,23,1,1,13,2,15,0,0,15,0,164,5,2,1,172,SYNTHETIC_SPATIAL_IMBALANCE_V2
2026-01-12,D03_LONG_SON,Long Son ICD / Depot,20GP,SURPLUS,164,34,2,1,26,5,31,0,0,31,0,166,6,7,1,180,SYNTHETIC_SPATIAL_IMBALANCE_V2
2026-01-13,D03_LONG_SON,Long Son ICD / Depot,20GP,SURPLUS,166,28,1,1,18,5,23,0,0,23,0,171,6,4,1,182,SYNTHETIC_SPATIAL_IMBALANCE_V2
2026-01-14,D03_LONG_SON,Long Son ICD / Depot,20GP,SURPLUS,171,30,2,0,23,3,26,0,0,26,0,173,8,5,1,187,SYNTHETIC_SPATIAL_IMBALANCE_V2
2026-01-15,D03_LONG_SON,Long Son ICD / Depot,20GP,SURPLUS,173,26,1,6,15,5,20,0,0,20,0,184,3,4,1,192,SYNTHETIC_SPATIAL_IMBALANCE_V2
2026-01-16,D03_LONG_SON,Long Son ICD / Depot,20GP,SURPLUS,184,28,1,0,19,7,26,0,0,26,0,185,4,4,1,194,SYNTHETIC_SPATIAL_IMBALANCE_V2
2026-01-17,D03_LONG_SON,Long Son ICD / Depot,20GP,SURPLUS,185,32,2,0,16,6,22,0,0,22,0,193,6,3,1,203,SYNTHETIC_SPATIAL_IMBALANCE_V2
2026-01-18,D03_LONG_SON,Long Son ICD / Depot,20GP,SURPLUS,193,8,0,1,10,2,12,0,0,12,0,190,5,2,1,198,SYNTHETIC_SPATIAL_IMBALANCE_V2
2026-01-19,D03_LONG_SON,Long Son ICD / Depot,20GP,SURPLUS,190,19,1,1,23,3,26,0,0,26,0,183,5,4,1,193,SYNTHETIC_SPATIAL_IMBALANCE_V2
2026-01-20,D03_LONG_SON,Long Son ICD / Depot,20GP,SURPLUS,183,30,2,2,24,3,27,0,0,27,0,186,5,6,1,198,SYNTHETIC_SPATIAL_IMBALANCE_V2
2026-01-21,D03_LONG_SON,Long Son ICD / Depot,20GP,SURPLUS,186,23,1,2,17,7,24,0,0,24,0,186,4,4,1,195,SYNTHETIC_SPATIAL_IMBALANCE_V2
2026-01-22,D03_LONG_SON,Long Son ICD / Depot,20GP,SURPLUS,186,33,2,2,10,4,14,0,0,14,0,205,4,2,1,212,SYNTHETIC_SPATIAL_IMBALANCE_V2
2026-01-23,D03_LONG_SON,Long Son ICD / Depot,20GP,SURPLUS,205,28,1,2,16,6,22,0,0,22,0,212,3,5,1,221,SYNTHETIC_SPATIAL_IMBALANCE_V2
2026-01-24,D03_LONG_SON,Long Son ICD / Depot,20GP,SURPLUS,212,22,1,0,9,4,13,0,0,13,0,220,4,3,1,228,SYNTHETIC_SPATIAL_IMBALANCE_V2
2026-01-25,D03_LONG_SON,Long Son ICD / Depot,20GP,SURPLUS,220,9,0,1,7,2,9,0,0,9,0,221,3,1,1,226,SYNTHETIC_SPATIAL_IMBALANCE_V2
2026-01-26,D03_LONG_SON,Long Son ICD / Depot,20GP,SURPLUS,221,21,1,1,9,5,14,0,0,14,0,228,3,2,1,234,SYNTHETIC_SPATIAL_IMBALANCE_V2
2026-01-27,D03_LONG_SON,Long Son ICD / Depot,20GP,SURPLUS,228,29,1,0,14,2,16,0,0,16,0,240,4,4,1,249,SYNTHETIC_SPATIAL_IMBALANCE_V2
2026-01-28,D03_LONG_SON,Long Son ICD / Depot,20GP,SURPLUS,240,28,1,2,19,5,24,0,0,24,0,245,3,5,1,254,SYNTHETIC_SPATIAL_IMBALANCE_V2
2026-01-29,D03_LONG_SON,Long Son ICD / Depot,20GP,SURPLUS,245,28,1,1,13,3,16,0,0,16,0,257,3,3,1,264,SYNTHETIC_SPATIAL_IMBALANCE_V2
2026-01-30,D03_LONG_SON,Long Son ICD / Depot,20GP,SURPLUS,257,33,2,0,13,3,16,0,0,16,0,272,5,3,1,281,SYNTHETIC_SPATIAL_IMBALANCE_V2
2026-01-31,D03_LONG_SON,Long Son ICD / Depot,20GP,SURPLUS,272,23,1,0,21,4,25,0,0,25,0,269,6,4,1,280,SYNTHETIC_SPATIAL_IMBALANCE_V2
2026-02-01,D03_LONG_SON,Long Son ICD / Depot,20GP,SURPLUS,269,22,1,1,12,4,16,0,0,16,0,275,6,3,1,285,SYNTHETIC_SPATIAL_IMBALANCE_V2
2026-02-02,D03_LONG_SON,Long Son ICD / Depot,20GP,SURPLUS,275,30,2,1,24,10,34,0,0,34,0,270,7,7,1,285,SYNTHETIC_SPATIAL_IMBALANCE_V2
2026-02-03,D03_LONG_SON,Long Son ICD / Depot,20GP,SURPLUS,270,28,1,1,16,6,22,0,0,22,0,276,7,3,1,287,SYNTHETIC_SPATIAL_IMBALANCE_V2
2026-02-04,D03_LONG_SON,Long Son ICD / Depot,20GP,SURPLUS,276,26,1,1,18,3,21,0,0,21,0,281,7,5,1,294,SYNTHETIC_SPATIAL_IMBALANCE_V2
2026-02-05,D03_LONG_SON,Long Son ICD / Depot,20GP,SURPLUS,281,26,1,1,19,6,25,0,0,25,0,282,7,5,1,295,SYNTHETIC_SPATIAL_IMBALANCE_V2
2026-02-06,D03_LONG_SON,Long Son ICD / Depot,20GP,SURPLUS,282,25,1,0,18,8,26,0,0,26,0,280,8,5,1,294,SYNTHETIC_SPATIAL_IMBALANCE_V2
2026-02-07,D03_LONG_SON,Long Son ICD / Depot,20GP,SURPLUS,280,29,1,0,16,5,21,0,0,21,0,287,9,3,1,300,SYNTHETIC_SPATIAL_IMBALANCE_V2
2026-02-08,D03_LONG_SON,Long Son ICD / Depot,20GP,SURPLUS,287,18,1,1,13,3,16,0,0,16,0,289,9,4,1,303,SYNTHETIC_SPATIAL_IMBALANCE_V2
2026-02-09,D03_LONG_SON,Long Son ICD / Depot,20GP,SURPLUS,289,27,1,3,15,6,21,0,0,21,0,297,7,4,1,309,SYNTHETIC_SPATIAL_IMBALANCE_V2
2026-02-10,D03_LONG_SON,Long Son ICD / Depot,20GP,SURPLUS,297,23,1,2,12,6,18,0,0,18,0,303,6,2,1,312,SYNTHETIC_SPATIAL_IMBALANCE_V2
2026-02-11,D03_LONG_SON,Long Son ICD / Depot,20GP,SURPLUS,303,27,1,2,20,6,26,0,0,26,0,305,5,5,1,316,SYNTHETIC_SPATIAL_IMBALANCE_V2
2026-02-12,D03_LONG_SON,Long Son ICD / Depot,20GP,SURPLUS,305,31,2,1,21,2,23,0,0,23,0,312,6,4,1,323,SYNTHETIC_SPATIAL_IMBALANCE_V2
2026-02-13,D03_LONG_SON,Long Son ICD / Depot,20GP,SURPLUS,312,32,2,2,18,4,22,0,0,22,0,322,6,4,1,333,SYNTHETIC_SPATIAL_IMBALANCE_V2
2026-02-14,D03_LONG_SON,Long Son ICD / Depot,20GP,SURPLUS,322,25,1,1,14,4,18,0,0,18,0,329,6,3,1,339,SYNTHETIC_SPATIAL_IMBALANCE_V2
2026-02-15,D03_LONG_SON,Long Son ICD / Depot,20GP,SURPLUS,329,10,0,0,14,5,19,0,0,19,0,320,6,2,1,329,SYNTHETIC_SPATIAL_IMBALANCE_V2
2026-02-16,D03_LONG_SON,Long Son ICD / Depot,20GP,SURPLUS,320,29,1,1,14,2,16,0,0,16,0,333,6,3,1,343,SYNTHETIC_SPATIAL_IMBALANCE_V2
2026-02-17,D03_LONG_SON,Long Son ICD / Depot,20GP,SURPLUS,333,17,1,1,14,5,19,0,0,19,0,331,6,4,1,342,SYNTHETIC_SPATIAL_IMBALANCE_V2
2026-02-18,D03_LONG_SON,Long Son ICD / Depot,20GP,SURPLUS,331,29,1,1,17,3,20,0,0,20,0,340,6,5,1,352,SYNTHETIC_SPATIAL_IMBALANCE_V2
2026-02-19,D03_LONG_SON,Long Son ICD / Depot,20GP,SURPLUS,340,29,1,0,22,4,26,0,0,26,0,342,7,5,1,355,SYNTHETIC_SPATIAL_IMBALANCE_V2
2026-02-20,D03_LONG_SON,Long Son ICD / Depot,20GP,SURPLUS,342,18,1,2,17,4,21,0,0,21,0,340,6,5,1,352,SYNTHETIC_SPATIAL_IMBALANCE_V2
2026-02-21,D03_LONG_SON,Long Son ICD / Depot,20GP,SURPLUS,340,15,1,0,20,4,24,0,0,24,0,330,7,5,1,343,SYNTHETIC_SPATIAL_IMBALANCE_V2
2026-02-22,D03_LONG_SON,Long Son ICD / Depot,20GP,SURPLUS,330,22,1,2,6,3,9,0,0,9,0,344,6,1,1,352,SYNTHETIC_SPATIAL_IMBALANCE_V2
2026-02-23,D03_LONG_SON,Long Son ICD / Depot,20GP,SURPLUS,344,24,1,1,17,7,24,0,0,24,0,344,6,4,1,355,SYNTHETIC_SPATIAL_IMBALANCE_V2
2026-02-24,D03_LONG_SON,Long Son ICD / Depot,20GP,SURPLUS,344,28,1,2,19,4,23,0,0,23,0,350,5,4,1,360,SYNTHETIC_SPATIAL_IMBALANCE_V2
2026-02-25,D03_LONG_SON,Long Son ICD / Depot,20GP,SURPLUS,350,25,1,2,9,2,11,0,0,11,0,365,4,2,1,372,SYNTHETIC_SPATIAL_IMBALANCE_V2
2026-02-26,D03_LONG_SON,Long Son ICD / Depot,20GP,SURPLUS,365,34,2,0,12,5,17,0,0,17,0,380,6,2,1,389,SYNTHETIC_SPATIAL_IMBALANCE_V2
2026-02-27,D03_LONG_SON,Long Son ICD / Depot,20GP,SURPLUS,380,24,1,0,16,5,21,0,0,21,0,382,7,4,1,394,SYNTHETIC_SPATIAL_IMBALANCE_V2
2026-02-28,D03_LONG_SON,Long Son ICD / Depot,20GP,SURPLUS,382,25,1,1,13,6,19,0,0,19,0,388,7,3,1,399,SYNTHETIC_SPATIAL_IMBALANCE_V2
2026-03-01,D03_LONG_SON,Long Son ICD / Depot,20GP,SURPLUS,388,13,1,3,10,3,13,0,0,13,0,390,5,2,1,398,SYNTHETIC_SPATIAL_IMBALANCE_V2
2026-03-02,D03_LONG_SON,Long Son ICD / Depot,20GP,SURPLUS,390,32,2,1,13,3,16,0,0,16,0,405,6,3,1,415,SYNTHETIC_SPATIAL_IMBALANCE_V2
2026-03-03,D03_LONG_SON,Long Son ICD / Depot,20GP,SURPLUS,405,42,2,2,21,4,25,0,0,25,0,422,6,5,1,434,SYNTHETIC_SPATIAL_IMBALANCE_V2
2026-03-04,D03_LONG_SON,Long Son ICD / Depot,20GP,SURPLUS,422,28,1,0,21,6,27,0,0,27,0,422,7,5,1,435,SYNTHETIC_SPATIAL_IMBALANCE_V2
2026-03-05,D03_LONG_SON,Long Son ICD / Depot,20GP,SURPLUS,422,36,2,6,22,11,33,0,0,33,0,429,3,6,1,439,SYNTHETIC_SPATIAL_IMBALANCE_V2
2026-03-06,D03_LONG_SON,Long Son ICD / Depot,20GP,SURPLUS,429,31,2,1,20,8,28,0,0,28,0,431,4,5,1,441,SYNTHETIC_SPATIAL_IMBALANCE_V2
2026-03-07,D03_LONG_SON,Long Son ICD / Depot,20GP,SURPLUS,431,23,1,1,11,4,15,0,0,15,0,439,4,2,1,446,SYNTHETIC_SPATIAL_IMBALANCE_V2
2026-03-08,D03_LONG_SON,Long Son ICD / Depot,20GP,SURPLUS,439,15,1,0,14,3,17,0,0,17,0,436,5,4,1,446,SYNTHETIC_SPATIAL_IMBALANCE_V2
2026-03-09,D03_LONG_SON,Long Son ICD / Depot,20GP,SURPLUS,436,34,2,0,18,8,26,0,0,26,0,442,7,4,1,454,SYNTHETIC_SPATIAL_IMBALANCE_V2
2026-03-10,D03_LONG_SON,Long Son ICD / Depot,20GP,SURPLUS,442,32,2,2,26,3,29,0,0,29,0,445,7,4,1,457,SYNTHETIC_SPATIAL_IMBALANCE_V2
2026-03-11,D03_LONG_SON,Long Son ICD / Depot,20GP,SURPLUS,445,23,1,2,18,8,26,0,0,26,0,443,6,4,1,454,SYNTHETIC_SPATIAL_IMBALANCE_V2
2026-03-12,D03_LONG_SON,Long Son ICD / Depot,20GP,SURPLUS,443,38,2,1,26,6,32,0,0,32,0,448,7,4,1,460,SYNTHETIC_SPATIAL_IMBALANCE_V2
2026-03-13,D03_LONG_SON,Long Son ICD / Depot,20GP,SURPLUS,448,32,2,0,15,7,22,0,0,22,0,456,9,3,1,469,SYNTHETIC_SPATIAL_IMBALANCE_V2
2026-03-14,D03_LONG_SON,Long Son ICD / Depot,20GP,SURPLUS,456,26,1,1,14,2,16,0,0,16,0,466,9,4,1,480,SYNTHETIC_SPATIAL_IMBALANCE_V2
2026-03-15,D03_LONG_SON,Long Son ICD / Depot,20GP,SURPLUS,466,21,1,3,13,3,16,0,0,16,0,473,7,3,1,484,SYNTHETIC_SPATIAL_IMBALANCE_V2
2026-03-16,D03_LONG_SON,Long Son ICD / Depot,20GP,SURPLUS,473,26,1,2,28,4,32,0,0,32,0,468,6,4,1,479,SYNTHETIC_SPATIAL_IMBALANCE_V2
2026-03-17,D03_LONG_SON,Long Son ICD / Depot,20GP,SURPLUS,468,24,1,1,22,5,27,0,0,27,0,465,6,6,1,478,SYNTHETIC_SPATIAL_IMBALANCE_V2
2026-03-18,D03_LONG_SON,Long Son ICD / Depot,20GP,SURPLUS,465,24,1,1,15,6,21,0,0,21,0,468,6,3,1,478,SYNTHETIC_SPATIAL_IMBALANCE_V2
2026-03-19,D03_LONG_SON,Long Son ICD / Depot,20GP,SURPLUS,468,27,1,2,17,4,21,0,0,21,0,475,5,3,1,484,SYNTHETIC_SPATIAL_IMBALANCE_V2
2026-03-20,D03_LONG_SON,Long Son ICD / Depot,20GP,SURPLUS,475,29,1,2,21,2,23,0,0,23,0,482,4,5,1,492,SYNTHETIC_SPATIAL_IMBALANCE_V2
2026-03-21,D03_LONG_SON,Long Son ICD / Depot,20GP,SURPLUS,482,23,1,1,14,3,17,0,0,17,0,488,4,3,1,496,SYNTHETIC_SPATIAL_IMBALANCE_V2
2026-03-22,D03_LONG_SON,Long Son ICD / Depot,20GP,SURPLUS,488,19,1,0,10,4,14,0,0,14,0,492,5,3,1,501,SYNTHETIC_SPATIAL_IMBALANCE_V2
2026-03-23,D03_LONG_SON,Long Son ICD / Depot,20GP,SURPLUS,492,19,1,0,14,6,20,0,0,20,0,490,6,3,1,500,SYNTHETIC_SPATIAL_IMBALANCE_V2
2026-03-24,D03_LONG_SON,Long Son ICD / Depot,20GP,SURPLUS,490,27,1,1,24,5,29,0,0,29,0,488,6,4,1,499,SYNTHETIC_SPATIAL_IMBALANCE_V2
2026-03-25,D03_LONG_SON,Long Son ICD / Depot,20GP,SURPLUS,488,31,2,2,13,6,19,0,0,19,0,500,6,3,1,510,SYNTHETIC_SPATIAL_IMBALANCE_V2
2026-03-26,D03_LONG_SON,Long Son ICD / Depot,20GP,SURPLUS,500,27,1,1,14,5,19,0,0,19,0,508,6,3,1,518,SYNTHETIC_SPATIAL_IMBALANCE_V2
2026-03-27,D03_LONG_SON,Long Son ICD / Depot,20GP,SURPLUS,508,19,1,2,16,8,24,0,0,24,0,504,5,3,1,513,SYNTHETIC_SPATIAL_IMBALANCE_V2
2026-03-28,D03_LONG_SON,Long Son ICD / Depot,20GP,SURPLUS,504,21,1,0,10,1,11,0,0,11,0,513,6,2,1,522,SYNTHETIC_SPATIAL_IMBALANCE_V2
2026-03-29,D03_LONG_SON,Long Son ICD / Depot,20GP,SURPLUS,513,17,1,2,10,2,12,0,0,12,0,519,5,2,1,527,SYNTHETIC_SPATIAL_IMBALANCE_V2
2026-03-30,D03_LONG_SON,Long Son ICD / Depot,20GP,SURPLUS,519,26,1,1,19,5,24,0,0,24,0,521,5,5,1,532,SYNTHETIC_SPATIAL_IMBALANCE_V2
2026-03-31,D03_LONG_SON,Long Son ICD / Depot,20GP,SURPLUS,521,26,1,0,21,3,24,0,0,24,0,522,6,4,1,533,SYNTHETIC_SPATIAL_IMBALANCE_V2
2026-01-01,D03_LONG_SON,Long Son ICD / Depot,40GP,BALANCED,100,15,1,0,18,5,23,0,0,23,0,91,5,5,1,102,SYNTHETIC_SPATIAL_IMBALANCE_V2
2026-01-02,D03_LONG_SON,Long Son ICD / Depot,40GP,BALANCED,91,30,1,1,16,4,20,0,0,20,0,101,5,2,1,109,SYNTHETIC_SPATIAL_IMBALANCE_V2
2026-01-03,D03_LONG_SON,Long Son ICD / Depot,40GP,BALANCED,101,20,1,3,13,5,18,0,0,18,0,105,3,3,1,112,SYNTHETIC_SPATIAL_IMBALANCE_V2
2026-01-04,D03_LONG_SON,Long Son ICD / Depot,40GP,BALANCED,105,21,1,0,15,5,20,0,0,20,0,105,4,4,1,114,SYNTHETIC_SPATIAL_IMBALANCE_V2
2026-01-05,D03_LONG_SON,Long Son ICD / Depot,40GP,BALANCED,105,28,1,1,22,7,29,0,0,29,0,104,4,6,1,115,SYNTHETIC_SPATIAL_IMBALANCE_V2
2026-01-06,D03_LONG_SON,Long Son ICD / Depot,40GP,BALANCED,104,26,1,2,16,3,19,0,0,19,0,112,3,3,1,119,SYNTHETIC_SPATIAL_IMBALANCE_V2
2026-01-07,D03_LONG_SON,Long Son ICD / Depot,40GP,BALANCED,112,18,1,0,26,4,30,0,0,30,0,99,4,7,1,111,SYNTHETIC_SPATIAL_IMBALANCE_V2
2026-01-08,D03_LONG_SON,Long Son ICD / Depot,40GP,BALANCED,99,33,1,3,25,8,33,0,0,33,0,101,2,6,1,110,SYNTHETIC_SPATIAL_IMBALANCE_V2
2026-01-09,D03_LONG_SON,Long Son ICD / Depot,40GP,BALANCED,101,32,1,0,27,6,33,0,0,33,0,99,3,5,1,108,SYNTHETIC_SPATIAL_IMBALANCE_V2
2026-01-10,D03_LONG_SON,Long Son ICD / Depot,40GP,BALANCED,99,35,2,0,24,7,31,0,0,31,0,101,5,4,1,111,SYNTHETIC_SPATIAL_IMBALANCE_V2
2026-01-11,D03_LONG_SON,Long Son ICD / Depot,40GP,BALANCED,101,11,0,0,10,5,15,0,0,15,0,97,5,2,1,105,SYNTHETIC_SPATIAL_IMBALANCE_V2
2026-01-12,D03_LONG_SON,Long Son ICD / Depot,40GP,BALANCED,97,27,1,1,25,6,31,0,0,31,0,93,5,7,1,106,SYNTHETIC_SPATIAL_IMBALANCE_V2
2026-01-13,D03_LONG_SON,Long Son ICD / Depot,40GP,BALANCED,93,30,1,1,34,5,39,0,0,39,0,84,5,9,1,99,SYNTHETIC_SPATIAL_IMBALANCE_V2
2026-01-14,D03_LONG_SON,Long Son ICD / Depot,40GP,BALANCED,84,27,1,1,13,2,15,0,0,15,0,96,5,4,1,106,SYNTHETIC_SPATIAL_IMBALANCE_V2
2026-01-15,D03_LONG_SON,Long Son ICD / Depot,40GP,BALANCED,96,35,2,1,21,6,27,0,0,27,0,103,6,5,1,115,SYNTHETIC_SPATIAL_IMBALANCE_V2
2026-01-16,D03_LONG_SON,Long Son ICD / Depot,40GP,BALANCED,103,27,1,5,20,4,24,0,0,24,0,110,2,5,1,118,SYNTHETIC_SPATIAL_IMBALANCE_V2
2026-01-17,D03_LONG_SON,Long Son ICD / Depot,40GP,BALANCED,110,27,1,0,17,5,22,0,0,22,0,114,3,3,1,121,SYNTHETIC_SPATIAL_IMBALANCE_V2
2026-01-18,D03_LONG_SON,Long Son ICD / Depot,40GP,BALANCED,114,21,1,3,13,2,15,0,0,15,0,122,1,3,1,127,SYNTHETIC_SPATIAL_IMBALANCE_V2
2026-01-19,D03_LONG_SON,Long Son ICD / Depot,40GP,BALANCED,122,23,1,0,18,7,25,0,0,25,0,119,2,4,1,126,SYNTHETIC_SPATIAL_IMBALANCE_V2
2026-01-20,D03_LONG_SON,Long Son ICD / Depot,40GP,BALANCED,119,22,1,1,19,2,21,0,0,21,0,120,2,3,1,126,SYNTHETIC_SPATIAL_IMBALANCE_V2
2026-01-21,D03_LONG_SON,Long Son ICD / Depot,40GP,BALANCED,120,26,1,1,16,9,25,0,0,25,0,121,2,4,1,128,SYNTHETIC_SPATIAL_IMBALANCE_V2
2026-01-22,D03_LONG_SON,Long Son ICD / Depot,40GP,BALANCED,121,22,1,2,15,6,21,0,0,21,0,123,1,4,1,129,SYNTHETIC_SPATIAL_IMBALANCE_V2
2026-01-23,D03_LONG_SON,Long Son ICD / Depot,40GP,BALANCED,123,19,1,0,13,4,17,0,0,17,0,124,2,3,1,130,SYNTHETIC_SPATIAL_IMBALANCE_V2
2026-01-24,D03_LONG_SON,Long Son ICD / Depot,40GP,BALANCED,124,20,1,0,16,7,23,0,0,23,0,120,3,3,1,127,SYNTHETIC_SPATIAL_IMBALANCE_V2
2026-01-25,D03_LONG_SON,Long Son ICD / Depot,40GP,BALANCED,120,5,0,2,15,4,19,0,0,19,0,108,1,3,1,113,SYNTHETIC_SPATIAL_IMBALANCE_V2
2026-01-26,D03_LONG_SON,Long Son ICD / Depot,40GP,BALANCED,108,29,1,1,14,6,20,0,0,20,0,117,1,4,1,123,SYNTHETIC_SPATIAL_IMBALANCE_V2
2026-01-27,D03_LONG_SON,Long Son ICD / Depot,40GP,BALANCED,117,27,1,0,16,4,20,0,0,20,0,123,2,3,1,129,SYNTHETIC_SPATIAL_IMBALANCE_V2
2026-01-28,D03_LONG_SON,Long Son ICD / Depot,40GP,BALANCED,123,23,1,0,21,10,31,0,0,31,0,114,3,5,1,123,SYNTHETIC_SPATIAL_IMBALANCE_V2
2026-01-29,D03_LONG_SON,Long Son ICD / Depot,40GP,BALANCED,114,21,1,1,22,11,33,0,0,33,0,102,3,5,1,111,SYNTHETIC_SPATIAL_IMBALANCE_V2
2026-01-30,D03_LONG_SON,Long Son ICD / Depot,40GP,BALANCED,102,32,1,0,26,5,31,0,0,31,0,102,4,7,1,114,SYNTHETIC_SPATIAL_IMBALANCE_V2
2026-01-31,D03_LONG_SON,Long Son ICD / Depot,40GP,BALANCED,102,22,1,2,18,6,24,0,0,24,0,101,3,5,1,110,SYNTHETIC_SPATIAL_IMBALANCE_V2
2026-02-01,D03_LONG_SON,Long Son ICD / Depot,40GP,BALANCED,101,19,1,0,17,4,21,0,0,21,0,98,4,3,1,106,SYNTHETIC_SPATIAL_IMBALANCE_V2
2026-02-02,D03_LONG_SON,Long Son ICD / Depot,40GP,BALANCED,98,22,1,0,18,3,21,0,0,21,0,98,5,3,1,107,SYNTHETIC_SPATIAL_IMBALANCE_V2
2026-02-03,D03_LONG_SON,Long Son ICD / Depot,40GP,BALANCED,98,29,1,1,22,4,26,0,0,26,0,101,5,3,1,110,SYNTHETIC_SPATIAL_IMBALANCE_V2
2026-02-04,D03_LONG_SON,Long Son ICD / Depot,40GP,BALANCED,101,26,1,1,18,6,24,0,0,24,0,103,5,5,1,114,SYNTHETIC_SPATIAL_IMBALANCE_V2
2026-02-05,D03_LONG_SON,Long Son ICD / Depot,40GP,BALANCED,103,30,1,0,14,4,18,0,0,18,0,114,6,2,1,123,SYNTHETIC_SPATIAL_IMBALANCE_V2
2026-02-06,D03_LONG_SON,Long Son ICD / Depot,40GP,BALANCED,114,29,1,1,23,4,27,0,0,27,0,116,6,4,1,127,SYNTHETIC_SPATIAL_IMBALANCE_V2
2026-02-07,D03_LONG_SON,Long Son ICD / Depot,40GP,BALANCED,116,36,2,1,16,3,19,0,0,19,0,132,7,3,1,143,SYNTHETIC_SPATIAL_IMBALANCE_V2
2026-02-08,D03_LONG_SON,Long Son ICD / Depot,40GP,BALANCED,132,18,1,4,14,3,17,0,0,17,0,136,4,4,1,145,SYNTHETIC_SPATIAL_IMBALANCE_V2
2026-02-09,D03_LONG_SON,Long Son ICD / Depot,40GP,BALANCED,136,31,1,1,21,5,26,0,0,26,0,141,4,6,1,152,SYNTHETIC_SPATIAL_IMBALANCE_V2
2026-02-10,D03_LONG_SON,Long Son ICD / Depot,40GP,BALANCED,141,23,1,0,21,4,25,0,0,25,0,138,5,4,1,148,SYNTHETIC_SPATIAL_IMBALANCE_V2
2026-02-11,D03_LONG_SON,Long Son ICD / Depot,40GP,BALANCED,138,29,1,1,19,4,23,0,0,23,0,144,5,3,1,153,SYNTHETIC_SPATIAL_IMBALANCE_V2
2026-02-12,D03_LONG_SON,Long Son ICD / Depot,40GP,BALANCED,144,29,1,0,26,7,33,0,0,33,0,139,6,6,1,152,SYNTHETIC_SPATIAL_IMBALANCE_V2
2026-02-13,D03_LONG_SON,Long Son ICD / Depot,40GP,BALANCED,139,27,1,3,20,8,28,0,0,28,0,140,4,5,1,150,SYNTHETIC_SPATIAL_IMBALANCE_V2
2026-02-14,D03_LONG_SON,Long Son ICD / Depot,40GP,BALANCED,140,37,2,0,19,7,26,0,0,26,0,149,6,4,1,160,SYNTHETIC_SPATIAL_IMBALANCE_V2
2026-02-15,D03_LONG_SON,Long Son ICD / Depot,40GP,BALANCED,149,24,1,1,13,4,17,0,0,17,0,156,6,3,1,166,SYNTHETIC_SPATIAL_IMBALANCE_V2
2026-02-16,D03_LONG_SON,Long Son ICD / Depot,40GP,BALANCED,156,17,1,1,14,8,22,0,0,22,0,151,6,3,1,161,SYNTHETIC_SPATIAL_IMBALANCE_V2
2026-02-17,D03_LONG_SON,Long Son ICD / Depot,40GP,BALANCED,151,25,1,3,22,3,25,0,0,25,0,153,4,6,1,164,SYNTHETIC_SPATIAL_IMBALANCE_V2
2026-02-18,D03_LONG_SON,Long Son ICD / Depot,40GP,BALANCED,153,17,1,1,19,6,25,0,0,25,0,145,4,5,1,155,SYNTHETIC_SPATIAL_IMBALANCE_V2
2026-02-19,D03_LONG_SON,Long Son ICD / Depot,40GP,BALANCED,145,30,1,1,18,8,26,0,0,26,0,149,4,3,1,157,SYNTHETIC_SPATIAL_IMBALANCE_V2
2026-02-20,D03_LONG_SON,Long Son ICD / Depot,40GP,BALANCED,149,30,1,0,13,5,18,0,0,18,0,160,5,3,1,169,SYNTHETIC_SPATIAL_IMBALANCE_V2
2026-02-21,D03_LONG_SON,Long Son ICD / Depot,40GP,BALANCED,160,18,1,0,12,3,15,0,0,15,0,162,6,3,1,172,SYNTHETIC_SPATIAL_IMBALANCE_V2
2026-02-22,D03_LONG_SON,Long Son ICD / Depot,40GP,BALANCED,162,19,1,1,8,3,11,0,0,11,0,170,6,2,1,179,SYNTHETIC_SPATIAL_IMBALANCE_V2
2026-02-23,D03_LONG_SON,Long Son ICD / Depot,40GP,BALANCED,170,33,1,0,20,7,27,0,0,27,0,175,7,4,1,187,SYNTHETIC_SPATIAL_IMBALANCE_V2
2026-02-24,D03_LONG_SON,Long Son ICD / Depot,40GP,BALANCED,175,21,1,2,18,4,22,0,0,22,0,175,6,5,1,187,SYNTHETIC_SPATIAL_IMBALANCE_V2
2026-02-25,D03_LONG_SON,Long Son ICD / Depot,40GP,BALANCED,175,16,1,2,15,2,17,0,0,17,0,175,5,4,1,185,SYNTHETIC_SPATIAL_IMBALANCE_V2
2026-02-26,D03_LONG_SON,Long Son ICD / Depot,40GP,BALANCED,175,23,1,2,21,5,26,0,0,26,0,173,4,5,1,183,SYNTHETIC_SPATIAL_IMBALANCE_V2
2026-02-27,D03_LONG_SON,Long Son ICD / Depot,40GP,BALANCED,173,23,1,1,18,2,20,0,0,20,0,176,4,5,1,186,SYNTHETIC_SPATIAL_IMBALANCE_V2
2026-02-28,D03_LONG_SON,Long Son ICD / Depot,40GP,BALANCED,176,34,2,2,24,4,28,0,0,28,0,182,4,4,1,191,SYNTHETIC_SPATIAL_IMBALANCE_V2
2026-03-01,D03_LONG_SON,Long Son ICD / Depot,40GP,BALANCED,182,17,1,3,21,3,24,0,0,24,0,177,2,5,1,185,SYNTHETIC_SPATIAL_IMBALANCE_V2
2026-03-02,D03_LONG_SON,Long Son ICD / Depot,40GP,BALANCED,177,26,1,1,15,7,22,0,0,22,0,181,2,2,1,186,SYNTHETIC_SPATIAL_IMBALANCE_V2
2026-03-03,D03_LONG_SON,Long Son ICD / Depot,40GP,BALANCED,181,24,1,0,15,7,22,0,0,22,0,182,3,4,1,190,SYNTHETIC_SPATIAL_IMBALANCE_V2
2026-03-04,D03_LONG_SON,Long Son ICD / Depot,40GP,BALANCED,182,35,2,0,25,7,32,0,0,32,0,183,5,5,1,194,SYNTHETIC_SPATIAL_IMBALANCE_V2
2026-03-05,D03_LONG_SON,Long Son ICD / Depot,40GP,BALANCED,183,34,2,1,20,5,25,0,0,25,0,191,6,3,1,201,SYNTHETIC_SPATIAL_IMBALANCE_V2
2026-03-06,D03_LONG_SON,Long Son ICD / Depot,40GP,BALANCED,191,28,1,2,22,6,28,0,0,28,0,192,5,4,1,202,SYNTHETIC_SPATIAL_IMBALANCE_V2
2026-03-07,D03_LONG_SON,Long Son ICD / Depot,40GP,BALANCED,192,16,1,2,20,7,27,0,0,27,0,182,4,5,1,192,SYNTHETIC_SPATIAL_IMBALANCE_V2
2026-03-08,D03_LONG_SON,Long Son ICD / Depot,40GP,BALANCED,182,18,1,0,10,1,11,0,0,11,0,188,5,2,1,196,SYNTHETIC_SPATIAL_IMBALANCE_V2
2026-03-09,D03_LONG_SON,Long Son ICD / Depot,40GP,BALANCED,188,16,1,2,26,8,34,0,0,34,0,171,4,5,1,181,SYNTHETIC_SPATIAL_IMBALANCE_V2
2026-03-10,D03_LONG_SON,Long Son ICD / Depot,40GP,BALANCED,171,30,1,0,24,8,32,0,0,32,0,168,5,7,1,181,SYNTHETIC_SPATIAL_IMBALANCE_V2
2026-03-11,D03_LONG_SON,Long Son ICD / Depot,40GP,BALANCED,168,34,2,2,16,8,24,0,0,24,0,178,5,3,1,187,SYNTHETIC_SPATIAL_IMBALANCE_V2
2026-03-12,D03_LONG_SON,Long Son ICD / Depot,40GP,BALANCED,178,25,1,1,16,6,22,0,0,22,0,181,5,3,1,190,SYNTHETIC_SPATIAL_IMBALANCE_V2
2026-03-13,D03_LONG_SON,Long Son ICD / Depot,40GP,BALANCED,181,34,2,1,28,13,41,0,0,41,0,173,6,8,1,188,SYNTHETIC_SPATIAL_IMBALANCE_V2
2026-03-14,D03_LONG_SON,Long Son ICD / Depot,40GP,BALANCED,173,26,1,4,20,5,25,0,0,25,0,177,3,3,1,184,SYNTHETIC_SPATIAL_IMBALANCE_V2
2026-03-15,D03_LONG_SON,Long Son ICD / Depot,40GP,BALANCED,177,20,1,1,15,5,20,0,0,20,0,177,3,3,1,184,SYNTHETIC_SPATIAL_IMBALANCE_V2
2026-03-16,D03_LONG_SON,Long Son ICD / Depot,40GP,BALANCED,177,29,1,0,25,7,32,0,0,32,0,173,4,5,1,183,SYNTHETIC_SPATIAL_IMBALANCE_V2
2026-03-17,D03_LONG_SON,Long Son ICD / Depot,40GP,BALANCED,173,23,1,2,20,5,25,0,0,25,0,172,3,5,1,181,SYNTHETIC_SPATIAL_IMBALANCE_V2
2026-03-18,D03_LONG_SON,Long Son ICD / Depot,40GP,BALANCED,172,23,1,1,15,2,17,0,0,17,0,178,3,4,1,186,SYNTHETIC_SPATIAL_IMBALANCE_V2
2026-03-19,D03_LONG_SON,Long Son ICD / Depot,40GP,BALANCED,178,17,1,2,22,3,25,0,0,25,0,171,2,5,1,179,SYNTHETIC_SPATIAL_IMBALANCE_V2
2026-03-20,D03_LONG_SON,Long Son ICD / Depot,40GP,BALANCED,171,30,1,0,16,6,22,0,0,22,0,178,3,4,1,186,SYNTHETIC_SPATIAL_IMBALANCE_V2
2026-03-21,D03_LONG_SON,Long Son ICD / Depot,40GP,BALANCED,178,19,1,0,20,8,28,0,0,28,0,168,4,5,1,178,SYNTHETIC_SPATIAL_IMBALANCE_V2
2026-03-22,D03_LONG_SON,Long Son ICD / Depot,40GP,BALANCED,168,18,1,1,11,5,16,0,0,16,0,170,4,3,1,178,SYNTHETIC_SPATIAL_IMBALANCE_V2
2026-03-23,D03_LONG_SON,Long Son ICD / Depot,40GP,BALANCED,170,20,1,0,27,4,31,0,0,31,0,158,5,7,1,171,SYNTHETIC_SPATIAL_IMBALANCE_V2
2026-03-24,D03_LONG_SON,Long Son ICD / Depot,40GP,BALANCED,158,25,1,2,16,8,24,0,0,24,0,160,4,4,1,169,SYNTHETIC_SPATIAL_IMBALANCE_V2
2026-03-25,D03_LONG_SON,Long Son ICD / Depot,40GP,BALANCED,160,19,1,1,15,4,19,0,0,19,0,160,4,3,1,168,SYNTHETIC_SPATIAL_IMBALANCE_V2
2026-03-26,D03_LONG_SON,Long Son ICD / Depot,40GP,BALANCED,160,24,1,1,19,10,29,0,0,29,0,155,4,4,1,164,SYNTHETIC_SPATIAL_IMBALANCE_V2
2026-03-27,D03_LONG_SON,Long Son ICD / Depot,40GP,BALANCED,155,27,1,0,13,5,18,0,0,18,0,163,5,3,1,172,SYNTHETIC_SPATIAL_IMBALANCE_V2
2026-03-28,D03_LONG_SON,Long Son ICD / Depot,40GP,BALANCED,163,15,1,2,18,9,27,0,0,27,0,152,4,4,1,161,SYNTHETIC_SPATIAL_IMBALANCE_V2
2026-03-29,D03_LONG_SON,Long Son ICD / Depot,40GP,BALANCED,152,21,1,1,10,2,12,0,0,12,0,161,4,3,1,169,SYNTHETIC_SPATIAL_IMBALANCE_V2
2026-03-30,D03_LONG_SON,Long Son ICD / Depot,40GP,BALANCED,161,16,1,1,14,4,18,0,0,18,0,159,4,3,1,167,SYNTHETIC_SPATIAL_IMBALANCE_V2
2026-03-31,D03_LONG_SON,Long Son ICD / Depot,40GP,BALANCED,159,22,1,1,19,6,25,0,0,25,0,156,4,6,1,167,SYNTHETIC_SPATIAL_IMBALANCE_V2
2026-01-01,D03_LONG_SON,Long Son ICD / Depot,40HC,BALANCED,105,20,1,0,30,8,38,0,0,38,0,86,5,7,1,99,SYNTHETIC_SPATIAL_IMBALANCE_V2
2026-01-02,D03_LONG_SON,Long Son ICD / Depot,40HC,BALANCED,86,26,1,1,24,7,31,0,0,31,0,81,5,6,1,93,SYNTHETIC_SPATIAL_IMBALANCE_V2
2026-01-03,D03_LONG_SON,Long Son ICD / Depot,40HC,BALANCED,81,16,1,0,16,4,20,0,0,20,0,76,6,3,1,86,SYNTHETIC_SPATIAL_IMBALANCE_V2
2026-01-04,D03_LONG_SON,Long Son ICD / Depot,40HC,BALANCED,76,21,1,2,17,8,25,0,0,25,0,73,5,3,1,82,SYNTHETIC_SPATIAL_IMBALANCE_V2
2026-01-05,D03_LONG_SON,Long Son ICD / Depot,40HC,BALANCED,73,22,1,2,23,4,27,0,0,27,0,69,4,4,1,78,SYNTHETIC_SPATIAL_IMBALANCE_V2
2026-01-06,D03_LONG_SON,Long Son ICD / Depot,40HC,BALANCED,69,17,1,2,20,2,22,0,0,22,0,65,3,4,1,73,SYNTHETIC_SPATIAL_IMBALANCE_V2
2026-01-07,D03_LONG_SON,Long Son ICD / Depot,40HC,BALANCED,65,30,1,0,20,7,27,0,0,27,0,67,4,6,1,78,SYNTHETIC_SPATIAL_IMBALANCE_V2
2026-01-08,D03_LONG_SON,Long Son ICD / Depot,40HC,BALANCED,67,40,2,1,26,5,31,0,0,31,0,75,5,4,1,85,SYNTHETIC_SPATIAL_IMBALANCE_V2
2026-01-09,D03_LONG_SON,Long Son ICD / Depot,40HC,BALANCED,75,34,1,0,17,4,21,0,0,21,0,87,6,5,1,99,SYNTHETIC_SPATIAL_IMBALANCE_V2
2026-01-10,D03_LONG_SON,Long Son ICD / Depot,40HC,BALANCED,87,24,1,4,21,7,28,0,0,28,0,86,3,4,1,94,SYNTHETIC_SPATIAL_IMBALANCE_V2
2026-01-11,D03_LONG_SON,Long Son ICD / Depot,40HC,BALANCED,86,26,1,1,16,8,24,0,0,24,0,88,3,3,1,95,SYNTHETIC_SPATIAL_IMBALANCE_V2
2026-01-12,D03_LONG_SON,Long Son ICD / Depot,40HC,BALANCED,88,21,1,1,29,5,34,0,0,34,0,75,3,5,1,84,SYNTHETIC_SPATIAL_IMBALANCE_V2
2026-01-13,D03_LONG_SON,Long Son ICD / Depot,40HC,BALANCED,75,25,1,2,31,9,40,0,0,40,0,61,2,8,1,72,SYNTHETIC_SPATIAL_IMBALANCE_V2
2026-01-14,D03_LONG_SON,Long Son ICD / Depot,40HC,BALANCED,61,31,1,0,16,3,19,0,0,19,0,72,3,4,1,80,SYNTHETIC_SPATIAL_IMBALANCE_V2
2026-01-15,D03_LONG_SON,Long Son ICD / Depot,40HC,BALANCED,72,39,2,2,25,9,34,0,0,34,0,77,3,5,1,86,SYNTHETIC_SPATIAL_IMBALANCE_V2
2026-01-16,D03_LONG_SON,Long Son ICD / Depot,40HC,BALANCED,77,23,1,1,17,8,25,0,0,25,0,75,3,3,1,82,SYNTHETIC_SPATIAL_IMBALANCE_V2
2026-01-17,D03_LONG_SON,Long Son ICD / Depot,40HC,BALANCED,75,32,1,2,19,7,26,0,0,26,0,82,2,3,1,88,SYNTHETIC_SPATIAL_IMBALANCE_V2
2026-01-18,D03_LONG_SON,Long Son ICD / Depot,40HC,BALANCED,82,22,1,0,17,2,19,0,0,19,0,84,3,4,1,92,SYNTHETIC_SPATIAL_IMBALANCE_V2
2026-01-19,D03_LONG_SON,Long Son ICD / Depot,40HC,BALANCED,84,21,1,0,18,4,22,0,0,22,0,82,4,3,1,90,SYNTHETIC_SPATIAL_IMBALANCE_V2
2026-01-20,D03_LONG_SON,Long Son ICD / Depot,40HC,BALANCED,82,30,1,0,15,3,18,0,0,18,0,93,5,3,1,102,SYNTHETIC_SPATIAL_IMBALANCE_V2
2026-01-21,D03_LONG_SON,Long Son ICD / Depot,40HC,BALANCED,93,28,1,0,22,3,25,0,0,25,0,95,6,6,1,108,SYNTHETIC_SPATIAL_IMBALANCE_V2
2026-01-22,D03_LONG_SON,Long Son ICD / Depot,40HC,BALANCED,95,12,0,3,18,3,21,0,0,21,0,89,3,3,1,96,SYNTHETIC_SPATIAL_IMBALANCE_V2
2026-01-23,D03_LONG_SON,Long Son ICD / Depot,40HC,BALANCED,89,16,1,0,20,6,26,0,0,26,0,78,4,4,1,87,SYNTHETIC_SPATIAL_IMBALANCE_V2
2026-01-24,D03_LONG_SON,Long Son ICD / Depot,40HC,BALANCED,78,17,1,0,14,6,20,0,0,20,0,74,5,2,1,82,SYNTHETIC_SPATIAL_IMBALANCE_V2
2026-01-25,D03_LONG_SON,Long Son ICD / Depot,40HC,BALANCED,74,21,1,1,14,5,19,0,0,19,0,76,5,3,1,85,SYNTHETIC_SPATIAL_IMBALANCE_V2
2026-01-26,D03_LONG_SON,Long Son ICD / Depot,40HC,BALANCED,76,19,1,0,18,7,25,0,0,25,0,69,6,5,1,81,SYNTHETIC_SPATIAL_IMBALANCE_V2
2026-01-27,D03_LONG_SON,Long Son ICD / Depot,40HC,BALANCED,69,27,1,0,27,5,32,0,0,32,0,63,7,8,1,79,SYNTHETIC_SPATIAL_IMBALANCE_V2
2026-01-28,D03_LONG_SON,Long Son ICD / Depot,40HC,BALANCED,63,21,1,1,22,4,26,0,0,26,0,58,7,5,1,71,SYNTHETIC_SPATIAL_IMBALANCE_V2
2026-01-29,D03_LONG_SON,Long Son ICD / Depot,40HC,BALANCED,58,26,1,2,20,4,24,0,0,24,0,61,6,5,1,73,SYNTHETIC_SPATIAL_IMBALANCE_V2
2026-01-30,D03_LONG_SON,Long Son ICD / Depot,40HC,BALANCED,61,25,1,4,20,8,28,0,0,28,0,61,3,4,1,69,SYNTHETIC_SPATIAL_IMBALANCE_V2
2026-01-31,D03_LONG_SON,Long Son ICD / Depot,40HC,BALANCED,61,20,1,0,22,6,28,0,0,28,0,52,4,5,1,62,SYNTHETIC_SPATIAL_IMBALANCE_V2
2026-02-01,D03_LONG_SON,Long Son ICD / Depot,40HC,BALANCED,52,22,1,1,16,5,21,0,0,21,0,53,4,5,1,63,SYNTHETIC_SPATIAL_IMBALANCE_V2
2026-02-02,D03_LONG_SON,Long Son ICD / Depot,40HC,BALANCED,53,25,1,1,14,7,21,0,0,21,0,57,4,3,1,65,SYNTHETIC_SPATIAL_IMBALANCE_V2
2026-02-03,D03_LONG_SON,Long Son ICD / Depot,40HC,BALANCED,57,29,1,1,27,3,30,0,0,30,0,56,4,7,1,68,SYNTHETIC_SPATIAL_IMBALANCE_V2
2026-02-04,D03_LONG_SON,Long Son ICD / Depot,40HC,BALANCED,56,28,1,1,17,5,22,0,0,22,0,62,4,3,1,70,SYNTHETIC_SPATIAL_IMBALANCE_V2
2026-02-05,D03_LONG_SON,Long Son ICD / Depot,40HC,BALANCED,62,31,1,0,26,4,30,0,0,30,0,62,5,6,1,74,SYNTHETIC_SPATIAL_IMBALANCE_V2
2026-02-06,D03_LONG_SON,Long Son ICD / Depot,40HC,BALANCED,62,32,1,1,17,6,23,0,0,23,0,71,5,4,1,81,SYNTHETIC_SPATIAL_IMBALANCE_V2
2026-02-07,D03_LONG_SON,Long Son ICD / Depot,40HC,BALANCED,71,21,1,1,19,7,26,0,0,26,0,66,5,4,1,76,SYNTHETIC_SPATIAL_IMBALANCE_V2
2026-02-08,D03_LONG_SON,Long Son ICD / Depot,40HC,BALANCED,66,16,1,0,17,4,21,0,0,21,0,60,6,3,1,70,SYNTHETIC_SPATIAL_IMBALANCE_V2
2026-02-09,D03_LONG_SON,Long Son ICD / Depot,40HC,BALANCED,60,29,1,1,14,4,18,0,0,18,0,71,6,4,1,82,SYNTHETIC_SPATIAL_IMBALANCE_V2
2026-02-10,D03_LONG_SON,Long Son ICD / Depot,40HC,BALANCED,71,28,1,2,19,3,22,0,0,22,0,78,5,5,1,89,SYNTHETIC_SPATIAL_IMBALANCE_V2
2026-02-11,D03_LONG_SON,Long Son ICD / Depot,40HC,BALANCED,78,25,1,2,18,3,21,0,0,21,0,83,4,4,1,92,SYNTHETIC_SPATIAL_IMBALANCE_V2
2026-02-12,D03_LONG_SON,Long Son ICD / Depot,40HC,BALANCED,83,20,1,0,20,4,24,0,0,24,0,78,5,6,1,90,SYNTHETIC_SPATIAL_IMBALANCE_V2
2026-02-13,D03_LONG_SON,Long Son ICD / Depot,40HC,BALANCED,78,22,1,1,18,3,21,0,0,21,0,79,5,3,1,88,SYNTHETIC_SPATIAL_IMBALANCE_V2
2026-02-14,D03_LONG_SON,Long Son ICD / Depot,40HC,BALANCED,79,22,1,2,17,6,23,0,0,23,0,79,4,4,1,88,SYNTHETIC_SPATIAL_IMBALANCE_V2
2026-02-15,D03_LONG_SON,Long Son ICD / Depot,40HC,BALANCED,79,22,1,0,12,6,18,0,0,18,0,82,5,2,1,90,SYNTHETIC_SPATIAL_IMBALANCE_V2
2026-02-16,D03_LONG_SON,Long Son ICD / Depot,40HC,BALANCED,82,22,1,3,13,4,17,0,0,17,0,89,3,2,1,95,SYNTHETIC_SPATIAL_IMBALANCE_V2
2026-02-17,D03_LONG_SON,Long Son ICD / Depot,40HC,BALANCED,89,28,1,0,11,5,16,0,0,16,0,100,4,2,1,107,SYNTHETIC_SPATIAL_IMBALANCE_V2
2026-02-18,D03_LONG_SON,Long Son ICD / Depot,40HC,BALANCED,100,25,1,1,14,4,18,0,0,18,0,107,4,3,1,115,SYNTHETIC_SPATIAL_IMBALANCE_V2
2026-02-19,D03_LONG_SON,Long Son ICD / Depot,40HC,BALANCED,107,22,1,2,12,2,14,0,0,14,0,116,3,4,1,124,SYNTHETIC_SPATIAL_IMBALANCE_V2
2026-02-20,D03_LONG_SON,Long Son ICD / Depot,40HC,BALANCED,116,25,1,1,10,4,14,0,0,14,0,127,3,2,1,133,SYNTHETIC_SPATIAL_IMBALANCE_V2
2026-02-21,D03_LONG_SON,Long Son ICD / Depot,40HC,BALANCED,127,28,1,1,18,6,24,0,0,24,0,131,3,5,1,140,SYNTHETIC_SPATIAL_IMBALANCE_V2
2026-02-22,D03_LONG_SON,Long Son ICD / Depot,40HC,BALANCED,131,24,1,0,13,5,18,0,0,18,0,136,4,3,1,144,SYNTHETIC_SPATIAL_IMBALANCE_V2
2026-02-23,D03_LONG_SON,Long Son ICD / Depot,40HC,BALANCED,136,18,1,1,14,5,19,0,0,19,0,135,4,4,1,144,SYNTHETIC_SPATIAL_IMBALANCE_V2
2026-02-24,D03_LONG_SON,Long Son ICD / Depot,40HC,BALANCED,135,20,1,2,13,3,16,0,0,16,0,140,3,3,1,147,SYNTHETIC_SPATIAL_IMBALANCE_V2
2026-02-25,D03_LONG_SON,Long Son ICD / Depot,40HC,BALANCED,140,23,1,0,22,3,25,0,0,25,0,137,4,4,1,146,SYNTHETIC_SPATIAL_IMBALANCE_V2
2026-02-26,D03_LONG_SON,Long Son ICD / Depot,40HC,BALANCED,137,37,1,0,18,4,22,0,0,22,0,151,5,5,1,162,SYNTHETIC_SPATIAL_IMBALANCE_V2
2026-02-27,D03_LONG_SON,Long Son ICD / Depot,40HC,BALANCED,151,28,1,2,14,5,19,0,0,19,0,161,4,4,1,170,SYNTHETIC_SPATIAL_IMBALANCE_V2
2026-02-28,D03_LONG_SON,Long Son ICD / Depot,40HC,BALANCED,161,17,1,0,18,5,23,0,0,23,0,154,5,3,1,163,SYNTHETIC_SPATIAL_IMBALANCE_V2
2026-03-01,D03_LONG_SON,Long Son ICD / Depot,40HC,BALANCED,154,20,1,1,14,2,16,0,0,16,0,158,5,3,1,167,SYNTHETIC_SPATIAL_IMBALANCE_V2
2026-03-02,D03_LONG_SON,Long Son ICD / Depot,40HC,BALANCED,158,34,1,2,24,7,31,0,0,31,0,162,4,6,1,173,SYNTHETIC_SPATIAL_IMBALANCE_V2
2026-03-03,D03_LONG_SON,Long Son ICD / Depot,40HC,BALANCED,162,28,1,0,17,6,23,0,0,23,0,166,5,3,1,175,SYNTHETIC_SPATIAL_IMBALANCE_V2
2026-03-04,D03_LONG_SON,Long Son ICD / Depot,40HC,BALANCED,166,27,1,0,28,7,35,0,0,35,0,157,6,8,1,172,SYNTHETIC_SPATIAL_IMBALANCE_V2
2026-03-05,D03_LONG_SON,Long Son ICD / Depot,40HC,BALANCED,157,36,1,1,24,10,34,0,0,34,0,159,6,4,1,170,SYNTHETIC_SPATIAL_IMBALANCE_V2
2026-03-06,D03_LONG_SON,Long Son ICD / Depot,40HC,BALANCED,159,23,1,0,14,5,19,0,0,19,0,162,7,3,1,173,SYNTHETIC_SPATIAL_IMBALANCE_V2
2026-03-07,D03_LONG_SON,Long Son ICD / Depot,40HC,BALANCED,162,20,1,3,17,3,20,0,0,20,0,164,5,5,1,175,SYNTHETIC_SPATIAL_IMBALANCE_V2
2026-03-08,D03_LONG_SON,Long Son ICD / Depot,40HC,BALANCED,164,19,1,2,13,6,19,0,0,19,0,165,4,3,1,173,SYNTHETIC_SPATIAL_IMBALANCE_V2
2026-03-09,D03_LONG_SON,Long Son ICD / Depot,40HC,BALANCED,165,25,1,2,22,4,26,0,0,26,0,165,3,5,1,174,SYNTHETIC_SPATIAL_IMBALANCE_V2
2026-03-10,D03_LONG_SON,Long Son ICD / Depot,40HC,BALANCED,165,24,1,1,28,5,33,0,0,33,0,156,3,7,1,167,SYNTHETIC_SPATIAL_IMBALANCE_V2
2026-03-11,D03_LONG_SON,Long Son ICD / Depot,40HC,BALANCED,156,34,1,0,15,5,20,0,0,20,0,169,4,3,1,177,SYNTHETIC_SPATIAL_IMBALANCE_V2
2026-03-12,D03_LONG_SON,Long Son ICD / Depot,40HC,BALANCED,169,37,1,0,17,7,24,0,0,24,0,181,5,4,1,191,SYNTHETIC_SPATIAL_IMBALANCE_V2
2026-03-13,D03_LONG_SON,Long Son ICD / Depot,40HC,BALANCED,181,25,1,2,14,6,20,0,0,20,0,187,4,3,1,195,SYNTHETIC_SPATIAL_IMBALANCE_V2
2026-03-14,D03_LONG_SON,Long Son ICD / Depot,40HC,BALANCED,187,25,1,2,15,8,23,0,0,23,0,190,3,3,1,197,SYNTHETIC_SPATIAL_IMBALANCE_V2
2026-03-15,D03_LONG_SON,Long Son ICD / Depot,40HC,BALANCED,190,14,1,0,16,5,21,0,0,21,0,182,4,4,1,191,SYNTHETIC_SPATIAL_IMBALANCE_V2
2026-03-16,D03_LONG_SON,Long Son ICD / Depot,40HC,BALANCED,182,23,1,1,16,7,23,0,0,23,0,182,4,5,1,192,SYNTHETIC_SPATIAL_IMBALANCE_V2
2026-03-17,D03_LONG_SON,Long Son ICD / Depot,40HC,BALANCED,182,23,1,1,18,8,26,0,0,26,0,179,4,5,1,189,SYNTHETIC_SPATIAL_IMBALANCE_V2
2026-03-18,D03_LONG_SON,Long Son ICD / Depot,40HC,BALANCED,179,20,1,2,18,9,27,0,0,27,0,173,3,5,1,182,SYNTHETIC_SPATIAL_IMBALANCE_V2
2026-03-19,D03_LONG_SON,Long Son ICD / Depot,40HC,BALANCED,173,12,0,0,15,4,19,0,0,19,0,166,3,4,1,174,SYNTHETIC_SPATIAL_IMBALANCE_V2
2026-03-20,D03_LONG_SON,Long Son ICD / Depot,40HC,BALANCED,166,27,1,0,17,4,21,0,0,21,0,171,4,3,1,179,SYNTHETIC_SPATIAL_IMBALANCE_V2
2026-03-21,D03_LONG_SON,Long Son ICD / Depot,40HC,BALANCED,171,25,1,0,20,4,24,0,0,24,0,171,5,5,1,182,SYNTHETIC_SPATIAL_IMBALANCE_V2
2026-03-22,D03_LONG_SON,Long Son ICD / Depot,40HC,BALANCED,171,15,1,1,8,4,12,0,0,12,0,174,5,1,1,181,SYNTHETIC_SPATIAL_IMBALANCE_V2
2026-03-23,D03_LONG_SON,Long Son ICD / Depot,40HC,BALANCED,174,24,1,2,15,2,17,0,0,17,0,182,4,2,1,189,SYNTHETIC_SPATIAL_IMBALANCE_V2
2026-03-24,D03_LONG_SON,Long Son ICD / Depot,40HC,BALANCED,182,19,1,1,20,6,26,0,0,26,0,175,4,3,1,183,SYNTHETIC_SPATIAL_IMBALANCE_V2
2026-03-25,D03_LONG_SON,Long Son ICD / Depot,40HC,BALANCED,175,16,1,1,12,1,13,0,0,13,0,178,4,3,1,186,SYNTHETIC_SPATIAL_IMBALANCE_V2
2026-03-26,D03_LONG_SON,Long Son ICD / Depot,40HC,BALANCED,178,31,1,1,14,3,17,0,0,17,0,192,4,2,1,199,SYNTHETIC_SPATIAL_IMBALANCE_V2
2026-03-27,D03_LONG_SON,Long Son ICD / Depot,40HC,BALANCED,192,24,1,0,17,5,22,0,0,22,0,193,5,3,1,202,SYNTHETIC_SPATIAL_IMBALANCE_V2
2026-03-28,D03_LONG_SON,Long Son ICD / Depot,40HC,BALANCED,193,28,1,1,14,2,16,0,0,16,0,205,5,3,1,214,SYNTHETIC_SPATIAL_IMBALANCE_V2
2026-03-29,D03_LONG_SON,Long Son ICD / Depot,40HC,BALANCED,205,12,0,0,14,7,21,0,0,21,0,196,5,4,1,206,SYNTHETIC_SPATIAL_IMBALANCE_V2
2026-03-30,D03_LONG_SON,Long Son ICD / Depot,40HC,BALANCED,196,22,1,0,18,3,21,0,0,21,0,196,6,5,1,208,SYNTHETIC_SPATIAL_IMBALANCE_V2
2026-03-31,D03_LONG_SON,Long Son ICD / Depot,40HC,BALANCED,196,34,1,0,14,6,20,0,0,20,0,209,7,2,1,219,SYNTHETIC_SPATIAL_IMBALANCE_V2
