Date,Depot_ID,Container_Type,Spatial_Role,Opening_Available,Empty_Return,Repair_In,Repair_Out,Confirmed_Booking,Forecast_Demand,Total_Demand,ECR_In,ECR_Out,Empty_Release,Shortage,Closing_Available,Imbalance_Ratio,Calibration_Scenario,Reference_TEU_Year,Relevant_Empty_Ratio,Data_Source,Data_Quality
2026-01-01,D01_PHU_MY,20GP,DEFICIT,375,72,4,0,133,21,154,0,0,154,0,289,0.7976352887676216,BASE,4348119,0.12,REALITY_CALIBRATED_V2,PUBLIC_SCALE_PLUS_SYNTHETIC_PATTERN
2026-01-01,D01_PHU_MY,40GP,SURPLUS,225,92,4,0,64,19,83,0,0,83,0,230,1.2831524303916944,BASE,4348119,0.12,REALITY_CALIBRATED_V2,PUBLIC_SCALE_PLUS_SYNTHETIC_PATTERN
2026-01-01,D01_PHU_MY,40HC,DEFICIT,338,92,4,0,102,17,119,0,0,119,0,307,0.8389720234222511,BASE,4348119,0.12,REALITY_CALIBRATED_V2,PUBLIC_SCALE_PLUS_SYNTHETIC_PATTERN
2026-01-01,D02_CAI_MEP,20GP,BALANCED,376,145,7,0,145,23,168,0,0,168,0,346,1.01956745623069,BASE,4348119,0.12,REALITY_CALIBRATED_V2,PUBLIC_SCALE_PLUS_SYNTHETIC_PATTERN
2026-01-01,D02_CAI_MEP,40GP,DEFICIT,225,64,3,0,61,21,82,0,0,82,0,204,0.7956777996070726,BASE,4348119,0.12,REALITY_CALIBRATED_V2,PUBLIC_SCALE_PLUS_SYNTHETIC_PATTERN
2026-01-01,D02_CAI_MEP,40HC,SURPLUS,338,170,7,0,78,35,113,0,0,113,0,388,1.2718279569892472,BASE,4348119,0.12,REALITY_CALIBRATED_V2,PUBLIC_SCALE_PLUS_SYNTHETIC_PATTERN
2026-01-01,D03_LONG_SON,20GP,SURPLUS,322,128,6,0,113,15,128,0,0,128,0,316,1.2269353128313891,BASE,4348119,0.12,REALITY_CALIBRATED_V2,PUBLIC_SCALE_PLUS_SYNTHETIC_PATTERN
2026-01-01,D03_LONG_SON,40GP,BALANCED,193,41,2,0,49,13,62,0,0,62,0,170,1.0261194029850744,BASE,4348119,0.12,REALITY_CALIBRATED_V2,PUBLIC_SCALE_PLUS_SYNTHETIC_PATTERN
2026-01-01,D03_LONG_SON,40HC,BALANCED,290,84,3,0,126,33,159,0,0,159,0,212,1.0514423076923078,BASE,4348119,0.12,REALITY_CALIBRATED_V2,PUBLIC_SCALE_PLUS_SYNTHETIC_PATTERN
2026-01-02,D01_PHU_MY,20GP,DEFICIT,289,128,6,4,87,15,102,0,0,102,0,313,0.7976352887676216,BASE,4348119,0.12,REALITY_CALIBRATED_V2,PUBLIC_SCALE_PLUS_SYNTHETIC_PATTERN
2026-01-02,D01_PHU_MY,40GP,SURPLUS,230,115,5,4,61,19,80,0,0,80,0,264,1.2831524303916944,BASE,4348119,0.12,REALITY_CALIBRATED_V2,PUBLIC_SCALE_PLUS_SYNTHETIC_PATTERN
2026-01-02,D01_PHU_MY,40HC,DEFICIT,307,115,5,4,89,13,102,0,0,102,0,319,0.8389720234222511,BASE,4348119,0.12,REALITY_CALIBRATED_V2,PUBLIC_SCALE_PLUS_SYNTHETIC_PATTERN
2026-01-02,D02_CAI_MEP,20GP,BALANCED,346,220,11,7,151,17,168,0,0,168,0,394,1.01956745623069,BASE,4348119,0.12,REALITY_CALIBRATED_V2,PUBLIC_SCALE_PLUS_SYNTHETIC_PATTERN
2026-01-02,D02_CAI_MEP,40GP,DEFICIT,204,80,4,3,59,21,80,0,0,80,0,203,0.7956777996070726,BASE,4348119,0.12,REALITY_CALIBRATED_V2,PUBLIC_SCALE_PLUS_SYNTHETIC_PATTERN
2026-01-02,D02_CAI_MEP,40HC,SURPLUS,388,153,6,7,92,26,118,0,0,118,0,424,1.2718279569892472,BASE,4348119,0.12,REALITY_CALIBRATED_V2,PUBLIC_SCALE_PLUS_SYNTHETIC_PATTERN
2026-01-02,D03_LONG_SON,20GP,SURPLUS,316,189,9,6,82,25,107,0,0,107,0,395,1.2269353128313891,BASE,4348119,0.12,REALITY_CALIBRATED_V2,PUBLIC_SCALE_PLUS_SYNTHETIC_PATTERN
2026-01-02,D03_LONG_SON,40GP,BALANCED,170,81,4,2,43,11,54,0,0,54,0,195,1.0261194029850744,BASE,4348119,0.12,REALITY_CALIBRATED_V2,PUBLIC_SCALE_PLUS_SYNTHETIC_PATTERN
2026-01-02,D03_LONG_SON,40HC,BALANCED,212,109,4,3,100,29,129,0,0,129,0,191,1.0514423076923078,BASE,4348119,0.12,REALITY_CALIBRATED_V2,PUBLIC_SCALE_PLUS_SYNTHETIC_PATTERN
2026-01-03,D01_PHU_MY,20GP,DEFICIT,313,77,4,6,76,26,102,0,0,102,0,290,0.7976352887676216,BASE,4348119,0.12,REALITY_CALIBRATED_V2,PUBLIC_SCALE_PLUS_SYNTHETIC_PATTERN
2026-01-03,D01_PHU_MY,40GP,SURPLUS,264,86,4,5,44,13,57,0,0,57,0,294,1.2831524303916944,BASE,4348119,0.12,REALITY_CALIBRATED_V2,PUBLIC_SCALE_PLUS_SYNTHETIC_PATTERN
2026-01-03,D01_PHU_MY,40HC,DEFICIT,319,96,4,5,76,16,92,0,0,92,0,324,0.8389720234222511,BASE,4348119,0.12,REALITY_CALIBRATED_V2,PUBLIC_SCALE_PLUS_SYNTHETIC_PATTERN
2026-01-03,D02_CAI_MEP,20GP,BALANCED,394,93,5,11,145,52,197,0,0,197,0,296,1.01956745623069,BASE,4348119,0.12,REALITY_CALIBRATED_V2,PUBLIC_SCALE_PLUS_SYNTHETIC_PATTERN
2026-01-03,D02_CAI_MEP,40GP,DEFICIT,203,61,3,4,56,13,69,0,0,69,0,196,0.7956777996070726,BASE,4348119,0.12,REALITY_CALIBRATED_V2,PUBLIC_SCALE_PLUS_SYNTHETIC_PATTERN
2026-01-03,D02_CAI_MEP,40HC,SURPLUS,424,105,4,6,74,13,87,0,0,87,0,444,1.2718279569892472,BASE,4348119,0.12,REALITY_CALIBRATED_V2,PUBLIC_SCALE_PLUS_SYNTHETIC_PATTERN
2026-01-03,D03_LONG_SON,20GP,SURPLUS,395,143,7,9,77,20,97,0,0,97,0,443,1.2269353128313891,BASE,4348119,0.12,REALITY_CALIBRATED_V2,PUBLIC_SCALE_PLUS_SYNTHETIC_PATTERN
2026-01-03,D03_LONG_SON,40GP,BALANCED,195,54,2,4,35,14,49,0,0,49,0,202,1.0261194029850744,BASE,4348119,0.12,REALITY_CALIBRATED_V2,PUBLIC_SCALE_PLUS_SYNTHETIC_PATTERN
2026-01-03,D03_LONG_SON,40HC,BALANCED,191,67,3,4,67,17,84,0,0,84,0,175,1.0514423076923078,BASE,4348119,0.12,REALITY_CALIBRATED_V2,PUBLIC_SCALE_PLUS_SYNTHETIC_PATTERN
2026-01-04,D01_PHU_MY,20GP,DEFICIT,290,77,4,4,62,20,82,0,0,82,0,285,0.7976352887676216,BASE,4348119,0.12,REALITY_CALIBRATED_V2,PUBLIC_SCALE_PLUS_SYNTHETIC_PATTERN
2026-01-04,D01_PHU_MY,40GP,SURPLUS,294,61,3,4,44,13,57,0,0,57,0,299,1.2831524303916944,BASE,4348119,0.12,REALITY_CALIBRATED_V2,PUBLIC_SCALE_PLUS_SYNTHETIC_PATTERN
2026-01-04,D01_PHU_MY,40HC,DEFICIT,324,119,5,4,112,13,125,0,0,125,0,317,0.8389720234222511,BASE,4348119,0.12,REALITY_CALIBRATED_V2,PUBLIC_SCALE_PLUS_SYNTHETIC_PATTERN
2026-01-04,D02_CAI_MEP,20GP,BALANCED,296,41,2,5,52,12,64,0,0,64,0,276,1.01956745623069,BASE,4348119,0.12,REALITY_CALIBRATED_V2,PUBLIC_SCALE_PLUS_SYNTHETIC_PATTERN
2026-01-04,D02_CAI_MEP,40GP,DEFICIT,196,32,1,3,45,19,64,0,0,64,0,166,0.7956777996070726,BASE,4348119,0.12,REALITY_CALIBRATED_V2,PUBLIC_SCALE_PLUS_SYNTHETIC_PATTERN
2026-01-04,D02_CAI_MEP,40HC,SURPLUS,444,139,6,4,78,22,100,0,0,100,0,481,1.2718279569892472,BASE,4348119,0.12,REALITY_CALIBRATED_V2,PUBLIC_SCALE_PLUS_SYNTHETIC_PATTERN
2026-01-04,D03_LONG_SON,20GP,SURPLUS,443,97,5,7,77,36,113,0,0,113,0,429,1.2269353128313891,BASE,4348119,0.12,REALITY_CALIBRATED_V2,PUBLIC_SCALE_PLUS_SYNTHETIC_PATTERN
2026-01-04,D03_LONG_SON,40GP,BALANCED,202,57,3,2,40,14,54,0,0,54,0,204,1.0261194029850744,BASE,4348119,0.12,REALITY_CALIBRATED_V2,PUBLIC_SCALE_PLUS_SYNTHETIC_PATTERN
2026-01-04,D03_LONG_SON,40HC,BALANCED,175,88,4,3,71,33,104,0,0,104,0,158,1.0514423076923078,BASE,4348119,0.12,REALITY_CALIBRATED_V2,PUBLIC_SCALE_PLUS_SYNTHETIC_PATTERN
2026-01-05,D01_PHU_MY,20GP,DEFICIT,285,118,6,4,92,46,138,0,0,138,0,263,0.7976352887676216,BASE,4348119,0.12,REALITY_CALIBRATED_V2,PUBLIC_SCALE_PLUS_SYNTHETIC_PATTERN
2026-01-05,D01_PHU_MY,40GP,SURPLUS,299,115,5,3,89,16,105,0,0,105,0,307,1.2831524303916944,BASE,4348119,0.12,REALITY_CALIBRATED_V2,PUBLIC_SCALE_PLUS_SYNTHETIC_PATTERN
2026-01-05,D01_PHU_MY,40HC,DEFICIT,317,102,4,5,82,20,102,0,0,102,0,318,0.8389720234222511,BASE,4348119,0.12,REALITY_CALIBRATED_V2,PUBLIC_SCALE_PLUS_SYNTHETIC_PATTERN
2026-01-05,D02_CAI_MEP,20GP,BALANCED,276,122,6,2,116,35,151,0,0,151,0,243,1.01956745623069,BASE,4348119,0.12,REALITY_CALIBRATED_V2,PUBLIC_SCALE_PLUS_SYNTHETIC_PATTERN
2026-01-05,D02_CAI_MEP,40GP,DEFICIT,166,77,3,1,61,13,74,0,0,74,0,167,0.7956777996070726,BASE,4348119,0.12,REALITY_CALIBRATED_V2,PUBLIC_SCALE_PLUS_SYNTHETIC_PATTERN
2026-01-05,D02_CAI_MEP,40HC,SURPLUS,481,183,7,6,83,17,100,0,0,100,0,563,1.2718279569892472,BASE,4348119,0.12,REALITY_CALIBRATED_V2,PUBLIC_SCALE_PLUS_SYNTHETIC_PATTERN
2026-01-05,D03_LONG_SON,20GP,SURPLUS,429,143,7,5,77,15,92,0,0,92,0,478,1.2269353128313891,BASE,4348119,0.12,REALITY_CALIBRATED_V2,PUBLIC_SCALE_PLUS_SYNTHETIC_PATTERN
2026-01-05,D03_LONG_SON,40GP,BALANCED,204,76,3,3,59,19,78,0,0,78,0,202,1.0261194029850744,BASE,4348119,0.12,REALITY_CALIBRATED_V2,PUBLIC_SCALE_PLUS_SYNTHETIC_PATTERN
2026-01-05,D03_LONG_SON,40HC,BALANCED,158,92,4,4,96,17,113,0,0,113,0,137,1.0514423076923078,BASE,4348119,0.12,REALITY_CALIBRATED_V2,PUBLIC_SCALE_PLUS_SYNTHETIC_PATTERN
2026-01-06,D01_PHU_MY,20GP,DEFICIT,263,82,4,6,102,31,133,0,0,133,0,214,0.7976352887676216,BASE,4348119,0.12,REALITY_CALIBRATED_V2,PUBLIC_SCALE_PLUS_SYNTHETIC_PATTERN
2026-01-06,D01_PHU_MY,40GP,SURPLUS,307,115,5,5,61,25,86,0,0,86,0,336,1.2831524303916944,BASE,4348119,0.12,REALITY_CALIBRATED_V2,PUBLIC_SCALE_PLUS_SYNTHETIC_PATTERN
2026-01-06,D01_PHU_MY,40HC,DEFICIT,318,122,5,4,105,30,135,0,0,135,0,304,0.8389720234222511,BASE,4348119,0.12,REALITY_CALIBRATED_V2,PUBLIC_SCALE_PLUS_SYNTHETIC_PATTERN
2026-01-06,D02_CAI_MEP,20GP,BALANCED,243,128,6,6,104,41,145,0,0,145,0,226,1.01956745623069,BASE,4348119,0.12,REALITY_CALIBRATED_V2,PUBLIC_SCALE_PLUS_SYNTHETIC_PATTERN
2026-01-06,D02_CAI_MEP,40GP,DEFICIT,167,98,4,3,56,24,80,0,0,80,0,184,0.7956777996070726,BASE,4348119,0.12,REALITY_CALIBRATED_V2,PUBLIC_SCALE_PLUS_SYNTHETIC_PATTERN
2026-01-06,D02_CAI_MEP,40HC,SURPLUS,563,105,4,7,126,31,157,0,0,157,0,514,1.2718279569892472,BASE,4348119,0.12,REALITY_CALIBRATED_V2,PUBLIC_SCALE_PLUS_SYNTHETIC_PATTERN
2026-01-06,D03_LONG_SON,20GP,SURPLUS,478,143,7,7,87,36,123,0,0,123,0,498,1.2269353128313891,BASE,4348119,0.12,REALITY_CALIBRATED_V2,PUBLIC_SCALE_PLUS_SYNTHETIC_PATTERN
2026-01-06,D03_LONG_SON,40GP,BALANCED,202,70,3,3,43,8,51,0,0,51,0,221,1.0261194029850744,BASE,4348119,0.12,REALITY_CALIBRATED_V2,PUBLIC_SCALE_PLUS_SYNTHETIC_PATTERN
2026-01-06,D03_LONG_SON,40HC,BALANCED,137,71,3,4,84,8,92,0,0,92,0,117,1.0514423076923078,BASE,4348119,0.12,REALITY_CALIBRATED_V2,PUBLIC_SCALE_PLUS_SYNTHETIC_PATTERN
2026-01-07,D01_PHU_MY,20GP,DEFICIT,214,138,7,4,107,26,133,0,0,133,0,216,0.7976352887676216,BASE,4348119,0.12,REALITY_CALIBRATED_V2,PUBLIC_SCALE_PLUS_SYNTHETIC_PATTERN
2026-01-07,D01_PHU_MY,40GP,SURPLUS,336,124,6,5,54,29,83,0,0,83,0,376,1.2831524303916944,BASE,4348119,0.12,REALITY_CALIBRATED_V2,PUBLIC_SCALE_PLUS_SYNTHETIC_PATTERN
2026-01-07,D01_PHU_MY,40HC,DEFICIT,304,96,4,5,99,26,125,0,0,125,0,276,0.8389720234222511,BASE,4348119,0.12,REALITY_CALIBRATED_V2,PUBLIC_SCALE_PLUS_SYNTHETIC_PATTERN
2026-01-07,D02_CAI_MEP,20GP,BALANCED,226,104,5,6,93,35,128,0,0,128,0,203,1.01956745623069,BASE,4348119,0.12,REALITY_CALIBRATED_V2,PUBLIC_SCALE_PLUS_SYNTHETIC_PATTERN
2026-01-07,D02_CAI_MEP,40GP,DEFICIT,184,61,3,4,77,27,104,0,0,104,0,142,0.7956777996070726,BASE,4348119,0.12,REALITY_CALIBRATED_V2,PUBLIC_SCALE_PLUS_SYNTHETIC_PATTERN
2026-01-07,D02_CAI_MEP,40HC,SURPLUS,514,148,6,4,96,39,135,0,0,135,0,525,1.2718279569892472,BASE,4348119,0.12,REALITY_CALIBRATED_V2,PUBLIC_SCALE_PLUS_SYNTHETIC_PATTERN
2026-01-07,D03_LONG_SON,20GP,SURPLUS,498,123,6,7,77,15,92,0,0,92,0,530,1.2269353128313891,BASE,4348119,0.12,REALITY_CALIBRATED_V2,PUBLIC_SCALE_PLUS_SYNTHETIC_PATTERN
2026-01-07,D03_LONG_SON,40GP,BALANCED,221,49,2,3,70,11,81,0,0,81,0,190,1.0261194029850744,BASE,4348119,0.12,REALITY_CALIBRATED_V2,PUBLIC_SCALE_PLUS_SYNTHETIC_PATTERN
2026-01-07,D03_LONG_SON,40HC,BALANCED,117,125,5,3,84,29,113,0,0,113,0,127,1.0514423076923078,BASE,4348119,0.12,REALITY_CALIBRATED_V2,PUBLIC_SCALE_PLUS_SYNTHETIC_PATTERN
2026-01-08,D01_PHU_MY,20GP,DEFICIT,216,87,4,7,118,15,133,0,0,133,0,173,0.7976352887676216,BASE,4348119,0.12,REALITY_CALIBRATED_V2,PUBLIC_SCALE_PLUS_SYNTHETIC_PATTERN
2026-01-08,D01_PHU_MY,40GP,SURPLUS,376,108,5,6,95,13,108,0,0,108,0,377,1.2831524303916944,BASE,4348119,0.12,REALITY_CALIBRATED_V2,PUBLIC_SCALE_PLUS_SYNTHETIC_PATTERN
2026-01-08,D01_PHU_MY,40HC,DEFICIT,276,79,3,4,86,26,112,0,0,112,0,244,0.8389720234222511,BASE,4348119,0.12,REALITY_CALIBRATED_V2,PUBLIC_SCALE_PLUS_SYNTHETIC_PATTERN
2026-01-08,D02_CAI_MEP,20GP,BALANCED,203,162,8,5,128,29,157,0,0,157,0,205,1.01956745623069,BASE,4348119,0.12,REALITY_CALIBRATED_V2,PUBLIC_SCALE_PLUS_SYNTHETIC_PATTERN
2026-01-08,D02_CAI_MEP,40GP,DEFICIT,142,98,4,3,64,8,72,0,0,72,0,167,0.7956777996070726,BASE,4348119,0.12,REALITY_CALIBRATED_V2,PUBLIC_SCALE_PLUS_SYNTHETIC_PATTERN
2026-01-08,D02_CAI_MEP,40HC,SURPLUS,525,166,7,6,109,22,131,0,0,131,0,559,1.2718279569892472,BASE,4348119,0.12,REALITY_CALIBRATED_V2,PUBLIC_SCALE_PLUS_SYNTHETIC_PATTERN
2026-01-08,D03_LONG_SON,20GP,SURPLUS,530,133,7,6,82,31,113,0,0,113,0,549,1.2269353128313891,BASE,4348119,0.12,REALITY_CALIBRATED_V2,PUBLIC_SCALE_PLUS_SYNTHETIC_PATTERN
2026-01-08,D03_LONG_SON,40GP,BALANCED,190,89,4,2,67,22,89,0,0,89,0,188,1.0261194029850744,BASE,4348119,0.12,REALITY_CALIBRATED_V2,PUBLIC_SCALE_PLUS_SYNTHETIC_PATTERN
2026-01-08,D03_LONG_SON,40HC,BALANCED,127,167,7,5,108,21,129,0,0,129,0,163,1.0514423076923078,BASE,4348119,0.12,REALITY_CALIBRATED_V2,PUBLIC_SCALE_PLUS_SYNTHETIC_PATTERN
2026-01-09,D01_PHU_MY,20GP,DEFICIT,173,113,6,4,118,36,154,0,0,154,0,130,0.7976352887676216,BASE,4348119,0.12,REALITY_CALIBRATED_V2,PUBLIC_SCALE_PLUS_SYNTHETIC_PATTERN
2026-01-09,D01_PHU_MY,40GP,SURPLUS,377,86,4,5,60,29,89,0,0,89,0,375,1.2831524303916944,BASE,4348119,0.12,REALITY_CALIBRATED_V2,PUBLIC_SCALE_PLUS_SYNTHETIC_PATTERN
2026-01-09,D01_PHU_MY,40HC,DEFICIT,244,112,4,3,102,33,135,0,0,135,0,220,0.8389720234222511,BASE,4348119,0.12,REALITY_CALIBRATED_V2,PUBLIC_SCALE_PLUS_SYNTHETIC_PATTERN
2026-01-09,D02_CAI_MEP,20GP,BALANCED,205,238,12,8,111,17,128,0,0,128,0,311,1.01956745623069,BASE,4348119,0.12,REALITY_CALIBRATED_V2,PUBLIC_SCALE_PLUS_SYNTHETIC_PATTERN
2026-01-09,D02_CAI_MEP,40GP,DEFICIT,167,88,4,4,42,19,61,0,0,61,0,194,0.7956777996070726,BASE,4348119,0.12,REALITY_CALIBRATED_V2,PUBLIC_SCALE_PLUS_SYNTHETIC_PATTERN
2026-01-09,D02_CAI_MEP,40HC,SURPLUS,559,126,5,7,79,39,118,0,0,118,0,569,1.2718279569892472,BASE,4348119,0.12,REALITY_CALIBRATED_V2,PUBLIC_SCALE_PLUS_SYNTHETIC_PATTERN
2026-01-09,D03_LONG_SON,20GP,SURPLUS,549,143,7,7,76,26,102,0,0,102,0,590,1.2269353128313891,BASE,4348119,0.12,REALITY_CALIBRATED_V2,PUBLIC_SCALE_PLUS_SYNTHETIC_PATTERN
2026-01-09,D03_LONG_SON,40GP,BALANCED,188,86,4,4,73,16,89,0,0,89,0,185,1.0261194029850744,BASE,4348119,0.12,REALITY_CALIBRATED_V2,PUBLIC_SCALE_PLUS_SYNTHETIC_PATTERN
2026-01-09,D03_LONG_SON,40HC,BALANCED,163,142,6,7,71,17,88,0,0,88,0,218,1.0514423076923078,BASE,4348119,0.12,REALITY_CALIBRATED_V2,PUBLIC_SCALE_PLUS_SYNTHETIC_PATTERN
2026-01-10,D01_PHU_MY,20GP,DEFICIT,130,102,5,6,67,10,77,0,0,77,0,156,0.7976352887676216,BASE,4348119,0.12,REALITY_CALIBRATED_V2,PUBLIC_SCALE_PLUS_SYNTHETIC_PATTERN
2026-01-10,D01_PHU_MY,40GP,SURPLUS,375,92,4,4,48,16,64,0,0,64,0,403,1.2831524303916944,BASE,4348119,0.12,REALITY_CALIBRATED_V2,PUBLIC_SCALE_PLUS_SYNTHETIC_PATTERN
2026-01-10,D01_PHU_MY,40HC,DEFICIT,220,82,3,4,76,10,86,0,0,86,0,217,0.8389720234222511,BASE,4348119,0.12,REALITY_CALIBRATED_V2,PUBLIC_SCALE_PLUS_SYNTHETIC_PATTERN
2026-01-10,D02_CAI_MEP,20GP,BALANCED,311,110,6,12,81,12,93,0,0,93,0,334,1.01956745623069,BASE,4348119,0.12,REALITY_CALIBRATED_V2,PUBLIC_SCALE_PLUS_SYNTHETIC_PATTERN
2026-01-10,D02_CAI_MEP,40GP,DEFICIT,194,53,2,4,40,8,48,0,0,48,0,201,0.7956777996070726,BASE,4348119,0.12,REALITY_CALIBRATED_V2,PUBLIC_SCALE_PLUS_SYNTHETIC_PATTERN
2026-01-10,D02_CAI_MEP,40HC,SURPLUS,569,126,5,5,61,17,78,0,0,78,0,617,1.2718279569892472,BASE,4348119,0.12,REALITY_CALIBRATED_V2,PUBLIC_SCALE_PLUS_SYNTHETIC_PATTERN
2026-01-10,D03_LONG_SON,20GP,SURPLUS,590,138,7,7,71,31,102,0,0,102,0,626,1.2269353128313891,BASE,4348119,0.12,REALITY_CALIBRATED_V2,PUBLIC_SCALE_PLUS_SYNTHETIC_PATTERN
2026-01-10,D03_LONG_SON,40GP,BALANCED,185,95,4,4,65,19,84,0,0,84,0,196,1.0261194029850744,BASE,4348119,0.12,REALITY_CALIBRATED_V2,PUBLIC_SCALE_PLUS_SYNTHETIC_PATTERN
2026-01-10,D03_LONG_SON,40HC,BALANCED,218,100,4,6,88,29,117,0,0,117,0,203,1.0514423076923078,BASE,4348119,0.12,REALITY_CALIBRATED_V2,PUBLIC_SCALE_PLUS_SYNTHETIC_PATTERN
2026-01-11,D01_PHU_MY,20GP,DEFICIT,156,72,4,5,66,31,97,0,0,97,0,132,0.7976352887676216,BASE,4348119,0.12,REALITY_CALIBRATED_V2,PUBLIC_SCALE_PLUS_SYNTHETIC_PATTERN
2026-01-11,D01_PHU_MY,40GP,SURPLUS,403,61,3,4,51,26,77,0,0,77,0,388,1.2831524303916944,BASE,4348119,0.12,REALITY_CALIBRATED_V2,PUBLIC_SCALE_PLUS_SYNTHETIC_PATTERN
2026-01-11,D01_PHU_MY,40HC,DEFICIT,217,66,3,3,73,36,109,0,0,109,0,174,0.8389720234222511,BASE,4348119,0.12,REALITY_CALIBRATED_V2,PUBLIC_SCALE_PLUS_SYNTHETIC_PATTERN
2026-01-11,D02_CAI_MEP,20GP,BALANCED,334,58,3,6,104,12,116,0,0,116,0,279,1.01956745623069,BASE,4348119,0.12,REALITY_CALIBRATED_V2,PUBLIC_SCALE_PLUS_SYNTHETIC_PATTERN
2026-01-11,D02_CAI_MEP,40GP,DEFICIT,201,64,3,2,53,11,64,0,0,64,0,200,0.7956777996070726,BASE,4348119,0.12,REALITY_CALIBRATED_V2,PUBLIC_SCALE_PLUS_SYNTHETIC_PATTERN
2026-01-11,D02_CAI_MEP,40HC,SURPLUS,617,122,5,5,48,13,61,0,0,61,0,678,1.2718279569892472,BASE,4348119,0.12,REALITY_CALIBRATED_V2,PUBLIC_SCALE_PLUS_SYNTHETIC_PATTERN
2026-01-11,D03_LONG_SON,20GP,SURPLUS,626,118,6,7,67,10,77,0,0,77,0,668,1.2269353128313891,BASE,4348119,0.12,REALITY_CALIBRATED_V2,PUBLIC_SCALE_PLUS_SYNTHETIC_PATTERN
2026-01-11,D03_LONG_SON,40GP,BALANCED,196,30,1,4,27,14,41,0,0,41,0,188,1.0261194029850744,BASE,4348119,0.12,REALITY_CALIBRATED_V2,PUBLIC_SCALE_PLUS_SYNTHETIC_PATTERN
2026-01-11,D03_LONG_SON,40HC,BALANCED,203,109,4,4,67,33,100,0,0,100,0,212,1.0514423076923078,BASE,4348119,0.12,REALITY_CALIBRATED_V2,PUBLIC_SCALE_PLUS_SYNTHETIC_PATTERN
2026-01-12,D01_PHU_MY,20GP,DEFICIT,132,123,6,4,133,51,184,0,0,184,0,69,0.7976352887676216,BASE,4348119,0.12,REALITY_CALIBRATED_V2,PUBLIC_SCALE_PLUS_SYNTHETIC_PATTERN
2026-01-12,D01_PHU_MY,40GP,SURPLUS,388,121,5,3,73,32,105,0,0,105,0,402,1.2831524303916944,BASE,4348119,0.12,REALITY_CALIBRATED_V2,PUBLIC_SCALE_PLUS_SYNTHETIC_PATTERN
2026-01-12,D01_PHU_MY,40HC,DEFICIT,174,109,4,3,66,20,86,0,0,86,0,196,0.8389720234222511,BASE,4348119,0.12,REALITY_CALIBRATED_V2,PUBLIC_SCALE_PLUS_SYNTHETIC_PATTERN
2026-01-12,D02_CAI_MEP,20GP,BALANCED,279,139,7,3,93,40,133,0,0,133,0,281,1.01956745623069,BASE,4348119,0.12,REALITY_CALIBRATED_V2,PUBLIC_SCALE_PLUS_SYNTHETIC_PATTERN
2026-01-12,D02_CAI_MEP,40GP,DEFICIT,200,53,2,3,61,29,90,0,0,90,0,164,0.7956777996070726,BASE,4348119,0.12,REALITY_CALIBRATED_V2,PUBLIC_SCALE_PLUS_SYNTHETIC_PATTERN
2026-01-12,D02_CAI_MEP,40HC,SURPLUS,678,196,8,5,113,31,144,0,0,144,0,727,1.2718279569892472,BASE,4348119,0.12,REALITY_CALIBRATED_V2,PUBLIC_SCALE_PLUS_SYNTHETIC_PATTERN
2026-01-12,D03_LONG_SON,20GP,SURPLUS,668,174,9,6,133,26,159,0,0,159,0,680,1.2269353128313891,BASE,4348119,0.12,REALITY_CALIBRATED_V2,PUBLIC_SCALE_PLUS_SYNTHETIC_PATTERN
2026-01-12,D03_LONG_SON,40GP,BALANCED,188,73,3,1,68,16,84,0,0,84,0,175,1.0261194029850744,BASE,4348119,0.12,REALITY_CALIBRATED_V2,PUBLIC_SCALE_PLUS_SYNTHETIC_PATTERN
2026-01-12,D03_LONG_SON,40HC,BALANCED,212,88,4,4,121,21,142,0,0,142,0,158,1.0514423076923078,BASE,4348119,0.12,REALITY_CALIBRATED_V2,PUBLIC_SCALE_PLUS_SYNTHETIC_PATTERN
2026-01-13,D01_PHU_MY,20GP,DEFICIT,69,118,6,6,102,21,123,0,0,123,0,64,0.7976352887676216,BASE,4348119,0.12,REALITY_CALIBRATED_V2,PUBLIC_SCALE_PLUS_SYNTHETIC_PATTERN
2026-01-13,D01_PHU_MY,40GP,SURPLUS,402,86,4,5,57,13,70,0,0,70,0,419,1.2831524303916944,BASE,4348119,0.12,REALITY_CALIBRATED_V2,PUBLIC_SCALE_PLUS_SYNTHETIC_PATTERN
2026-01-13,D01_PHU_MY,40HC,DEFICIT,196,105,4,4,96,16,112,0,0,112,0,189,0.8389720234222511,BASE,4348119,0.12,REALITY_CALIBRATED_V2,PUBLIC_SCALE_PLUS_SYNTHETIC_PATTERN
2026-01-13,D02_CAI_MEP,20GP,BALANCED,281,93,5,7,122,17,139,0,0,139,0,237,1.01956745623069,BASE,4348119,0.12,REALITY_CALIBRATED_V2,PUBLIC_SCALE_PLUS_SYNTHETIC_PATTERN
2026-01-13,D02_CAI_MEP,40GP,DEFICIT,164,53,2,2,66,16,82,0,0,82,0,135,0.7956777996070726,BASE,4348119,0.12,REALITY_CALIBRATED_V2,PUBLIC_SCALE_PLUS_SYNTHETIC_PATTERN
2026-01-13,D02_CAI_MEP,40HC,SURPLUS,727,148,6,8,131,17,148,0,0,148,0,729,1.2718279569892472,BASE,4348119,0.12,REALITY_CALIBRATED_V2,PUBLIC_SCALE_PLUS_SYNTHETIC_PATTERN
2026-01-13,D03_LONG_SON,20GP,SURPLUS,680,143,7,9,92,26,118,0,0,118,0,707,1.2269353128313891,BASE,4348119,0.12,REALITY_CALIBRATED_V2,PUBLIC_SCALE_PLUS_SYNTHETIC_PATTERN
2026-01-13,D03_LONG_SON,40GP,BALANCED,175,81,4,3,92,13,105,0,0,105,0,150,1.0261194029850744,BASE,4348119,0.12,REALITY_CALIBRATED_V2,PUBLIC_SCALE_PLUS_SYNTHETIC_PATTERN
2026-01-13,D03_LONG_SON,40HC,BALANCED,158,104,4,4,129,38,167,0,0,167,0,95,1.0514423076923078,BASE,4348119,0.12,REALITY_CALIBRATED_V2,PUBLIC_SCALE_PLUS_SYNTHETIC_PATTERN
2026-01-14,D01_PHU_MY,20GP,DEFICIT,64,128,6,6,72,36,108,0,0,108,0,84,0.7976352887676216,BASE,4348119,0.12,REALITY_CALIBRATED_V2,PUBLIC_SCALE_PLUS_SYNTHETIC_PATTERN
2026-01-14,D01_PHU_MY,40GP,SURPLUS,419,115,5,4,70,10,80,0,0,80,0,453,1.2831524303916944,BASE,4348119,0.12,REALITY_CALIBRATED_V2,PUBLIC_SCALE_PLUS_SYNTHETIC_PATTERN
2026-01-14,D01_PHU_MY,40HC,DEFICIT,189,82,3,4,69,36,105,0,0,105,0,167,0.8389720234222511,BASE,4348119,0.12,REALITY_CALIBRATED_V2,PUBLIC_SCALE_PLUS_SYNTHETIC_PATTERN
2026-01-14,D02_CAI_MEP,20GP,BALANCED,237,139,7,5,122,17,139,0,0,139,0,235,1.01956745623069,BASE,4348119,0.12,REALITY_CALIBRATED_V2,PUBLIC_SCALE_PLUS_SYNTHETIC_PATTERN
2026-01-14,D02_CAI_MEP,40GP,DEFICIT,135,56,3,2,45,21,66,0,0,66,0,124,0.7956777996070726,BASE,4348119,0.12,REALITY_CALIBRATED_V2,PUBLIC_SCALE_PLUS_SYNTHETIC_PATTERN
2026-01-14,D02_CAI_MEP,40HC,SURPLUS,729,144,6,6,105,52,157,0,0,157,0,716,1.2718279569892472,BASE,4348119,0.12,REALITY_CALIBRATED_V2,PUBLIC_SCALE_PLUS_SYNTHETIC_PATTERN
2026-01-14,D03_LONG_SON,20GP,SURPLUS,707,153,8,7,118,15,133,0,0,133,0,726,1.2269353128313891,BASE,4348119,0.12,REALITY_CALIBRATED_V2,PUBLIC_SCALE_PLUS_SYNTHETIC_PATTERN
2026-01-14,D03_LONG_SON,40GP,BALANCED,150,73,3,4,36,5,41,0,0,41,0,183,1.0261194029850744,BASE,4348119,0.12,REALITY_CALIBRATED_V2,PUBLIC_SCALE_PLUS_SYNTHETIC_PATTERN
2026-01-14,D03_LONG_SON,40HC,BALANCED,95,129,5,4,67,12,79,0,0,79,0,144,1.0514423076923078,BASE,4348119,0.12,REALITY_CALIBRATED_V2,PUBLIC_SCALE_PLUS_SYNTHETIC_PATTERN
2026-01-15,D01_PHU_MY,20GP,DEFICIT,84,92,5,6,108,20,128,0,0,128,0,49,0.7976352887676216,BASE,4348119,0.12,REALITY_CALIBRATED_V2,PUBLIC_SCALE_PLUS_SYNTHETIC_PATTERN
2026-01-15,D01_PHU_MY,40GP,SURPLUS,453,92,4,5,51,26,77,0,0,77,0,469,1.2831524303916944,BASE,4348119,0.12,REALITY_CALIBRATED_V2,PUBLIC_SCALE_PLUS_SYNTHETIC_PATTERN
2026-01-15,D01_PHU_MY,40HC,DEFICIT,167,105,4,3,112,17,129,0,0,129,0,142,0.8389720234222511,BASE,4348119,0.12,REALITY_CALIBRATED_V2,PUBLIC_SCALE_PLUS_SYNTHETIC_PATTERN
2026-01-15,D02_CAI_MEP,20GP,BALANCED,235,93,5,7,104,35,139,0,0,139,0,191,1.01956745623069,BASE,4348119,0.12,REALITY_CALIBRATED_V2,PUBLIC_SCALE_PLUS_SYNTHETIC_PATTERN
2026-01-15,D02_CAI_MEP,40GP,DEFICIT,124,50,2,3,43,21,64,0,0,64,0,111,0.7956777996070726,BASE,4348119,0.12,REALITY_CALIBRATED_V2,PUBLIC_SCALE_PLUS_SYNTHETIC_PATTERN
2026-01-15,D02_CAI_MEP,40HC,SURPLUS,716,118,5,6,83,39,122,0,0,122,0,713,1.2718279569892472,BASE,4348119,0.12,REALITY_CALIBRATED_V2,PUBLIC_SCALE_PLUS_SYNTHETIC_PATTERN
2026-01-15,D03_LONG_SON,20GP,SURPLUS,726,133,7,8,76,26,102,0,0,102,0,758,1.2269353128313891,BASE,4348119,0.12,REALITY_CALIBRATED_V2,PUBLIC_SCALE_PLUS_SYNTHETIC_PATTERN
2026-01-15,D03_LONG_SON,40GP,BALANCED,183,95,4,3,57,16,73,0,0,73,0,204,1.0261194029850744,BASE,4348119,0.12,REALITY_CALIBRATED_V2,PUBLIC_SCALE_PLUS_SYNTHETIC_PATTERN
2026-01-15,D03_LONG_SON,40HC,BALANCED,144,163,7,5,104,38,142,0,0,142,0,163,1.0514423076923078,BASE,4348119,0.12,REALITY_CALIBRATED_V2,PUBLIC_SCALE_PLUS_SYNTHETIC_PATTERN
2026-01-16,D01_PHU_MY,20GP,DEFICIT,49,113,6,5,82,26,108,0,0,108,0,53,0.7976352887676216,BASE,4348119,0.12,REALITY_CALIBRATED_V2,PUBLIC_SCALE_PLUS_SYNTHETIC_PATTERN
2026-01-16,D01_PHU_MY,40GP,SURPLUS,469,112,5,4,64,19,83,0,0,83,0,497,1.2831524303916944,BASE,4348119,0.12,REALITY_CALIBRATED_V2,PUBLIC_SCALE_PLUS_SYNTHETIC_PATTERN
2026-01-16,D01_PHU_MY,40HC,DEFICIT,142,63,3,4,89,23,112,0,0,112,0,94,0.8389720234222511,BASE,4348119,0.12,REALITY_CALIBRATED_V2,PUBLIC_SCALE_PLUS_SYNTHETIC_PATTERN
2026-01-16,D02_CAI_MEP,20GP,BALANCED,191,151,8,5,116,35,151,0,0,151,0,188,1.01956745623069,BASE,4348119,0.12,REALITY_CALIBRATED_V2,PUBLIC_SCALE_PLUS_SYNTHETIC_PATTERN
2026-01-16,D02_CAI_MEP,40GP,DEFICIT,111,82,4,2,58,16,74,0,0,74,0,117,0.7956777996070726,BASE,4348119,0.12,REALITY_CALIBRATED_V2,PUBLIC_SCALE_PLUS_SYNTHETIC_PATTERN
2026-01-16,D02_CAI_MEP,40HC,SURPLUS,713,139,6,5,74,39,113,0,0,113,0,738,1.2718279569892472,BASE,4348119,0.12,REALITY_CALIBRATED_V2,PUBLIC_SCALE_PLUS_SYNTHETIC_PATTERN
2026-01-16,D03_LONG_SON,20GP,SURPLUS,758,143,7,7,97,36,133,0,0,133,0,768,1.2269353128313891,BASE,4348119,0.12,REALITY_CALIBRATED_V2,PUBLIC_SCALE_PLUS_SYNTHETIC_PATTERN
2026-01-16,D03_LONG_SON,40GP,BALANCED,204,73,3,4,54,11,65,0,0,65,0,213,1.0261194029850744,BASE,4348119,0.12,REALITY_CALIBRATED_V2,PUBLIC_SCALE_PLUS_SYNTHETIC_PATTERN
2026-01-16,D03_LONG_SON,40HC,BALANCED,163,96,4,7,71,33,104,0,0,104,0,158,1.0514423076923078,BASE,4348119,0.12,REALITY_CALIBRATED_V2,PUBLIC_SCALE_PLUS_SYNTHETIC_PATTERN
2026-01-17,D01_PHU_MY,20GP,DEFICIT,53,102,5,6,87,15,102,0,0,102,0,54,0.7976352887676216,BASE,4348119,0.12,REALITY_CALIBRATED_V2,PUBLIC_SCALE_PLUS_SYNTHETIC_PATTERN
2026-01-17,D01_PHU_MY,40GP,SURPLUS,497,92,4,5,57,26,83,0,0,83,0,507,1.2831524303916944,BASE,4348119,0.12,REALITY_CALIBRATED_V2,PUBLIC_SCALE_PLUS_SYNTHETIC_PATTERN
2026-01-17,D01_PHU_MY,40HC,DEFICIT,94,82,3,3,85,30,115,0,0,115,0,61,0.8389720234222511,BASE,4348119,0.12,REALITY_CALIBRATED_V2,PUBLIC_SCALE_PLUS_SYNTHETIC_PATTERN
2026-01-17,D02_CAI_MEP,20GP,BALANCED,188,93,5,8,63,12,75,0,0,75,0,209,1.01956745623069,BASE,4348119,0.12,REALITY_CALIBRATED_V2,PUBLIC_SCALE_PLUS_SYNTHETIC_PATTERN
2026-01-17,D02_CAI_MEP,40GP,DEFICIT,117,50,2,4,43,13,56,0,0,56,0,113,0.7956777996070726,BASE,4348119,0.12,REALITY_CALIBRATED_V2,PUBLIC_SCALE_PLUS_SYNTHETIC_PATTERN
2026-01-17,D02_CAI_MEP,40HC,SURPLUS,738,131,5,6,83,30,113,0,0,113,0,757,1.2718279569892472,BASE,4348119,0.12,REALITY_CALIBRATED_V2,PUBLIC_SCALE_PLUS_SYNTHETIC_PATTERN
2026-01-17,D03_LONG_SON,20GP,SURPLUS,768,164,8,7,82,31,113,0,0,113,0,818,1.2269353128313891,BASE,4348119,0.12,REALITY_CALIBRATED_V2,PUBLIC_SCALE_PLUS_SYNTHETIC_PATTERN
2026-01-17,D03_LONG_SON,40GP,BALANCED,213,73,3,3,46,13,59,0,0,59,0,227,1.0261194029850744,BASE,4348119,0.12,REALITY_CALIBRATED_V2,PUBLIC_SCALE_PLUS_SYNTHETIC_PATTERN
2026-01-17,D03_LONG_SON,40HC,BALANCED,158,134,5,4,80,29,109,0,0,109,0,182,1.0514423076923078,BASE,4348119,0.12,REALITY_CALIBRATED_V2,PUBLIC_SCALE_PLUS_SYNTHETIC_PATTERN
2026-01-18,D01_PHU_MY,20GP,DEFICIT,54,77,4,5,92,10,102,0,0,102,0,30,0.7976352887676216,BASE,4348119,0.12,REALITY_CALIBRATED_V2,PUBLIC_SCALE_PLUS_SYNTHETIC_PATTERN
2026-01-18,D01_PHU_MY,40GP,SURPLUS,507,77,3,4,70,16,86,0,0,86,0,499,1.2831524303916944,BASE,4348119,0.12,REALITY_CALIBRATED_V2,PUBLIC_SCALE_PLUS_SYNTHETIC_PATTERN
2026-01-18,D01_PHU_MY,40HC,DEFICIT,61,33,1,3,69,13,82,0,0,82,0,14,0.8389720234222511,BASE,4348119,0.12,REALITY_CALIBRATED_V2,PUBLIC_SCALE_PLUS_SYNTHETIC_PATTERN
2026-01-18,D02_CAI_MEP,20GP,BALANCED,209,87,4,5,40,6,46,0,0,46,0,251,1.01956745623069,BASE,4348119,0.12,REALITY_CALIBRATED_V2,PUBLIC_SCALE_PLUS_SYNTHETIC_PATTERN
2026-01-18,D02_CAI_MEP,40GP,DEFICIT,113,58,3,2,51,13,64,0,0,64,0,106,0.7956777996070726,BASE,4348119,0.12,REALITY_CALIBRATED_V2,PUBLIC_SCALE_PLUS_SYNTHETIC_PATTERN
2026-01-18,D02_CAI_MEP,40HC,SURPLUS,757,87,3,5,74,18,92,0,0,92,0,754,1.2718279569892472,BASE,4348119,0.12,REALITY_CALIBRATED_V2,PUBLIC_SCALE_PLUS_SYNTHETIC_PATTERN
2026-01-18,D03_LONG_SON,20GP,SURPLUS,818,41,2,8,51,10,61,0,0,61,0,804,1.2269353128313891,BASE,4348119,0.12,REALITY_CALIBRATED_V2,PUBLIC_SCALE_PLUS_SYNTHETIC_PATTERN
2026-01-18,D03_LONG_SON,40GP,BALANCED,227,57,3,3,36,5,41,0,0,41,0,243,1.0261194029850744,BASE,4348119,0.12,REALITY_CALIBRATED_V2,PUBLIC_SCALE_PLUS_SYNTHETIC_PATTERN
2026-01-18,D03_LONG_SON,40HC,BALANCED,182,92,4,5,71,8,79,0,0,79,0,196,1.0514423076923078,BASE,4348119,0.12,REALITY_CALIBRATED_V2,PUBLIC_SCALE_PLUS_SYNTHETIC_PATTERN
2026-01-19,D01_PHU_MY,20GP,DEFICIT,30,138,7,4,87,31,118,0,0,118,0,47,0.7976352887676216,BASE,4348119,0.12,REALITY_CALIBRATED_V2,PUBLIC_SCALE_PLUS_SYNTHETIC_PATTERN
2026-01-19,D01_PHU_MY,40GP,SURPLUS,499,102,5,3,51,19,70,0,0,70,0,529,1.2831524303916944,BASE,4348119,0.12,REALITY_CALIBRATED_V2,PUBLIC_SCALE_PLUS_SYNTHETIC_PATTERN
2026-01-19,D01_PHU_MY,40HC,DEFICIT,14,63,3,1,86,10,96,0,0,75,21,0,0.8389720234222511,BASE,4348119,0.12,REALITY_CALIBRATED_V2,PUBLIC_SCALE_PLUS_SYNTHETIC_PATTERN
2026-01-19,D02_CAI_MEP,20GP,BALANCED,251,151,8,4,64,29,93,0,0,93,0,305,1.01956745623069,BASE,4348119,0.12,REALITY_CALIBRATED_V2,PUBLIC_SCALE_PLUS_SYNTHETIC_PATTERN
2026-01-19,D02_CAI_MEP,40GP,DEFICIT,106,58,3,3,53,13,66,0,0,66,0,98,0.7956777996070726,BASE,4348119,0.12,REALITY_CALIBRATED_V2,PUBLIC_SCALE_PLUS_SYNTHETIC_PATTERN
2026-01-19,D02_CAI_MEP,40HC,SURPLUS,754,118,5,3,74,35,109,0,0,109,0,761,1.2718279569892472,BASE,4348119,0.12,REALITY_CALIBRATED_V2,PUBLIC_SCALE_PLUS_SYNTHETIC_PATTERN
2026-01-19,D03_LONG_SON,20GP,SURPLUS,804,97,5,2,118,15,133,0,0,133,0,765,1.2269353128313891,BASE,4348119,0.12,REALITY_CALIBRATED_V2,PUBLIC_SCALE_PLUS_SYNTHETIC_PATTERN
2026-01-19,D03_LONG_SON,40GP,BALANCED,243,62,3,3,49,19,68,0,0,68,0,237,1.0261194029850744,BASE,4348119,0.12,REALITY_CALIBRATED_V2,PUBLIC_SCALE_PLUS_SYNTHETIC_PATTERN
2026-01-19,D03_LONG_SON,40HC,BALANCED,196,88,4,4,75,17,92,0,0,92,0,192,1.0514423076923078,BASE,4348119,0.12,REALITY_CALIBRATED_V2,PUBLIC_SCALE_PLUS_SYNTHETIC_PATTERN
2026-01-20,D01_PHU_MY,20GP,DEFICIT,47,92,5,7,103,15,118,0,0,118,0,23,0.7976352887676216,BASE,4348119,0.12,REALITY_CALIBRATED_V2,PUBLIC_SCALE_PLUS_SYNTHETIC_PATTERN
2026-01-20,D01_PHU_MY,40GP,SURPLUS,529,77,3,5,70,13,83,0,0,83,0,525,1.2831524303916944,BASE,4348119,0.12,REALITY_CALIBRATED_V2,PUBLIC_SCALE_PLUS_SYNTHETIC_PATTERN
2026-01-20,D01_PHU_MY,40HC,DEFICIT,0,86,3,3,79,40,119,0,0,86,33,0,0.8389720234222511,BASE,4348119,0.12,REALITY_CALIBRATED_V2,PUBLIC_SCALE_PLUS_SYNTHETIC_PATTERN
2026-01-20,D02_CAI_MEP,20GP,BALANCED,305,99,5,8,93,40,133,0,0,133,0,274,1.01956745623069,BASE,4348119,0.12,REALITY_CALIBRATED_V2,PUBLIC_SCALE_PLUS_SYNTHETIC_PATTERN
2026-01-20,D02_CAI_MEP,40GP,DEFICIT,98,48,2,3,83,13,96,0,0,96,0,51,0.7956777996070726,BASE,4348119,0.12,REALITY_CALIBRATED_V2,PUBLIC_SCALE_PLUS_SYNTHETIC_PATTERN
2026-01-20,D02_CAI_MEP,40HC,SURPLUS,761,148,6,5,118,26,144,0,0,144,0,764,1.2718279569892472,BASE,4348119,0.12,REALITY_CALIBRATED_V2,PUBLIC_SCALE_PLUS_SYNTHETIC_PATTERN
2026-01-20,D03_LONG_SON,20GP,SURPLUS,765,153,8,5,123,15,138,0,0,138,0,777,1.2269353128313891,BASE,4348119,0.12,REALITY_CALIBRATED_V2,PUBLIC_SCALE_PLUS_SYNTHETIC_PATTERN
2026-01-20,D03_LONG_SON,40GP,BALANCED,237,59,3,3,52,5,57,0,0,57,0,239,1.0261194029850744,BASE,4348119,0.12,REALITY_CALIBRATED_V2,PUBLIC_SCALE_PLUS_SYNTHETIC_PATTERN
2026-01-20,D03_LONG_SON,40HC,BALANCED,192,125,5,4,62,13,75,0,0,75,0,241,1.0514423076923078,BASE,4348119,0.12,REALITY_CALIBRATED_V2,PUBLIC_SCALE_PLUS_SYNTHETIC_PATTERN
2026-01-21,D01_PHU_MY,20GP,DEFICIT,23,169,8,5,72,36,108,0,0,108,0,81,0.7976352887676216,BASE,4348119,0.12,REALITY_CALIBRATED_V2,PUBLIC_SCALE_PLUS_SYNTHETIC_PATTERN
2026-01-21,D01_PHU_MY,40GP,SURPLUS,525,137,6,3,45,16,61,0,0,61,0,598,1.2831524303916944,BASE,4348119,0.12,REALITY_CALIBRATED_V2,PUBLIC_SCALE_PLUS_SYNTHETIC_PATTERN
2026-01-21,D01_PHU_MY,40HC,DEFICIT,0,102,4,3,93,26,119,0,0,101,18,0,0.8389720234222511,BASE,4348119,0.12,REALITY_CALIBRATED_V2,PUBLIC_SCALE_PLUS_SYNTHETIC_PATTERN
2026-01-21,D02_CAI_MEP,20GP,BALANCED,274,145,7,5,110,47,157,0,0,157,0,260,1.01956745623069,BASE,4348119,0.12,REALITY_CALIBRATED_V2,PUBLIC_SCALE_PLUS_SYNTHETIC_PATTERN
2026-01-21,D02_CAI_MEP,40GP,DEFICIT,51,61,3,2,74,19,93,0,0,93,0,18,0.7956777996070726,BASE,4348119,0.12,REALITY_CALIBRATED_V2,PUBLIC_SCALE_PLUS_SYNTHETIC_PATTERN
2026-01-21,D02_CAI_MEP,40HC,SURPLUS,764,179,7,6,96,22,118,0,0,118,0,824,1.2718279569892472,BASE,4348119,0.12,REALITY_CALIBRATED_V2,PUBLIC_SCALE_PLUS_SYNTHETIC_PATTERN
2026-01-21,D03_LONG_SON,20GP,SURPLUS,777,118,6,8,87,36,123,0,0,123,0,774,1.2269353128313891,BASE,4348119,0.12,REALITY_CALIBRATED_V2,PUBLIC_SCALE_PLUS_SYNTHETIC_PATTERN
2026-01-21,D03_LONG_SON,40GP,BALANCED,239,70,3,3,44,24,68,0,0,68,0,241,1.0261194029850744,BASE,4348119,0.12,REALITY_CALIBRATED_V2,PUBLIC_SCALE_PLUS_SYNTHETIC_PATTERN
2026-01-21,D03_LONG_SON,40HC,BALANCED,241,117,5,5,92,12,104,0,0,104,0,254,1.0514423076923078,BASE,4348119,0.12,REALITY_CALIBRATED_V2,PUBLIC_SCALE_PLUS_SYNTHETIC_PATTERN
2026-01-22,D01_PHU_MY,20GP,DEFICIT,81,143,7,8,123,31,154,0,0,154,0,71,0.7976352887676216,BASE,4348119,0.12,REALITY_CALIBRATED_V2,PUBLIC_SCALE_PLUS_SYNTHETIC_PATTERN
2026-01-22,D01_PHU_MY,40GP,SURPLUS,598,121,5,6,67,19,86,0,0,86,0,634,1.2831524303916944,BASE,4348119,0.12,REALITY_CALIBRATED_V2,PUBLIC_SCALE_PLUS_SYNTHETIC_PATTERN
2026-01-22,D01_PHU_MY,40HC,DEFICIT,0,63,3,4,89,33,122,0,0,64,58,0,0.8389720234222511,BASE,4348119,0.12,REALITY_CALIBRATED_V2,PUBLIC_SCALE_PLUS_SYNTHETIC_PATTERN
2026-01-22,D02_CAI_MEP,20GP,BALANCED,260,93,5,7,81,23,104,0,0,104,0,251,1.01956745623069,BASE,4348119,0.12,REALITY_CALIBRATED_V2,PUBLIC_SCALE_PLUS_SYNTHETIC_PATTERN
2026-01-22,D02_CAI_MEP,40GP,DEFICIT,18,40,2,3,55,11,66,0,0,59,7,0,0.7956777996070726,BASE,4348119,0.12,REALITY_CALIBRATED_V2,PUBLIC_SCALE_PLUS_SYNTHETIC_PATTERN
2026-01-22,D02_CAI_MEP,40HC,SURPLUS,824,135,5,7,109,26,135,0,0,135,0,826,1.2718279569892472,BASE,4348119,0.12,REALITY_CALIBRATED_V2,PUBLIC_SCALE_PLUS_SYNTHETIC_PATTERN
2026-01-22,D03_LONG_SON,20GP,SURPLUS,774,169,8,6,51,21,72,0,0,72,0,869,1.2269353128313891,BASE,4348119,0.12,REALITY_CALIBRATED_V2,PUBLIC_SCALE_PLUS_SYNTHETIC_PATTERN
2026-01-22,D03_LONG_SON,40GP,BALANCED,241,59,3,3,41,16,57,0,0,57,0,243,1.0261194029850744,BASE,4348119,0.12,REALITY_CALIBRATED_V2,PUBLIC_SCALE_PLUS_SYNTHETIC_PATTERN
2026-01-22,D03_LONG_SON,40HC,BALANCED,254,50,2,5,75,13,88,0,0,88,0,219,1.0514423076923078,BASE,4348119,0.12,REALITY_CALIBRATED_V2,PUBLIC_SCALE_PLUS_SYNTHETIC_PATTERN
2026-01-23,D01_PHU_MY,20GP,DEFICIT,71,102,5,7,108,46,154,0,0,154,0,21,0.7976352887676216,BASE,4348119,0.12,REALITY_CALIBRATED_V2,PUBLIC_SCALE_PLUS_SYNTHETIC_PATTERN
2026-01-23,D01_PHU_MY,40GP,SURPLUS,634,115,5,5,70,10,80,0,0,80,0,669,1.2831524303916944,BASE,4348119,0.12,REALITY_CALIBRATED_V2,PUBLIC_SCALE_PLUS_SYNTHETIC_PATTERN
2026-01-23,D01_PHU_MY,40HC,DEFICIT,0,92,4,3,86,39,125,0,0,91,34,0,0.8389720234222511,BASE,4348119,0.12,REALITY_CALIBRATED_V2,PUBLIC_SCALE_PLUS_SYNTHETIC_PATTERN
2026-01-23,D02_CAI_MEP,20GP,BALANCED,251,162,8,5,104,12,116,0,0,116,0,294,1.01956745623069,BASE,4348119,0.12,REALITY_CALIBRATED_V2,PUBLIC_SCALE_PLUS_SYNTHETIC_PATTERN
2026-01-23,D02_CAI_MEP,40GP,DEFICIT,0,64,3,2,64,26,90,0,0,63,27,0,0.7956777996070726,BASE,4348119,0.12,REALITY_CALIBRATED_V2,PUBLIC_SCALE_PLUS_SYNTHETIC_PATTERN
2026-01-23,D02_CAI_MEP,40HC,SURPLUS,826,135,5,5,109,22,131,0,0,131,0,830,1.2718279569892472,BASE,4348119,0.12,REALITY_CALIBRATED_V2,PUBLIC_SCALE_PLUS_SYNTHETIC_PATTERN
2026-01-23,D03_LONG_SON,20GP,SURPLUS,869,143,7,8,82,31,113,0,0,113,0,900,1.2269353128313891,BASE,4348119,0.12,REALITY_CALIBRATED_V2,PUBLIC_SCALE_PLUS_SYNTHETIC_PATTERN
2026-01-23,D03_LONG_SON,40GP,BALANCED,243,51,2,3,35,11,46,0,0,46,0,249,1.0261194029850744,BASE,4348119,0.12,REALITY_CALIBRATED_V2,PUBLIC_SCALE_PLUS_SYNTHETIC_PATTERN
2026-01-23,D03_LONG_SON,40HC,BALANCED,219,67,3,2,84,25,109,0,0,109,0,176,1.0514423076923078,BASE,4348119,0.12,REALITY_CALIBRATED_V2,PUBLIC_SCALE_PLUS_SYNTHETIC_PATTERN
2026-01-24,D01_PHU_MY,20GP,DEFICIT,21,97,5,5,103,10,113,0,0,113,0,5,0.7976352887676216,BASE,4348119,0.12,REALITY_CALIBRATED_V2,PUBLIC_SCALE_PLUS_SYNTHETIC_PATTERN
2026-01-24,D01_PHU_MY,40GP,SURPLUS,669,77,3,5,51,10,61,0,0,61,0,687,1.2831524303916944,BASE,4348119,0.12,REALITY_CALIBRATED_V2,PUBLIC_SCALE_PLUS_SYNTHETIC_PATTERN
2026-01-24,D01_PHU_MY,40HC,DEFICIT,0,76,3,4,63,23,86,0,0,77,9,0,0.8389720234222511,BASE,4348119,0.12,REALITY_CALIBRATED_V2,PUBLIC_SCALE_PLUS_SYNTHETIC_PATTERN
2026-01-24,D02_CAI_MEP,20GP,BALANCED,294,81,4,8,122,23,145,0,0,145,0,234,1.01956745623069,BASE,4348119,0.12,REALITY_CALIBRATED_V2,PUBLIC_SCALE_PLUS_SYNTHETIC_PATTERN
2026-01-24,D02_CAI_MEP,40GP,DEFICIT,0,50,2,3,53,8,61,0,0,51,10,0,0.7956777996070726,BASE,4348119,0.12,REALITY_CALIBRATED_V2,PUBLIC_SCALE_PLUS_SYNTHETIC_PATTERN
2026-01-24,D02_CAI_MEP,40HC,SURPLUS,830,126,5,5,56,22,78,0,0,78,0,878,1.2718279569892472,BASE,4348119,0.12,REALITY_CALIBRATED_V2,PUBLIC_SCALE_PLUS_SYNTHETIC_PATTERN
2026-01-24,D03_LONG_SON,20GP,SURPLUS,900,113,6,7,46,21,67,0,0,67,0,947,1.2269353128313891,BASE,4348119,0.12,REALITY_CALIBRATED_V2,PUBLIC_SCALE_PLUS_SYNTHETIC_PATTERN
2026-01-24,D03_LONG_SON,40GP,BALANCED,249,54,2,2,43,19,62,0,0,62,0,241,1.0261194029850744,BASE,4348119,0.12,REALITY_CALIBRATED_V2,PUBLIC_SCALE_PLUS_SYNTHETIC_PATTERN
2026-01-24,D03_LONG_SON,40HC,BALANCED,176,71,3,3,59,25,84,0,0,84,0,163,1.0514423076923078,BASE,4348119,0.12,REALITY_CALIBRATED_V2,PUBLIC_SCALE_PLUS_SYNTHETIC_PATTERN
2026-01-25,D01_PHU_MY,20GP,DEFICIT,5,56,3,5,62,10,72,0,0,63,9,0,0.7976352887676216,BASE,4348119,0.12,REALITY_CALIBRATED_V2,PUBLIC_SCALE_PLUS_SYNTHETIC_PATTERN
2026-01-25,D01_PHU_MY,40GP,SURPLUS,687,64,3,3,38,13,51,0,0,51,0,700,1.2831524303916944,BASE,4348119,0.12,REALITY_CALIBRATED_V2,PUBLIC_SCALE_PLUS_SYNTHETIC_PATTERN
2026-01-25,D01_PHU_MY,40HC,DEFICIT,0,66,3,3,46,17,63,0,0,63,0,3,0.8389720234222511,BASE,4348119,0.12,REALITY_CALIBRATED_V2,PUBLIC_SCALE_PLUS_SYNTHETIC_PATTERN
2026-01-25,D02_CAI_MEP,20GP,BALANCED,234,35,2,4,87,23,110,0,0,110,0,161,1.01956745623069,BASE,4348119,0.12,REALITY_CALIBRATED_V2,PUBLIC_SCALE_PLUS_SYNTHETIC_PATTERN
2026-01-25,D02_CAI_MEP,40GP,DEFICIT,0,58,3,2,34,11,45,0,0,45,0,12,0.7956777996070726,BASE,4348119,0.12,REALITY_CALIBRATED_V2,PUBLIC_SCALE_PLUS_SYNTHETIC_PATTERN
2026-01-25,D02_CAI_MEP,40HC,SURPLUS,878,100,4,5,57,4,61,0,0,61,0,918,1.2718279569892472,BASE,4348119,0.12,REALITY_CALIBRATED_V2,PUBLIC_SCALE_PLUS_SYNTHETIC_PATTERN
2026-01-25,D03_LONG_SON,20GP,SURPLUS,947,46,2,6,36,10,46,0,0,46,0,951,1.2269353128313891,BASE,4348119,0.12,REALITY_CALIBRATED_V2,PUBLIC_SCALE_PLUS_SYNTHETIC_PATTERN
2026-01-25,D03_LONG_SON,40GP,BALANCED,241,14,1,2,40,11,51,0,0,51,0,205,1.0261194029850744,BASE,4348119,0.12,REALITY_CALIBRATED_V2,PUBLIC_SCALE_PLUS_SYNTHETIC_PATTERN
2026-01-25,D03_LONG_SON,40HC,BALANCED,163,88,4,3,58,21,79,0,0,79,0,171,1.0514423076923078,BASE,4348119,0.12,REALITY_CALIBRATED_V2,PUBLIC_SCALE_PLUS_SYNTHETIC_PATTERN
2026-01-26,D01_PHU_MY,20GP,DEFICIT,0,92,5,3,82,26,108,0,0,90,18,0,0.7976352887676216,BASE,4348119,0.12,REALITY_CALIBRATED_V2,PUBLIC_SCALE_PLUS_SYNTHETIC_PATTERN
2026-01-26,D01_PHU_MY,40GP,SURPLUS,700,83,4,3,67,22,89,0,0,89,0,693,1.2831524303916944,BASE,4348119,0.12,REALITY_CALIBRATED_V2,PUBLIC_SCALE_PLUS_SYNTHETIC_PATTERN
2026-01-26,D01_PHU_MY,40HC,DEFICIT,3,89,4,3,86,33,119,0,0,91,28,0,0.8389720234222511,BASE,4348119,0.12,REALITY_CALIBRATED_V2,PUBLIC_SCALE_PLUS_SYNTHETIC_PATTERN
2026-01-26,D02_CAI_MEP,20GP,BALANCED,161,116,6,2,145,23,168,0,0,168,0,105,1.01956745623069,BASE,4348119,0.12,REALITY_CALIBRATED_V2,PUBLIC_SCALE_PLUS_SYNTHETIC_PATTERN
2026-01-26,D02_CAI_MEP,40GP,DEFICIT,12,42,2,3,71,11,82,0,0,55,27,0,0.7956777996070726,BASE,4348119,0.12,REALITY_CALIBRATED_V2,PUBLIC_SCALE_PLUS_SYNTHETIC_PATTERN
2026-01-26,D02_CAI_MEP,40HC,SURPLUS,918,183,7,4,57,13,70,0,0,70,0,1028,1.2718279569892472,BASE,4348119,0.12,REALITY_CALIBRATED_V2,PUBLIC_SCALE_PLUS_SYNTHETIC_PATTERN
2026-01-26,D03_LONG_SON,20GP,SURPLUS,951,107,5,2,46,26,72,0,0,72,0,983,1.2269353128313891,BASE,4348119,0.12,REALITY_CALIBRATED_V2,PUBLIC_SCALE_PLUS_SYNTHETIC_PATTERN
2026-01-26,D03_LONG_SON,40GP,BALANCED,205,78,4,1,38,16,54,0,0,54,0,226,1.0261194029850744,BASE,4348119,0.12,REALITY_CALIBRATED_V2,PUBLIC_SCALE_PLUS_SYNTHETIC_PATTERN
2026-01-26,D03_LONG_SON,40HC,BALANCED,171,79,3,4,75,29,104,0,0,104,0,147,1.0514423076923078,BASE,4348119,0.12,REALITY_CALIBRATED_V2,PUBLIC_SCALE_PLUS_SYNTHETIC_PATTERN
2026-01-27,D01_PHU_MY,20GP,DEFICIT,0,82,4,5,123,20,143,0,0,83,60,0,0.7976352887676216,BASE,4348119,0.12,REALITY_CALIBRATED_V2,PUBLIC_SCALE_PLUS_SYNTHETIC_PATTERN
2026-01-27,D01_PHU_MY,40GP,SURPLUS,693,121,5,4,54,10,64,0,0,64,0,749,1.2831524303916944,BASE,4348119,0.12,REALITY_CALIBRATED_V2,PUBLIC_SCALE_PLUS_SYNTHETIC_PATTERN
2026-01-27,D01_PHU_MY,40HC,DEFICIT,0,69,3,4,96,46,142,0,0,70,72,0,0.8389720234222511,BASE,4348119,0.12,REALITY_CALIBRATED_V2,PUBLIC_SCALE_PLUS_SYNTHETIC_PATTERN
2026-01-27,D02_CAI_MEP,20GP,BALANCED,105,145,7,6,98,35,133,0,0,133,0,116,1.01956745623069,BASE,4348119,0.12,REALITY_CALIBRATED_V2,PUBLIC_SCALE_PLUS_SYNTHETIC_PATTERN
2026-01-27,D02_CAI_MEP,40GP,DEFICIT,0,37,2,2,50,24,74,0,0,37,37,0,0.7956777996070726,BASE,4348119,0.12,REALITY_CALIBRATED_V2,PUBLIC_SCALE_PLUS_SYNTHETIC_PATTERN
2026-01-27,D02_CAI_MEP,40HC,SURPLUS,1028,153,6,7,70,26,96,0,0,96,0,1086,1.2718279569892472,BASE,4348119,0.12,REALITY_CALIBRATED_V2,PUBLIC_SCALE_PLUS_SYNTHETIC_PATTERN
2026-01-27,D03_LONG_SON,20GP,SURPLUS,983,148,7,5,72,10,82,0,0,82,0,1047,1.2269353128313891,BASE,4348119,0.12,REALITY_CALIBRATED_V2,PUBLIC_SCALE_PLUS_SYNTHETIC_PATTERN
2026-01-27,D03_LONG_SON,40GP,BALANCED,226,73,3,4,43,11,54,0,0,54,0,246,1.0261194029850744,BASE,4348119,0.12,REALITY_CALIBRATED_V2,PUBLIC_SCALE_PLUS_SYNTHETIC_PATTERN
2026-01-27,D03_LONG_SON,40HC,BALANCED,147,113,5,3,113,21,134,0,0,134,0,124,1.0514423076923078,BASE,4348119,0.12,REALITY_CALIBRATED_V2,PUBLIC_SCALE_PLUS_SYNTHETIC_PATTERN
2026-01-28,D01_PHU_MY,20GP,DEFICIT,0,92,5,4,87,21,108,0,0,91,17,0,0.7976352887676216,BASE,4348119,0.12,REALITY_CALIBRATED_V2,PUBLIC_SCALE_PLUS_SYNTHETIC_PATTERN
2026-01-28,D01_PHU_MY,40GP,SURPLUS,749,118,5,5,54,19,73,0,0,73,0,794,1.2831524303916944,BASE,4348119,0.12,REALITY_CALIBRATED_V2,PUBLIC_SCALE_PLUS_SYNTHETIC_PATTERN
2026-01-28,D01_PHU_MY,40HC,DEFICIT,0,109,4,3,95,43,138,0,0,108,30,0,0.8389720234222511,BASE,4348119,0.12,REALITY_CALIBRATED_V2,PUBLIC_SCALE_PLUS_SYNTHETIC_PATTERN
2026-01-28,D02_CAI_MEP,20GP,BALANCED,116,122,6,7,99,23,122,0,0,122,0,117,1.01956745623069,BASE,4348119,0.12,REALITY_CALIBRATED_V2,PUBLIC_SCALE_PLUS_SYNTHETIC_PATTERN
2026-01-28,D02_CAI_MEP,40GP,DEFICIT,0,80,4,2,69,13,82,0,0,78,4,0,0.7956777996070726,BASE,4348119,0.12,REALITY_CALIBRATED_V2,PUBLIC_SCALE_PLUS_SYNTHETIC_PATTERN
2026-01-28,D02_CAI_MEP,40HC,SURPLUS,1086,131,5,6,105,30,135,0,0,135,0,1083,1.2718279569892472,BASE,4348119,0.12,REALITY_CALIBRATED_V2,PUBLIC_SCALE_PLUS_SYNTHETIC_PATTERN
2026-01-28,D03_LONG_SON,20GP,SURPLUS,1047,143,7,7,97,26,123,0,0,123,0,1067,1.2269353128313891,BASE,4348119,0.12,REALITY_CALIBRATED_V2,PUBLIC_SCALE_PLUS_SYNTHETIC_PATTERN
2026-01-28,D03_LONG_SON,40GP,BALANCED,246,62,3,3,57,27,84,0,0,84,0,224,1.0261194029850744,BASE,4348119,0.12,REALITY_CALIBRATED_V2,PUBLIC_SCALE_PLUS_SYNTHETIC_PATTERN
2026-01-28,D03_LONG_SON,40HC,BALANCED,124,88,4,5,92,17,109,0,0,109,0,104,1.0514423076923078,BASE,4348119,0.12,REALITY_CALIBRATED_V2,PUBLIC_SCALE_PLUS_SYNTHETIC_PATTERN
2026-01-29,D01_PHU_MY,20GP,DEFICIT,0,97,5,5,92,46,138,0,0,97,41,0,0.7976352887676216,BASE,4348119,0.12,REALITY_CALIBRATED_V2,PUBLIC_SCALE_PLUS_SYNTHETIC_PATTERN
2026-01-29,D01_PHU_MY,40GP,SURPLUS,794,80,4,5,70,10,80,0,0,80,0,795,1.2831524303916944,BASE,4348119,0.12,REALITY_CALIBRATED_V2,PUBLIC_SCALE_PLUS_SYNTHETIC_PATTERN
2026-01-29,D01_PHU_MY,40HC,DEFICIT,0,109,4,4,63,23,86,0,0,86,0,23,0.8389720234222511,BASE,4348119,0.12,REALITY_CALIBRATED_V2,PUBLIC_SCALE_PLUS_SYNTHETIC_PATTERN
2026-01-29,D02_CAI_MEP,20GP,BALANCED,117,191,10,6,87,41,128,0,0,128,0,176,1.01956745623069,BASE,4348119,0.12,REALITY_CALIBRATED_V2,PUBLIC_SCALE_PLUS_SYNTHETIC_PATTERN
2026-01-29,D02_CAI_MEP,40GP,DEFICIT,0,50,2,4,32,13,45,0,0,45,0,7,0.7956777996070726,BASE,4348119,0.12,REALITY_CALIBRATED_V2,PUBLIC_SCALE_PLUS_SYNTHETIC_PATTERN
2026-01-29,D02_CAI_MEP,40HC,SURPLUS,1083,153,6,5,105,39,144,0,0,144,0,1091,1.2718279569892472,BASE,4348119,0.12,REALITY_CALIBRATED_V2,PUBLIC_SCALE_PLUS_SYNTHETIC_PATTERN
2026-01-29,D03_LONG_SON,20GP,SURPLUS,1067,143,7,7,67,15,82,0,0,82,0,1128,1.2269353128313891,BASE,4348119,0.12,REALITY_CALIBRATED_V2,PUBLIC_SCALE_PLUS_SYNTHETIC_PATTERN
2026-01-29,D03_LONG_SON,40GP,BALANCED,224,57,3,3,59,30,89,0,0,89,0,192,1.0261194029850744,BASE,4348119,0.12,REALITY_CALIBRATED_V2,PUBLIC_SCALE_PLUS_SYNTHETIC_PATTERN
2026-01-29,D03_LONG_SON,40HC,BALANCED,104,109,4,4,83,17,100,0,0,100,0,113,1.0514423076923078,BASE,4348119,0.12,REALITY_CALIBRATED_V2,PUBLIC_SCALE_PLUS_SYNTHETIC_PATTERN
2026-01-30,D01_PHU_MY,20GP,DEFICIT,0,108,5,5,97,26,123,0,0,108,15,0,0.7976352887676216,BASE,4348119,0.12,REALITY_CALIBRATED_V2,PUBLIC_SCALE_PLUS_SYNTHETIC_PATTERN
2026-01-30,D01_PHU_MY,40GP,SURPLUS,795,118,5,4,60,13,73,0,0,73,0,839,1.2831524303916944,BASE,4348119,0.12,REALITY_CALIBRATED_V2,PUBLIC_SCALE_PLUS_SYNTHETIC_PATTERN
2026-01-30,D01_PHU_MY,40HC,DEFICIT,23,89,4,4,89,13,102,0,0,102,0,10,0.8389720234222511,BASE,4348119,0.12,REALITY_CALIBRATED_V2,PUBLIC_SCALE_PLUS_SYNTHETIC_PATTERN
2026-01-30,D02_CAI_MEP,20GP,BALANCED,176,133,7,10,134,23,157,0,0,157,0,155,1.01956745623069,BASE,4348119,0.12,REALITY_CALIBRATED_V2,PUBLIC_SCALE_PLUS_SYNTHETIC_PATTERN
2026-01-30,D02_CAI_MEP,40GP,DEFICIT,7,53,2,2,85,11,96,0,0,60,36,0,0.7956777996070726,BASE,4348119,0.12,REALITY_CALIBRATED_V2,PUBLIC_SCALE_PLUS_SYNTHETIC_PATTERN
2026-01-30,D02_CAI_MEP,40HC,SURPLUS,1091,153,6,6,78,9,87,0,0,87,0,1157,1.2718279569892472,BASE,4348119,0.12,REALITY_CALIBRATED_V2,PUBLIC_SCALE_PLUS_SYNTHETIC_PATTERN
2026-01-30,D03_LONG_SON,20GP,SURPLUS,1128,169,8,7,67,15,82,0,0,82,0,1214,1.2269353128313891,BASE,4348119,0.12,REALITY_CALIBRATED_V2,PUBLIC_SCALE_PLUS_SYNTHETIC_PATTERN
2026-01-30,D03_LONG_SON,40GP,BALANCED,192,86,4,3,70,14,84,0,0,84,0,193,1.0261194029850744,BASE,4348119,0.12,REALITY_CALIBRATED_V2,PUBLIC_SCALE_PLUS_SYNTHETIC_PATTERN
2026-01-30,D03_LONG_SON,40HC,BALANCED,113,104,4,4,84,33,117,0,0,117,0,100,1.0514423076923078,BASE,4348119,0.12,REALITY_CALIBRATED_V2,PUBLIC_SCALE_PLUS_SYNTHETIC_PATTERN
2026-01-31,D01_PHU_MY,20GP,DEFICIT,0,82,4,5,113,20,133,0,0,83,50,0,0.7976352887676216,BASE,4348119,0.12,REALITY_CALIBRATED_V2,PUBLIC_SCALE_PLUS_SYNTHETIC_PATTERN
2026-01-31,D01_PHU_MY,40GP,SURPLUS,839,96,4,5,28,10,38,0,0,38,0,898,1.2831524303916944,BASE,4348119,0.12,REALITY_CALIBRATED_V2,PUBLIC_SCALE_PLUS_SYNTHETIC_PATTERN
2026-01-31,D01_PHU_MY,40HC,DEFICIT,10,105,4,4,53,20,73,0,0,73,0,42,0.8389720234222511,BASE,4348119,0.12,REALITY_CALIBRATED_V2,PUBLIC_SCALE_PLUS_SYNTHETIC_PATTERN
2026-01-31,D02_CAI_MEP,20GP,BALANCED,155,157,8,7,87,35,122,0,0,122,0,189,1.01956745623069,BASE,4348119,0.12,REALITY_CALIBRATED_V2,PUBLIC_SCALE_PLUS_SYNTHETIC_PATTERN
2026-01-31,D02_CAI_MEP,40GP,DEFICIT,0,58,3,2,61,16,77,0,0,57,20,0,0.7956777996070726,BASE,4348119,0.12,REALITY_CALIBRATED_V2,PUBLIC_SCALE_PLUS_SYNTHETIC_PATTERN
2026-01-31,D02_CAI_MEP,40HC,SURPLUS,1157,118,5,6,91,22,113,0,0,113,0,1163,1.2718279569892472,BASE,4348119,0.12,REALITY_CALIBRATED_V2,PUBLIC_SCALE_PLUS_SYNTHETIC_PATTERN
2026-01-31,D03_LONG_SON,20GP,SURPLUS,1214,118,6,8,108,20,128,0,0,128,0,1206,1.2269353128313891,BASE,4348119,0.12,REALITY_CALIBRATED_V2,PUBLIC_SCALE_PLUS_SYNTHETIC_PATTERN
2026-01-31,D03_LONG_SON,40GP,BALANCED,193,59,3,4,49,16,65,0,0,65,0,188,1.0261194029850744,BASE,4348119,0.12,REALITY_CALIBRATED_V2,PUBLIC_SCALE_PLUS_SYNTHETIC_PATTERN
2026-01-31,D03_LONG_SON,40HC,BALANCED,100,84,3,4,92,25,117,0,0,117,0,68,1.0514423076923078,BASE,4348119,0.12,REALITY_CALIBRATED_V2,PUBLIC_SCALE_PLUS_SYNTHETIC_PATTERN
2026-02-01,D01_PHU_MY,20GP,DEFICIT,0,108,5,4,51,10,61,0,0,61,0,46,0.7976352887676216,BASE,4348119,0.12,REALITY_CALIBRATED_V2,PUBLIC_SCALE_PLUS_SYNTHETIC_PATTERN
2026-02-01,D01_PHU_MY,40GP,SURPLUS,898,73,3,4,32,16,48,0,0,48,0,924,1.2831524303916944,BASE,4348119,0.12,REALITY_CALIBRATED_V2,PUBLIC_SCALE_PLUS_SYNTHETIC_PATTERN
2026-02-01,D01_PHU_MY,40HC,DEFICIT,42,92,4,4,53,20,73,0,0,73,0,61,0.8389720234222511,BASE,4348119,0.12,REALITY_CALIBRATED_V2,PUBLIC_SCALE_PLUS_SYNTHETIC_PATTERN
2026-02-01,D02_CAI_MEP,20GP,BALANCED,189,104,5,8,64,23,87,0,0,87,0,209,1.01956745623069,BASE,4348119,0.12,REALITY_CALIBRATED_V2,PUBLIC_SCALE_PLUS_SYNTHETIC_PATTERN
2026-02-01,D02_CAI_MEP,40GP,DEFICIT,0,58,3,3,42,8,50,0,0,50,0,8,0.7956777996070726,BASE,4348119,0.12,REALITY_CALIBRATED_V2,PUBLIC_SCALE_PLUS_SYNTHETIC_PATTERN
2026-02-01,D02_CAI_MEP,40HC,SURPLUS,1163,96,4,5,83,22,105,0,0,105,0,1155,1.2718279569892472,BASE,4348119,0.12,REALITY_CALIBRATED_V2,PUBLIC_SCALE_PLUS_SYNTHETIC_PATTERN
2026-02-01,D03_LONG_SON,20GP,SURPLUS,1206,113,6,6,62,20,82,0,0,82,0,1237,1.2269353128313891,BASE,4348119,0.12,REALITY_CALIBRATED_V2,PUBLIC_SCALE_PLUS_SYNTHETIC_PATTERN
2026-02-01,D03_LONG_SON,40GP,BALANCED,188,51,2,3,46,11,57,0,0,57,0,183,1.0261194029850744,BASE,4348119,0.12,REALITY_CALIBRATED_V2,PUBLIC_SCALE_PLUS_SYNTHETIC_PATTERN
2026-02-01,D03_LONG_SON,40HC,BALANCED,68,92,4,3,67,21,88,0,0,88,0,71,1.0514423076923078,BASE,4348119,0.12,REALITY_CALIBRATED_V2,PUBLIC_SCALE_PLUS_SYNTHETIC_PATTERN
2026-02-02,D01_PHU_MY,20GP,DEFICIT,46,138,7,5,118,61,179,0,0,179,0,3,0.7976352887676216,BASE,4348119,0.12,REALITY_CALIBRATED_V2,PUBLIC_SCALE_PLUS_SYNTHETIC_PATTERN
2026-02-02,D01_PHU_MY,40GP,SURPLUS,924,112,5,3,70,13,83,0,0,83,0,951,1.2831524303916944,BASE,4348119,0.12,REALITY_CALIBRATED_V2,PUBLIC_SCALE_PLUS_SYNTHETIC_PATTERN
2026-02-02,D01_PHU_MY,40HC,DEFICIT,61,102,4,4,85,30,115,0,0,115,0,48,0.8389720234222511,BASE,4348119,0.12,REALITY_CALIBRATED_V2,PUBLIC_SCALE_PLUS_SYNTHETIC_PATTERN
2026-02-02,D02_CAI_MEP,20GP,BALANCED,209,116,6,5,81,23,104,0,0,104,0,220,1.01956745623069,BASE,4348119,0.12,REALITY_CALIBRATED_V2,PUBLIC_SCALE_PLUS_SYNTHETIC_PATTERN
2026-02-02,D02_CAI_MEP,40GP,DEFICIT,8,56,3,3,88,29,117,0,0,64,53,0,0.7956777996070726,BASE,4348119,0.12,REALITY_CALIBRATED_V2,PUBLIC_SCALE_PLUS_SYNTHETIC_PATTERN
2026-02-02,D02_CAI_MEP,40HC,SURPLUS,1155,179,7,4,113,22,135,0,0,135,0,1196,1.2718279569892472,BASE,4348119,0.12,REALITY_CALIBRATED_V2,PUBLIC_SCALE_PLUS_SYNTHETIC_PATTERN
2026-02-02,D03_LONG_SON,20GP,SURPLUS,1237,153,8,6,123,51,174,0,0,174,0,1214,1.2269353128313891,BASE,4348119,0.12,REALITY_CALIBRATED_V2,PUBLIC_SCALE_PLUS_SYNTHETIC_PATTERN
2026-02-02,D03_LONG_SON,40GP,BALANCED,183,59,3,2,49,8,57,0,0,57,0,184,1.0261194029850744,BASE,4348119,0.12,REALITY_CALIBRATED_V2,PUBLIC_SCALE_PLUS_SYNTHETIC_PATTERN
2026-02-02,D03_LONG_SON,40HC,BALANCED,71,104,4,4,59,29,88,0,0,88,0,87,1.0514423076923078,BASE,4348119,0.12,REALITY_CALIBRATED_V2,PUBLIC_SCALE_PLUS_SYNTHETIC_PATTERN
2026-02-03,D01_PHU_MY,20GP,DEFICIT,3,128,6,7,82,46,128,0,0,128,0,4,0.7976352887676216,BASE,4348119,0.12,REALITY_CALIBRATED_V2,PUBLIC_SCALE_PLUS_SYNTHETIC_PATTERN
2026-02-03,D01_PHU_MY,40GP,SURPLUS,951,105,5,5,57,16,73,0,0,73,0,983,1.2831524303916944,BASE,4348119,0.12,REALITY_CALIBRATED_V2,PUBLIC_SCALE_PLUS_SYNTHETIC_PATTERN
2026-02-03,D01_PHU_MY,40HC,DEFICIT,48,105,4,4,112,36,148,0,0,148,0,5,0.8389720234222511,BASE,4348119,0.12,REALITY_CALIBRATED_V2,PUBLIC_SCALE_PLUS_SYNTHETIC_PATTERN
2026-02-03,D02_CAI_MEP,20GP,BALANCED,220,174,9,6,116,58,174,0,0,174,0,217,1.01956745623069,BASE,4348119,0.12,REALITY_CALIBRATED_V2,PUBLIC_SCALE_PLUS_SYNTHETIC_PATTERN
2026-02-03,D02_CAI_MEP,40GP,DEFICIT,0,69,3,3,77,19,96,0,0,69,27,0,0.7956777996070726,BASE,4348119,0.12,REALITY_CALIBRATED_V2,PUBLIC_SCALE_PLUS_SYNTHETIC_PATTERN
2026-02-03,D02_CAI_MEP,40HC,SURPLUS,1196,122,5,7,83,39,122,0,0,122,0,1198,1.2718279569892472,BASE,4348119,0.12,REALITY_CALIBRATED_V2,PUBLIC_SCALE_PLUS_SYNTHETIC_PATTERN
2026-02-03,D03_LONG_SON,20GP,SURPLUS,1214,143,7,8,82,31,113,0,0,113,0,1245,1.2269353128313891,BASE,4348119,0.12,REALITY_CALIBRATED_V2,PUBLIC_SCALE_PLUS_SYNTHETIC_PATTERN
2026-02-03,D03_LONG_SON,40GP,BALANCED,184,78,4,3,59,11,70,0,0,70,0,191,1.0261194029850744,BASE,4348119,0.12,REALITY_CALIBRATED_V2,PUBLIC_SCALE_PLUS_SYNTHETIC_PATTERN
2026-02-03,D03_LONG_SON,40HC,BALANCED,87,121,5,4,112,13,125,0,0,125,0,82,1.0514423076923078,BASE,4348119,0.12,REALITY_CALIBRATED_V2,PUBLIC_SCALE_PLUS_SYNTHETIC_PATTERN
2026-02-04,D01_PHU_MY,20GP,DEFICIT,4,148,7,6,92,21,113,0,0,113,0,38,0.7976352887676216,BASE,4348119,0.12,REALITY_CALIBRATED_V2,PUBLIC_SCALE_PLUS_SYNTHETIC_PATTERN
2026-02-04,D01_PHU_MY,40GP,SURPLUS,983,92,4,5,89,10,99,0,0,99,0,977,1.2831524303916944,BASE,4348119,0.12,REALITY_CALIBRATED_V2,PUBLIC_SCALE_PLUS_SYNTHETIC_PATTERN
2026-02-04,D01_PHU_MY,40HC,DEFICIT,5,119,5,4,95,30,125,0,0,123,2,0,0.8389720234222511,BASE,4348119,0.12,REALITY_CALIBRATED_V2,PUBLIC_SCALE_PLUS_SYNTHETIC_PATTERN
2026-02-04,D02_CAI_MEP,20GP,BALANCED,217,151,8,9,110,41,151,0,0,151,0,218,1.01956745623069,BASE,4348119,0.12,REALITY_CALIBRATED_V2,PUBLIC_SCALE_PLUS_SYNTHETIC_PATTERN
2026-02-04,D02_CAI_MEP,40GP,DEFICIT,0,58,3,3,69,8,77,0,0,58,19,0,0.7956777996070726,BASE,4348119,0.12,REALITY_CALIBRATED_V2,PUBLIC_SCALE_PLUS_SYNTHETIC_PATTERN
2026-02-04,D02_CAI_MEP,40HC,SURPLUS,1198,166,7,5,122,48,170,0,0,170,0,1192,1.2718279569892472,BASE,4348119,0.12,REALITY_CALIBRATED_V2,PUBLIC_SCALE_PLUS_SYNTHETIC_PATTERN
2026-02-04,D03_LONG_SON,20GP,SURPLUS,1245,133,7,7,92,15,107,0,0,107,0,1271,1.2269353128313891,BASE,4348119,0.12,REALITY_CALIBRATED_V2,PUBLIC_SCALE_PLUS_SYNTHETIC_PATTERN
2026-02-04,D03_LONG_SON,40GP,BALANCED,191,70,3,4,49,16,65,0,0,65,0,197,1.0261194029850744,BASE,4348119,0.12,REALITY_CALIBRATED_V2,PUBLIC_SCALE_PLUS_SYNTHETIC_PATTERN
2026-02-04,D03_LONG_SON,40HC,BALANCED,82,117,5,5,71,21,92,0,0,92,0,107,1.0514423076923078,BASE,4348119,0.12,REALITY_CALIBRATED_V2,PUBLIC_SCALE_PLUS_SYNTHETIC_PATTERN
2026-02-05,D01_PHU_MY,20GP,DEFICIT,38,77,4,7,82,26,108,0,0,108,0,10,0.7976352887676216,BASE,4348119,0.12,REALITY_CALIBRATED_V2,PUBLIC_SCALE_PLUS_SYNTHETIC_PATTERN
2026-02-05,D01_PHU_MY,40GP,SURPLUS,977,140,6,4,90,22,112,0,0,112,0,1003,1.2831524303916944,BASE,4348119,0.12,REALITY_CALIBRATED_V2,PUBLIC_SCALE_PLUS_SYNTHETIC_PATTERN
2026-02-05,D01_PHU_MY,40HC,DEFICIT,0,142,6,5,79,13,92,0,0,92,0,49,0.8389720234222511,BASE,4348119,0.12,REALITY_CALIBRATED_V2,PUBLIC_SCALE_PLUS_SYNTHETIC_PATTERN
2026-02-05,D02_CAI_MEP,20GP,BALANCED,218,162,8,8,93,40,133,0,0,133,0,247,1.01956745623069,BASE,4348119,0.12,REALITY_CALIBRATED_V2,PUBLIC_SCALE_PLUS_SYNTHETIC_PATTERN
2026-02-05,D02_CAI_MEP,40GP,DEFICIT,0,61,3,3,61,32,93,0,0,61,32,0,0.7956777996070726,BASE,4348119,0.12,REALITY_CALIBRATED_V2,PUBLIC_SCALE_PLUS_SYNTHETIC_PATTERN
2026-02-05,D02_CAI_MEP,40HC,SURPLUS,1192,183,7,7,109,39,148,0,0,148,0,1227,1.2718279569892472,BASE,4348119,0.12,REALITY_CALIBRATED_V2,PUBLIC_SCALE_PLUS_SYNTHETIC_PATTERN
2026-02-05,D03_LONG_SON,20GP,SURPLUS,1271,133,7,7,97,31,128,0,0,128,0,1276,1.2269353128313891,BASE,4348119,0.12,REALITY_CALIBRATED_V2,PUBLIC_SCALE_PLUS_SYNTHETIC_PATTERN
2026-02-05,D03_LONG_SON,40GP,BALANCED,197,81,4,3,38,11,49,0,0,49,0,228,1.0261194029850744,BASE,4348119,0.12,REALITY_CALIBRATED_V2,PUBLIC_SCALE_PLUS_SYNTHETIC_PATTERN
2026-02-05,D03_LONG_SON,40HC,BALANCED,107,129,5,5,108,17,125,0,0,125,0,111,1.0514423076923078,BASE,4348119,0.12,REALITY_CALIBRATED_V2,PUBLIC_SCALE_PLUS_SYNTHETIC_PATTERN
2026-02-06,D01_PHU_MY,20GP,DEFICIT,10,108,5,4,102,46,148,0,0,117,31,0,0.7976352887676216,BASE,4348119,0.12,REALITY_CALIBRATED_V2,PUBLIC_SCALE_PLUS_SYNTHETIC_PATTERN
2026-02-06,D01_PHU_MY,40GP,SURPLUS,1003,105,5,6,48,6,54,0,0,54,0,1055,1.2831524303916944,BASE,4348119,0.12,REALITY_CALIBRATED_V2,PUBLIC_SCALE_PLUS_SYNTHETIC_PATTERN
2026-02-06,D01_PHU_MY,40HC,DEFICIT,49,79,3,6,103,26,129,0,0,129,0,2,0.8389720234222511,BASE,4348119,0.12,REALITY_CALIBRATED_V2,PUBLIC_SCALE_PLUS_SYNTHETIC_PATTERN
2026-02-06,D02_CAI_MEP,20GP,BALANCED,247,104,5,8,98,35,133,0,0,133,0,221,1.01956745623069,BASE,4348119,0.12,REALITY_CALIBRATED_V2,PUBLIC_SCALE_PLUS_SYNTHETIC_PATTERN
2026-02-06,D02_CAI_MEP,40GP,DEFICIT,0,45,2,3,45,21,66,0,0,46,20,0,0.7956777996070726,BASE,4348119,0.12,REALITY_CALIBRATED_V2,PUBLIC_SCALE_PLUS_SYNTHETIC_PATTERN
2026-02-06,D02_CAI_MEP,40HC,SURPLUS,1227,192,8,7,79,13,92,0,0,92,0,1326,1.2718279569892472,BASE,4348119,0.12,REALITY_CALIBRATED_V2,PUBLIC_SCALE_PLUS_SYNTHETIC_PATTERN
2026-02-06,D03_LONG_SON,20GP,SURPLUS,1276,128,6,7,92,41,133,0,0,133,0,1272,1.2269353128313891,BASE,4348119,0.12,REALITY_CALIBRATED_V2,PUBLIC_SCALE_PLUS_SYNTHETIC_PATTERN
2026-02-06,D03_LONG_SON,40GP,BALANCED,228,78,4,4,62,11,73,0,0,73,0,233,1.0261194029850744,BASE,4348119,0.12,REALITY_CALIBRATED_V2,PUBLIC_SCALE_PLUS_SYNTHETIC_PATTERN
2026-02-06,D03_LONG_SON,40HC,BALANCED,111,134,5,5,71,25,96,0,0,96,0,149,1.0514423076923078,BASE,4348119,0.12,REALITY_CALIBRATED_V2,PUBLIC_SCALE_PLUS_SYNTHETIC_PATTERN
2026-02-07,D01_PHU_MY,20GP,DEFICIT,0,92,5,5,92,26,118,0,0,92,26,0,0.7976352887676216,BASE,4348119,0.12,REALITY_CALIBRATED_V2,PUBLIC_SCALE_PLUS_SYNTHETIC_PATTERN
2026-02-07,D01_PHU_MY,40GP,SURPLUS,1055,112,5,5,64,22,86,0,0,86,0,1081,1.2831524303916944,BASE,4348119,0.12,REALITY_CALIBRATED_V2,PUBLIC_SCALE_PLUS_SYNTHETIC_PATTERN
2026-02-07,D01_PHU_MY,40HC,DEFICIT,2,79,3,3,63,33,96,0,0,81,15,0,0.8389720234222511,BASE,4348119,0.12,REALITY_CALIBRATED_V2,PUBLIC_SCALE_PLUS_SYNTHETIC_PATTERN
2026-02-07,D02_CAI_MEP,20GP,BALANCED,221,116,6,5,93,29,122,0,0,122,0,214,1.01956745623069,BASE,4348119,0.12,REALITY_CALIBRATED_V2,PUBLIC_SCALE_PLUS_SYNTHETIC_PATTERN
2026-02-07,D02_CAI_MEP,40GP,DEFICIT,0,40,2,2,58,8,66,0,0,40,26,0,0.7956777996070726,BASE,4348119,0.12,REALITY_CALIBRATED_V2,PUBLIC_SCALE_PLUS_SYNTHETIC_PATTERN
2026-02-07,D02_CAI_MEP,40HC,SURPLUS,1326,192,8,8,79,17,96,0,0,96,0,1422,1.2718279569892472,BASE,4348119,0.12,REALITY_CALIBRATED_V2,PUBLIC_SCALE_PLUS_SYNTHETIC_PATTERN
2026-02-07,D03_LONG_SON,20GP,SURPLUS,1272,148,7,6,82,25,107,0,0,107,0,1312,1.2269353128313891,BASE,4348119,0.12,REALITY_CALIBRATED_V2,PUBLIC_SCALE_PLUS_SYNTHETIC_PATTERN
2026-02-07,D03_LONG_SON,40GP,BALANCED,233,97,4,4,43,8,51,0,0,51,0,279,1.0261194029850744,BASE,4348119,0.12,REALITY_CALIBRATED_V2,PUBLIC_SCALE_PLUS_SYNTHETIC_PATTERN
2026-02-07,D03_LONG_SON,40HC,BALANCED,149,88,4,5,80,29,109,0,0,109,0,129,1.0514423076923078,BASE,4348119,0.12,REALITY_CALIBRATED_V2,PUBLIC_SCALE_PLUS_SYNTHETIC_PATTERN
2026-02-08,D01_PHU_MY,20GP,DEFICIT,0,123,6,5,113,20,133,0,0,122,11,0,0.7976352887676216,BASE,4348119,0.12,REALITY_CALIBRATED_V2,PUBLIC_SCALE_PLUS_SYNTHETIC_PATTERN
2026-02-08,D01_PHU_MY,40GP,SURPLUS,1081,89,4,5,57,10,67,0,0,67,0,1104,1.2831524303916944,BASE,4348119,0.12,REALITY_CALIBRATED_V2,PUBLIC_SCALE_PLUS_SYNTHETIC_PATTERN
2026-02-08,D01_PHU_MY,40HC,DEFICIT,0,63,3,3,79,17,96,0,0,63,33,0,0.8389720234222511,BASE,4348119,0.12,REALITY_CALIBRATED_V2,PUBLIC_SCALE_PLUS_SYNTHETIC_PATTERN
2026-02-08,D02_CAI_MEP,20GP,BALANCED,214,81,4,6,41,23,64,0,0,64,0,233,1.01956745623069,BASE,4348119,0.12,REALITY_CALIBRATED_V2,PUBLIC_SCALE_PLUS_SYNTHETIC_PATTERN
2026-02-08,D02_CAI_MEP,40GP,DEFICIT,0,50,2,2,61,13,74,0,0,50,24,0,0.7956777996070726,BASE,4348119,0.12,REALITY_CALIBRATED_V2,PUBLIC_SCALE_PLUS_SYNTHETIC_PATTERN
2026-02-08,D02_CAI_MEP,40HC,SURPLUS,1422,135,5,8,79,26,105,0,0,105,0,1455,1.2718279569892472,BASE,4348119,0.12,REALITY_CALIBRATED_V2,PUBLIC_SCALE_PLUS_SYNTHETIC_PATTERN
2026-02-08,D03_LONG_SON,20GP,SURPLUS,1312,92,5,7,67,15,82,0,0,82,0,1324,1.2269353128313891,BASE,4348119,0.12,REALITY_CALIBRATED_V2,PUBLIC_SCALE_PLUS_SYNTHETIC_PATTERN
2026-02-08,D03_LONG_SON,40GP,BALANCED,279,49,2,4,38,8,46,0,0,46,0,284,1.0261194029850744,BASE,4348119,0.12,REALITY_CALIBRATED_V2,PUBLIC_SCALE_PLUS_SYNTHETIC_PATTERN
2026-02-08,D03_LONG_SON,40HC,BALANCED,129,67,3,4,71,17,88,0,0,88,0,109,1.0514423076923078,BASE,4348119,0.12,REALITY_CALIBRATED_V2,PUBLIC_SCALE_PLUS_SYNTHETIC_PATTERN
2026-02-09,D01_PHU_MY,20GP,DEFICIT,0,102,5,6,138,62,200,0,0,103,97,0,0.7976352887676216,BASE,4348119,0.12,REALITY_CALIBRATED_V2,PUBLIC_SCALE_PLUS_SYNTHETIC_PATTERN
2026-02-09,D01_PHU_MY,40GP,SURPLUS,1104,86,4,4,70,16,86,0,0,86,0,1104,1.2831524303916944,BASE,4348119,0.12,REALITY_CALIBRATED_V2,PUBLIC_SCALE_PLUS_SYNTHETIC_PATTERN
2026-02-09,D01_PHU_MY,40HC,DEFICIT,0,92,4,3,99,39,138,0,0,91,47,0,0.8389720234222511,BASE,4348119,0.12,REALITY_CALIBRATED_V2,PUBLIC_SCALE_PLUS_SYNTHETIC_PATTERN
2026-02-09,D02_CAI_MEP,20GP,BALANCED,233,162,8,4,93,46,139,0,0,139,0,252,1.01956745623069,BASE,4348119,0.12,REALITY_CALIBRATED_V2,PUBLIC_SCALE_PLUS_SYNTHETIC_PATTERN
2026-02-09,D02_CAI_MEP,40GP,DEFICIT,0,61,3,2,72,24,96,0,0,60,36,0,0.7956777996070726,BASE,4348119,0.12,REALITY_CALIBRATED_V2,PUBLIC_SCALE_PLUS_SYNTHETIC_PATTERN
2026-02-09,D02_CAI_MEP,40HC,SURPLUS,1455,153,6,5,117,22,139,0,0,139,0,1468,1.2718279569892472,BASE,4348119,0.12,REALITY_CALIBRATED_V2,PUBLIC_SCALE_PLUS_SYNTHETIC_PATTERN
2026-02-09,D03_LONG_SON,20GP,SURPLUS,1324,138,7,5,76,31,107,0,0,107,0,1353,1.2269353128313891,BASE,4348119,0.12,REALITY_CALIBRATED_V2,PUBLIC_SCALE_PLUS_SYNTHETIC_PATTERN
2026-02-09,D03_LONG_SON,40GP,BALANCED,284,84,4,2,57,13,70,0,0,70,0,296,1.0261194029850744,BASE,4348119,0.12,REALITY_CALIBRATED_V2,PUBLIC_SCALE_PLUS_SYNTHETIC_PATTERN
2026-02-09,D03_LONG_SON,40HC,BALANCED,109,121,5,3,58,17,75,0,0,75,0,153,1.0514423076923078,BASE,4348119,0.12,REALITY_CALIBRATED_V2,PUBLIC_SCALE_PLUS_SYNTHETIC_PATTERN
2026-02-10,D01_PHU_MY,20GP,DEFICIT,0,108,5,5,118,41,159,0,0,108,51,0,0.7976352887676216,BASE,4348119,0.12,REALITY_CALIBRATED_V2,PUBLIC_SCALE_PLUS_SYNTHETIC_PATTERN
2026-02-10,D01_PHU_MY,40GP,SURPLUS,1104,92,4,4,64,13,77,0,0,77,0,1119,1.2831524303916944,BASE,4348119,0.12,REALITY_CALIBRATED_V2,PUBLIC_SCALE_PLUS_SYNTHETIC_PATTERN
2026-02-10,D01_PHU_MY,40HC,DEFICIT,0,119,5,4,109,49,158,0,0,118,40,0,0.8389720234222511,BASE,4348119,0.12,REALITY_CALIBRATED_V2,PUBLIC_SCALE_PLUS_SYNTHETIC_PATTERN
2026-02-10,D02_CAI_MEP,20GP,BALANCED,252,139,7,8,98,41,139,0,0,139,0,253,1.01956745623069,BASE,4348119,0.12,REALITY_CALIBRATED_V2,PUBLIC_SCALE_PLUS_SYNTHETIC_PATTERN
2026-02-10,D02_CAI_MEP,40GP,DEFICIT,0,66,3,3,50,11,61,0,0,61,0,5,0.7956777996070726,BASE,4348119,0.12,REALITY_CALIBRATED_V2,PUBLIC_SCALE_PLUS_SYNTHETIC_PATTERN
2026-02-10,D02_CAI_MEP,40HC,SURPLUS,1468,135,5,6,101,52,153,0,0,153,0,1451,1.2718279569892472,BASE,4348119,0.12,REALITY_CALIBRATED_V2,PUBLIC_SCALE_PLUS_SYNTHETIC_PATTERN
2026-02-10,D03_LONG_SON,20GP,SURPLUS,1353,118,6,7,61,31,92,0,0,92,0,1380,1.2269353128313891,BASE,4348119,0.12,REALITY_CALIBRATED_V2,PUBLIC_SCALE_PLUS_SYNTHETIC_PATTERN
2026-02-10,D03_LONG_SON,40GP,BALANCED,296,62,3,4,57,11,68,0,0,68,0,291,1.0261194029850744,BASE,4348119,0.12,REALITY_CALIBRATED_V2,PUBLIC_SCALE_PLUS_SYNTHETIC_PATTERN
2026-02-10,D03_LONG_SON,40HC,BALANCED,153,117,5,5,79,13,92,0,0,92,0,178,1.0514423076923078,BASE,4348119,0.12,REALITY_CALIBRATED_V2,PUBLIC_SCALE_PLUS_SYNTHETIC_PATTERN
2026-02-11,D01_PHU_MY,20GP,DEFICIT,0,102,5,5,118,41,159,0,0,102,57,0,0.7976352887676216,BASE,4348119,0.12,REALITY_CALIBRATED_V2,PUBLIC_SCALE_PLUS_SYNTHETIC_PATTERN
2026-02-11,D01_PHU_MY,40GP,SURPLUS,1119,105,5,4,67,10,77,0,0,77,0,1146,1.2831524303916944,BASE,4348119,0.12,REALITY_CALIBRATED_V2,PUBLIC_SCALE_PLUS_SYNTHETIC_PATTERN
2026-02-11,D01_PHU_MY,40HC,DEFICIT,0,115,5,5,96,49,145,0,0,115,30,0,0.8389720234222511,BASE,4348119,0.12,REALITY_CALIBRATED_V2,PUBLIC_SCALE_PLUS_SYNTHETIC_PATTERN
2026-02-11,D02_CAI_MEP,20GP,BALANCED,253,145,7,7,122,46,168,0,0,168,0,230,1.01956745623069,BASE,4348119,0.12,REALITY_CALIBRATED_V2,PUBLIC_SCALE_PLUS_SYNTHETIC_PATTERN
2026-02-11,D02_CAI_MEP,40GP,DEFICIT,5,77,3,3,77,21,98,0,0,82,16,0,0.7956777996070726,BASE,4348119,0.12,REALITY_CALIBRATED_V2,PUBLIC_SCALE_PLUS_SYNTHETIC_PATTERN
2026-02-11,D02_CAI_MEP,40HC,SURPLUS,1451,139,6,5,87,13,100,0,0,100,0,1489,1.2718279569892472,BASE,4348119,0.12,REALITY_CALIBRATED_V2,PUBLIC_SCALE_PLUS_SYNTHETIC_PATTERN
2026-02-11,D03_LONG_SON,20GP,SURPLUS,1380,138,7,6,102,31,133,0,0,133,0,1384,1.2269353128313891,BASE,4348119,0.12,REALITY_CALIBRATED_V2,PUBLIC_SCALE_PLUS_SYNTHETIC_PATTERN
2026-02-11,D03_LONG_SON,40GP,BALANCED,291,78,4,3,51,11,62,0,0,62,0,306,1.0261194029850744,BASE,4348119,0.12,REALITY_CALIBRATED_V2,PUBLIC_SCALE_PLUS_SYNTHETIC_PATTERN
2026-02-11,D03_LONG_SON,40HC,BALANCED,178,104,4,5,75,13,88,0,0,88,0,195,1.0514423076923078,BASE,4348119,0.12,REALITY_CALIBRATED_V2,PUBLIC_SCALE_PLUS_SYNTHETIC_PATTERN
2026-02-12,D01_PHU_MY,20GP,DEFICIT,0,118,6,5,97,41,138,0,0,117,21,0,0.7976352887676216,BASE,4348119,0.12,REALITY_CALIBRATED_V2,PUBLIC_SCALE_PLUS_SYNTHETIC_PATTERN
2026-02-12,D01_PHU_MY,40GP,SURPLUS,1146,134,6,5,54,10,64,0,0,64,0,1215,1.2831524303916944,BASE,4348119,0.12,REALITY_CALIBRATED_V2,PUBLIC_SCALE_PLUS_SYNTHETIC_PATTERN
2026-02-12,D01_PHU_MY,40HC,DEFICIT,0,152,6,5,102,46,148,0,0,148,0,3,0.8389720234222511,BASE,4348119,0.12,REALITY_CALIBRATED_V2,PUBLIC_SCALE_PLUS_SYNTHETIC_PATTERN
2026-02-12,D02_CAI_MEP,20GP,BALANCED,230,157,8,7,122,58,180,0,0,180,0,206,1.01956745623069,BASE,4348119,0.12,REALITY_CALIBRATED_V2,PUBLIC_SCALE_PLUS_SYNTHETIC_PATTERN
2026-02-12,D02_CAI_MEP,40GP,DEFICIT,0,58,3,3,40,13,53,0,0,53,0,5,0.7956777996070726,BASE,4348119,0.12,REALITY_CALIBRATED_V2,PUBLIC_SCALE_PLUS_SYNTHETIC_PATTERN
2026-02-12,D02_CAI_MEP,40HC,SURPLUS,1489,144,6,6,96,30,126,0,0,126,0,1507,1.2718279569892472,BASE,4348119,0.12,REALITY_CALIBRATED_V2,PUBLIC_SCALE_PLUS_SYNTHETIC_PATTERN
2026-02-12,D03_LONG_SON,20GP,SURPLUS,1384,159,8,7,108,10,118,0,0,118,0,1424,1.2269353128313891,BASE,4348119,0.12,REALITY_CALIBRATED_V2,PUBLIC_SCALE_PLUS_SYNTHETIC_PATTERN
2026-02-12,D03_LONG_SON,40GP,BALANCED,306,78,4,4,70,19,89,0,0,89,0,295,1.0261194029850744,BASE,4348119,0.12,REALITY_CALIBRATED_V2,PUBLIC_SCALE_PLUS_SYNTHETIC_PATTERN
2026-02-12,D03_LONG_SON,40HC,BALANCED,195,84,3,4,83,17,100,0,0,100,0,180,1.0514423076923078,BASE,4348119,0.12,REALITY_CALIBRATED_V2,PUBLIC_SCALE_PLUS_SYNTHETIC_PATTERN
2026-02-13,D01_PHU_MY,20GP,DEFICIT,0,87,4,6,122,26,148,0,0,89,59,0,0.7976352887676216,BASE,4348119,0.12,REALITY_CALIBRATED_V2,PUBLIC_SCALE_PLUS_SYNTHETIC_PATTERN
2026-02-13,D01_PHU_MY,40GP,SURPLUS,1215,128,6,6,67,22,89,0,0,89,0,1254,1.2831524303916944,BASE,4348119,0.12,REALITY_CALIBRATED_V2,PUBLIC_SCALE_PLUS_SYNTHETIC_PATTERN
2026-02-13,D01_PHU_MY,40HC,DEFICIT,3,119,5,6,132,23,155,0,0,123,32,0,0.8389720234222511,BASE,4348119,0.12,REALITY_CALIBRATED_V2,PUBLIC_SCALE_PLUS_SYNTHETIC_PATTERN
2026-02-13,D02_CAI_MEP,20GP,BALANCED,206,157,8,8,116,17,133,0,0,133,0,230,1.01956745623069,BASE,4348119,0.12,REALITY_CALIBRATED_V2,PUBLIC_SCALE_PLUS_SYNTHETIC_PATTERN
2026-02-13,D02_CAI_MEP,40GP,DEFICIT,5,61,3,3,72,16,88,0,0,66,22,0,0.7956777996070726,BASE,4348119,0.12,REALITY_CALIBRATED_V2,PUBLIC_SCALE_PLUS_SYNTHETIC_PATTERN
2026-02-13,D02_CAI_MEP,40HC,SURPLUS,1507,92,4,6,131,17,148,0,0,148,0,1453,1.2718279569892472,BASE,4348119,0.12,REALITY_CALIBRATED_V2,PUBLIC_SCALE_PLUS_SYNTHETIC_PATTERN
2026-02-13,D03_LONG_SON,20GP,SURPLUS,1424,164,8,8,92,21,113,0,0,113,0,1475,1.2269353128313891,BASE,4348119,0.12,REALITY_CALIBRATED_V2,PUBLIC_SCALE_PLUS_SYNTHETIC_PATTERN
2026-02-13,D03_LONG_SON,40GP,BALANCED,295,73,3,4,54,22,76,0,0,76,0,293,1.0261194029850744,BASE,4348119,0.12,REALITY_CALIBRATED_V2,PUBLIC_SCALE_PLUS_SYNTHETIC_PATTERN
2026-02-13,D03_LONG_SON,40HC,BALANCED,180,92,4,3,75,13,88,0,0,88,0,183,1.0514423076923078,BASE,4348119,0.12,REALITY_CALIBRATED_V2,PUBLIC_SCALE_PLUS_SYNTHETIC_PATTERN
2026-02-14,D01_PHU_MY,20GP,DEFICIT,0,123,6,4,92,21,113,0,0,113,0,8,0.7976352887676216,BASE,4348119,0.12,REALITY_CALIBRATED_V2,PUBLIC_SCALE_PLUS_SYNTHETIC_PATTERN
2026-02-14,D01_PHU_MY,40GP,SURPLUS,1254,89,4,6,73,10,83,0,0,83,0,1262,1.2831524303916944,BASE,4348119,0.12,REALITY_CALIBRATED_V2,PUBLIC_SCALE_PLUS_SYNTHETIC_PATTERN
2026-02-14,D01_PHU_MY,40HC,DEFICIT,0,56,2,5,89,23,112,0,0,59,53,0,0.8389720234222511,BASE,4348119,0.12,REALITY_CALIBRATED_V2,PUBLIC_SCALE_PLUS_SYNTHETIC_PATTERN
2026-02-14,D02_CAI_MEP,20GP,BALANCED,230,139,7,8,99,23,122,0,0,122,0,248,1.01956745623069,BASE,4348119,0.12,REALITY_CALIBRATED_V2,PUBLIC_SCALE_PLUS_SYNTHETIC_PATTERN
2026-02-14,D02_CAI_MEP,40GP,DEFICIT,0,69,3,3,53,13,66,0,0,66,0,3,0.7956777996070726,BASE,4348119,0.12,REALITY_CALIBRATED_V2,PUBLIC_SCALE_PLUS_SYNTHETIC_PATTERN
2026-02-14,D02_CAI_MEP,40HC,SURPLUS,1453,170,7,4,65,22,87,0,0,87,0,1533,1.2718279569892472,BASE,4348119,0.12,REALITY_CALIBRATED_V2,PUBLIC_SCALE_PLUS_SYNTHETIC_PATTERN
2026-02-14,D03_LONG_SON,20GP,SURPLUS,1475,128,6,8,72,20,92,0,0,92,0,1513,1.2269353128313891,BASE,4348119,0.12,REALITY_CALIBRATED_V2,PUBLIC_SCALE_PLUS_SYNTHETIC_PATTERN
2026-02-14,D03_LONG_SON,40GP,BALANCED,293,100,4,3,51,19,70,0,0,70,0,322,1.0261194029850744,BASE,4348119,0.12,REALITY_CALIBRATED_V2,PUBLIC_SCALE_PLUS_SYNTHETIC_PATTERN
2026-02-14,D03_LONG_SON,40HC,BALANCED,183,92,4,4,71,25,96,0,0,96,0,179,1.0514423076923078,BASE,4348119,0.12,REALITY_CALIBRATED_V2,PUBLIC_SCALE_PLUS_SYNTHETIC_PATTERN
2026-02-15,D01_PHU_MY,20GP,DEFICIT,8,61,3,6,92,21,113,0,0,72,41,0,0.7976352887676216,BASE,4348119,0.12,REALITY_CALIBRATED_V2,PUBLIC_SCALE_PLUS_SYNTHETIC_PATTERN
2026-02-15,D01_PHU_MY,40GP,SURPLUS,1262,57,3,4,48,9,57,0,0,57,0,1263,1.2831524303916944,BASE,4348119,0.12,REALITY_CALIBRATED_V2,PUBLIC_SCALE_PLUS_SYNTHETIC_PATTERN
2026-02-15,D01_PHU_MY,40HC,DEFICIT,0,69,3,2,66,10,76,0,0,68,8,0,0.8389720234222511,BASE,4348119,0.12,REALITY_CALIBRATED_V2,PUBLIC_SCALE_PLUS_SYNTHETIC_PATTERN
2026-02-15,D02_CAI_MEP,20GP,BALANCED,248,81,4,7,110,12,122,0,0,122,0,210,1.01956745623069,BASE,4348119,0.12,REALITY_CALIBRATED_V2,PUBLIC_SCALE_PLUS_SYNTHETIC_PATTERN
2026-02-15,D02_CAI_MEP,40GP,DEFICIT,3,32,1,3,55,11,66,0,0,37,29,0,0.7956777996070726,BASE,4348119,0.12,REALITY_CALIBRATED_V2,PUBLIC_SCALE_PLUS_SYNTHETIC_PATTERN
2026-02-15,D02_CAI_MEP,40HC,SURPLUS,1533,113,5,7,61,26,87,0,0,87,0,1561,1.2718279569892472,BASE,4348119,0.12,REALITY_CALIBRATED_V2,PUBLIC_SCALE_PLUS_SYNTHETIC_PATTERN
2026-02-15,D03_LONG_SON,20GP,SURPLUS,1513,51,3,6,71,26,97,0,0,97,0,1470,1.2269353128313891,BASE,4348119,0.12,REALITY_CALIBRATED_V2,PUBLIC_SCALE_PLUS_SYNTHETIC_PATTERN
2026-02-15,D03_LONG_SON,40GP,BALANCED,322,65,3,4,35,11,46,0,0,46,0,342,1.0261194029850744,BASE,4348119,0.12,REALITY_CALIBRATED_V2,PUBLIC_SCALE_PLUS_SYNTHETIC_PATTERN
2026-02-15,D03_LONG_SON,40HC,BALANCED,179,92,4,4,50,25,75,0,0,75,0,196,1.0514423076923078,BASE,4348119,0.12,REALITY_CALIBRATED_V2,PUBLIC_SCALE_PLUS_SYNTHETIC_PATTERN
2026-02-16,D01_PHU_MY,20GP,DEFICIT,0,61,3,3,97,41,138,0,0,61,77,0,0.7976352887676216,BASE,4348119,0.12,REALITY_CALIBRATED_V2,PUBLIC_SCALE_PLUS_SYNTHETIC_PATTERN
2026-02-16,D01_PHU_MY,40GP,SURPLUS,1263,115,5,3,61,16,77,0,0,77,0,1299,1.2831524303916944,BASE,4348119,0.12,REALITY_CALIBRATED_V2,PUBLIC_SCALE_PLUS_SYNTHETIC_PATTERN
2026-02-16,D01_PHU_MY,40HC,DEFICIT,0,99,4,3,86,39,125,0,0,98,27,0,0.8389720234222511,BASE,4348119,0.12,REALITY_CALIBRATED_V2,PUBLIC_SCALE_PLUS_SYNTHETIC_PATTERN
2026-02-16,D02_CAI_MEP,20GP,BALANCED,210,162,8,4,128,52,180,0,0,180,0,188,1.01956745623069,BASE,4348119,0.12,REALITY_CALIBRATED_V2,PUBLIC_SCALE_PLUS_SYNTHETIC_PATTERN
2026-02-16,D02_CAI_MEP,40GP,DEFICIT,0,74,3,1,32,10,42,0,0,42,0,30,0.7956777996070726,BASE,4348119,0.12,REALITY_CALIBRATED_V2,PUBLIC_SCALE_PLUS_SYNTHETIC_PATTERN
2026-02-16,D02_CAI_MEP,40HC,SURPLUS,1561,126,5,5,78,35,113,0,0,113,0,1574,1.2718279569892472,BASE,4348119,0.12,REALITY_CALIBRATED_V2,PUBLIC_SCALE_PLUS_SYNTHETIC_PATTERN
2026-02-16,D03_LONG_SON,20GP,SURPLUS,1470,148,7,3,72,10,82,0,0,82,0,1532,1.2269353128313891,BASE,4348119,0.12,REALITY_CALIBRATED_V2,PUBLIC_SCALE_PLUS_SYNTHETIC_PATTERN
2026-02-16,D03_LONG_SON,40GP,BALANCED,342,46,2,3,38,21,59,0,0,59,0,330,1.0261194029850744,BASE,4348119,0.12,REALITY_CALIBRATED_V2,PUBLIC_SCALE_PLUS_SYNTHETIC_PATTERN
2026-02-16,D03_LONG_SON,40HC,BALANCED,196,92,4,4,54,17,71,0,0,71,0,217,1.0514423076923078,BASE,4348119,0.12,REALITY_CALIBRATED_V2,PUBLIC_SCALE_PLUS_SYNTHETIC_PATTERN
2026-02-17,D01_PHU_MY,20GP,DEFICIT,0,92,5,3,93,15,108,0,0,90,18,0,0.7976352887676216,BASE,4348119,0.12,REALITY_CALIBRATED_V2,PUBLIC_SCALE_PLUS_SYNTHETIC_PATTERN
2026-02-17,D01_PHU_MY,40GP,SURPLUS,1299,96,4,5,76,32,108,0,0,108,0,1288,1.2831524303916944,BASE,4348119,0.12,REALITY_CALIBRATED_V2,PUBLIC_SCALE_PLUS_SYNTHETIC_PATTERN
2026-02-17,D01_PHU_MY,40HC,DEFICIT,0,86,3,4,108,30,138,0,0,87,51,0,0.8389720234222511,BASE,4348119,0.12,REALITY_CALIBRATED_V2,PUBLIC_SCALE_PLUS_SYNTHETIC_PATTERN
2026-02-17,D02_CAI_MEP,20GP,BALANCED,188,128,6,8,128,23,151,0,0,151,0,167,1.01956745623069,BASE,4348119,0.12,REALITY_CALIBRATED_V2,PUBLIC_SCALE_PLUS_SYNTHETIC_PATTERN
2026-02-17,D02_CAI_MEP,40GP,DEFICIT,30,45,2,3,66,35,101,0,0,76,25,0,0.7956777996070726,BASE,4348119,0.12,REALITY_CALIBRATED_V2,PUBLIC_SCALE_PLUS_SYNTHETIC_PATTERN
2026-02-17,D02_CAI_MEP,40HC,SURPLUS,1574,153,6,5,91,22,113,0,0,113,0,1613,1.2718279569892472,BASE,4348119,0.12,REALITY_CALIBRATED_V2,PUBLIC_SCALE_PLUS_SYNTHETIC_PATTERN
2026-02-17,D03_LONG_SON,20GP,SURPLUS,1532,87,4,7,71,26,97,0,0,97,0,1525,1.2269353128313891,BASE,4348119,0.12,REALITY_CALIBRATED_V2,PUBLIC_SCALE_PLUS_SYNTHETIC_PATTERN
2026-02-17,D03_LONG_SON,40GP,BALANCED,330,68,3,2,60,8,68,0,0,68,0,329,1.0261194029850744,BASE,4348119,0.12,REALITY_CALIBRATED_V2,PUBLIC_SCALE_PLUS_SYNTHETIC_PATTERN
2026-02-17,D03_LONG_SON,40HC,BALANCED,217,117,5,4,46,21,67,0,0,67,0,266,1.0514423076923078,BASE,4348119,0.12,REALITY_CALIBRATED_V2,PUBLIC_SCALE_PLUS_SYNTHETIC_PATTERN
2026-02-18,D01_PHU_MY,20GP,DEFICIT,0,77,4,5,72,36,108,0,0,78,30,0,0.7976352887676216,BASE,4348119,0.12,REALITY_CALIBRATED_V2,PUBLIC_SCALE_PLUS_SYNTHETIC_PATTERN
2026-02-18,D01_PHU_MY,40GP,SURPLUS,1288,108,5,4,54,10,64,0,0,64,0,1331,1.2831524303916944,BASE,4348119,0.12,REALITY_CALIBRATED_V2,PUBLIC_SCALE_PLUS_SYNTHETIC_PATTERN
2026-02-18,D01_PHU_MY,40HC,DEFICIT,0,82,3,3,46,27,73,0,0,73,0,9,0.8389720234222511,BASE,4348119,0.12,REALITY_CALIBRATED_V2,PUBLIC_SCALE_PLUS_SYNTHETIC_PATTERN
2026-02-18,D02_CAI_MEP,20GP,BALANCED,167,122,6,6,116,52,168,0,0,168,0,121,1.01956745623069,BASE,4348119,0.12,REALITY_CALIBRATED_V2,PUBLIC_SCALE_PLUS_SYNTHETIC_PATTERN
2026-02-18,D02_CAI_MEP,40GP,DEFICIT,0,40,2,2,66,24,90,0,0,40,50,0,0.7956777996070726,BASE,4348119,0.12,REALITY_CALIBRATED_V2,PUBLIC_SCALE_PLUS_SYNTHETIC_PATTERN
2026-02-18,D02_CAI_MEP,40HC,SURPLUS,1613,139,6,6,70,35,105,0,0,105,0,1647,1.2718279569892472,BASE,4348119,0.12,REALITY_CALIBRATED_V2,PUBLIC_SCALE_PLUS_SYNTHETIC_PATTERN
2026-02-18,D03_LONG_SON,20GP,SURPLUS,1525,148,7,4,87,15,102,0,0,102,0,1568,1.2269353128313891,BASE,4348119,0.12,REALITY_CALIBRATED_V2,PUBLIC_SCALE_PLUS_SYNTHETIC_PATTERN
2026-02-18,D03_LONG_SON,40GP,BALANCED,329,46,2,3,52,16,68,0,0,68,0,308,1.0261194029850744,BASE,4348119,0.12,REALITY_CALIBRATED_V2,PUBLIC_SCALE_PLUS_SYNTHETIC_PATTERN
2026-02-18,D03_LONG_SON,40HC,BALANCED,266,104,4,5,58,17,75,0,0,75,0,296,1.0514423076923078,BASE,4348119,0.12,REALITY_CALIBRATED_V2,PUBLIC_SCALE_PLUS_SYNTHETIC_PATTERN
2026-02-19,D01_PHU_MY,20GP,DEFICIT,0,143,7,4,72,20,92,0,0,92,0,48,0.7976352887676216,BASE,4348119,0.12,REALITY_CALIBRATED_V2,PUBLIC_SCALE_PLUS_SYNTHETIC_PATTERN
2026-02-19,D01_PHU_MY,40GP,SURPLUS,1331,83,4,5,51,16,67,0,0,67,0,1348,1.2831524303916944,BASE,4348119,0.12,REALITY_CALIBRATED_V2,PUBLIC_SCALE_PLUS_SYNTHETIC_PATTERN
2026-02-19,D01_PHU_MY,40HC,DEFICIT,9,105,4,3,82,33,115,0,0,113,2,0,0.8389720234222511,BASE,4348119,0.12,REALITY_CALIBRATED_V2,PUBLIC_SCALE_PLUS_SYNTHETIC_PATTERN
2026-02-19,D02_CAI_MEP,20GP,BALANCED,121,110,6,6,87,35,122,0,0,122,0,109,1.01956745623069,BASE,4348119,0.12,REALITY_CALIBRATED_V2,PUBLIC_SCALE_PLUS_SYNTHETIC_PATTERN
2026-02-19,D02_CAI_MEP,40GP,DEFICIT,0,66,3,2,48,18,66,0,0,65,1,0,0.7956777996070726,BASE,4348119,0.12,REALITY_CALIBRATED_V2,PUBLIC_SCALE_PLUS_SYNTHETIC_PATTERN
2026-02-19,D02_CAI_MEP,40HC,SURPLUS,1647,122,5,6,83,17,100,0,0,100,0,1670,1.2718279569892472,BASE,4348119,0.12,REALITY_CALIBRATED_V2,PUBLIC_SCALE_PLUS_SYNTHETIC_PATTERN
2026-02-19,D03_LONG_SON,20GP,SURPLUS,1568,148,7,7,113,20,133,0,0,133,0,1583,1.2269353128313891,BASE,4348119,0.12,REALITY_CALIBRATED_V2,PUBLIC_SCALE_PLUS_SYNTHETIC_PATTERN
2026-02-19,D03_LONG_SON,40GP,BALANCED,308,81,4,2,48,22,70,0,0,70,0,317,1.0261194029850744,BASE,4348119,0.12,REALITY_CALIBRATED_V2,PUBLIC_SCALE_PLUS_SYNTHETIC_PATTERN
2026-02-19,D03_LONG_SON,40HC,BALANCED,296,92,4,4,50,8,58,0,0,58,0,330,1.0514423076923078,BASE,4348119,0.12,REALITY_CALIBRATED_V2,PUBLIC_SCALE_PLUS_SYNTHETIC_PATTERN
2026-02-20,D01_PHU_MY,20GP,DEFICIT,48,72,4,7,122,26,148,0,0,123,25,0,0.7976352887676216,BASE,4348119,0.12,REALITY_CALIBRATED_V2,PUBLIC_SCALE_PLUS_SYNTHETIC_PATTERN
2026-02-20,D01_PHU_MY,40GP,SURPLUS,1348,92,4,4,48,13,61,0,0,61,0,1379,1.2831524303916944,BASE,4348119,0.12,REALITY_CALIBRATED_V2,PUBLIC_SCALE_PLUS_SYNTHETIC_PATTERN
2026-02-20,D01_PHU_MY,40HC,DEFICIT,0,119,5,4,112,30,142,0,0,118,24,0,0.8389720234222511,BASE,4348119,0.12,REALITY_CALIBRATED_V2,PUBLIC_SCALE_PLUS_SYNTHETIC_PATTERN
2026-02-20,D02_CAI_MEP,20GP,BALANCED,109,128,6,6,127,35,162,0,0,162,0,75,1.01956745623069,BASE,4348119,0.12,REALITY_CALIBRATED_V2,PUBLIC_SCALE_PLUS_SYNTHETIC_PATTERN
2026-02-20,D02_CAI_MEP,40GP,DEFICIT,0,80,4,3,67,21,88,0,0,79,9,0,0.7956777996070726,BASE,4348119,0.12,REALITY_CALIBRATED_V2,PUBLIC_SCALE_PLUS_SYNTHETIC_PATTERN
2026-02-20,D02_CAI_MEP,40HC,SURPLUS,1670,139,6,5,65,22,87,0,0,87,0,1721,1.2718279569892472,BASE,4348119,0.12,REALITY_CALIBRATED_V2,PUBLIC_SCALE_PLUS_SYNTHETIC_PATTERN
2026-02-20,D03_LONG_SON,20GP,SURPLUS,1583,92,5,7,87,20,107,0,0,107,0,1570,1.2269353128313891,BASE,4348119,0.12,REALITY_CALIBRATED_V2,PUBLIC_SCALE_PLUS_SYNTHETIC_PATTERN
2026-02-20,D03_LONG_SON,40GP,BALANCED,317,81,4,4,35,14,49,0,0,49,0,349,1.0261194029850744,BASE,4348119,0.12,REALITY_CALIBRATED_V2,PUBLIC_SCALE_PLUS_SYNTHETIC_PATTERN
2026-02-20,D03_LONG_SON,40HC,BALANCED,330,104,4,4,41,17,58,0,0,58,0,376,1.0514423076923078,BASE,4348119,0.12,REALITY_CALIBRATED_V2,PUBLIC_SCALE_PLUS_SYNTHETIC_PATTERN
2026-02-21,D01_PHU_MY,20GP,DEFICIT,0,87,4,4,36,10,46,0,0,46,0,41,0.7976352887676216,BASE,4348119,0.12,REALITY_CALIBRATED_V2,PUBLIC_SCALE_PLUS_SYNTHETIC_PATTERN
2026-02-21,D01_PHU_MY,40GP,SURPLUS,1379,61,3,4,48,16,64,0,0,64,0,1377,1.2831524303916944,BASE,4348119,0.12,REALITY_CALIBRATED_V2,PUBLIC_SCALE_PLUS_SYNTHETIC_PATTERN
2026-02-21,D01_PHU_MY,40HC,DEFICIT,0,89,4,5,96,36,132,0,0,90,42,0,0.8389720234222511,BASE,4348119,0.12,REALITY_CALIBRATED_V2,PUBLIC_SCALE_PLUS_SYNTHETIC_PATTERN
2026-02-21,D02_CAI_MEP,20GP,BALANCED,75,104,5,6,76,17,93,0,0,93,0,87,1.01956745623069,BASE,4348119,0.12,REALITY_CALIBRATED_V2,PUBLIC_SCALE_PLUS_SYNTHETIC_PATTERN
2026-02-21,D02_CAI_MEP,40GP,DEFICIT,0,50,2,4,64,16,80,0,0,52,28,0,0.7956777996070726,BASE,4348119,0.12,REALITY_CALIBRATED_V2,PUBLIC_SCALE_PLUS_SYNTHETIC_PATTERN
2026-02-21,D02_CAI_MEP,40HC,SURPLUS,1721,96,4,6,74,22,96,0,0,96,0,1723,1.2718279569892472,BASE,4348119,0.12,REALITY_CALIBRATED_V2,PUBLIC_SCALE_PLUS_SYNTHETIC_PATTERN
2026-02-21,D03_LONG_SON,20GP,SURPLUS,1570,77,4,5,102,21,123,0,0,123,0,1525,1.2269353128313891,BASE,4348119,0.12,REALITY_CALIBRATED_V2,PUBLIC_SCALE_PLUS_SYNTHETIC_PATTERN
2026-02-21,D03_LONG_SON,40GP,BALANCED,349,49,2,4,33,8,41,0,0,41,0,359,1.0261194029850744,BASE,4348119,0.12,REALITY_CALIBRATED_V2,PUBLIC_SCALE_PLUS_SYNTHETIC_PATTERN
2026-02-21,D03_LONG_SON,40HC,BALANCED,376,117,5,4,75,25,100,0,0,100,0,392,1.0514423076923078,BASE,4348119,0.12,REALITY_CALIBRATED_V2,PUBLIC_SCALE_PLUS_SYNTHETIC_PATTERN
2026-02-22,D01_PHU_MY,20GP,DEFICIT,41,113,6,4,82,15,97,0,0,97,0,55,0.7976352887676216,BASE,4348119,0.12,REALITY_CALIBRATED_V2,PUBLIC_SCALE_PLUS_SYNTHETIC_PATTERN
2026-02-22,D01_PHU_MY,40GP,SURPLUS,1377,48,2,3,42,19,61,0,0,61,0,1365,1.2831524303916944,BASE,4348119,0.12,REALITY_CALIBRATED_V2,PUBLIC_SCALE_PLUS_SYNTHETIC_PATTERN
2026-02-22,D01_PHU_MY,40HC,DEFICIT,0,56,2,4,59,23,82,0,0,58,24,0,0.8389720234222511,BASE,4348119,0.12,REALITY_CALIBRATED_V2,PUBLIC_SCALE_PLUS_SYNTHETIC_PATTERN
2026-02-22,D02_CAI_MEP,20GP,BALANCED,87,93,5,5,70,23,93,0,0,93,0,87,1.01956745623069,BASE,4348119,0.12,REALITY_CALIBRATED_V2,PUBLIC_SCALE_PLUS_SYNTHETIC_PATTERN
2026-02-22,D02_CAI_MEP,40GP,DEFICIT,0,45,2,2,56,16,72,0,0,45,27,0,0.7956777996070726,BASE,4348119,0.12,REALITY_CALIBRATED_V2,PUBLIC_SCALE_PLUS_SYNTHETIC_PATTERN
2026-02-22,D02_CAI_MEP,40HC,SURPLUS,1723,87,3,4,43,22,65,0,0,65,0,1746,1.2718279569892472,BASE,4348119,0.12,REALITY_CALIBRATED_V2,PUBLIC_SCALE_PLUS_SYNTHETIC_PATTERN
2026-02-22,D03_LONG_SON,20GP,SURPLUS,1525,113,6,4,31,15,46,0,0,46,0,1590,1.2269353128313891,BASE,4348119,0.12,REALITY_CALIBRATED_V2,PUBLIC_SCALE_PLUS_SYNTHETIC_PATTERN
2026-02-22,D03_LONG_SON,40GP,BALANCED,359,51,2,2,22,8,30,0,0,30,0,380,1.0261194029850744,BASE,4348119,0.12,REALITY_CALIBRATED_V2,PUBLIC_SCALE_PLUS_SYNTHETIC_PATTERN
2026-02-22,D03_LONG_SON,40HC,BALANCED,392,100,4,5,54,21,75,0,0,75,0,418,1.0514423076923078,BASE,4348119,0.12,REALITY_CALIBRATED_V2,PUBLIC_SCALE_PLUS_SYNTHETIC_PATTERN
2026-02-23,D01_PHU_MY,20GP,DEFICIT,55,92,5,6,118,15,133,0,0,133,0,15,0.7976352887676216,BASE,4348119,0.12,REALITY_CALIBRATED_V2,PUBLIC_SCALE_PLUS_SYNTHETIC_PATTERN
2026-02-23,D01_PHU_MY,40GP,SURPLUS,1365,77,3,2,35,16,51,0,0,51,0,1390,1.2831524303916944,BASE,4348119,0.12,REALITY_CALIBRATED_V2,PUBLIC_SCALE_PLUS_SYNTHETIC_PATTERN
2026-02-23,D01_PHU_MY,40HC,DEFICIT,0,86,3,2,102,30,132,0,0,85,47,0,0.8389720234222511,BASE,4348119,0.12,REALITY_CALIBRATED_V2,PUBLIC_SCALE_PLUS_SYNTHETIC_PATTERN
2026-02-23,D02_CAI_MEP,20GP,BALANCED,87,104,5,5,70,29,99,0,0,99,0,92,1.01956745623069,BASE,4348119,0.12,REALITY_CALIBRATED_V2,PUBLIC_SCALE_PLUS_SYNTHETIC_PATTERN
2026-02-23,D02_CAI_MEP,40GP,DEFICIT,0,53,2,2,69,8,77,0,0,53,24,0,0.7956777996070726,BASE,4348119,0.12,REALITY_CALIBRATED_V2,PUBLIC_SCALE_PLUS_SYNTHETIC_PATTERN
2026-02-23,D02_CAI_MEP,40HC,SURPLUS,1746,166,7,3,96,13,109,0,0,109,0,1799,1.2718279569892472,BASE,4348119,0.12,REALITY_CALIBRATED_V2,PUBLIC_SCALE_PLUS_SYNTHETIC_PATTERN
2026-02-23,D03_LONG_SON,20GP,SURPLUS,1590,123,6,6,87,36,123,0,0,123,0,1590,1.2269353128313891,BASE,4348119,0.12,REALITY_CALIBRATED_V2,PUBLIC_SCALE_PLUS_SYNTHETIC_PATTERN
2026-02-23,D03_LONG_SON,40GP,BALANCED,380,89,4,2,54,19,73,0,0,73,0,394,1.0261194029850744,BASE,4348119,0.12,REALITY_CALIBRATED_V2,PUBLIC_SCALE_PLUS_SYNTHETIC_PATTERN
2026-02-23,D03_LONG_SON,40HC,BALANCED,418,75,3,4,58,21,79,0,0,79,0,415,1.0514423076923078,BASE,4348119,0.12,REALITY_CALIBRATED_V2,PUBLIC_SCALE_PLUS_SYNTHETIC_PATTERN
2026-02-24,D01_PHU_MY,20GP,DEFICIT,15,82,4,5,108,20,128,0,0,98,30,0,0.7976352887676216,BASE,4348119,0.12,REALITY_CALIBRATED_V2,PUBLIC_SCALE_PLUS_SYNTHETIC_PATTERN
2026-02-24,D01_PHU_MY,40GP,SURPLUS,1390,61,3,3,67,16,83,0,0,83,0,1368,1.2831524303916944,BASE,4348119,0.12,REALITY_CALIBRATED_V2,PUBLIC_SCALE_PLUS_SYNTHETIC_PATTERN
2026-02-24,D01_PHU_MY,40HC,DEFICIT,0,76,3,3,85,20,105,0,0,76,29,0,0.8389720234222511,BASE,4348119,0.12,REALITY_CALIBRATED_V2,PUBLIC_SCALE_PLUS_SYNTHETIC_PATTERN
2026-02-24,D02_CAI_MEP,20GP,BALANCED,92,110,6,5,93,35,128,0,0,128,0,73,1.01956745623069,BASE,4348119,0.12,REALITY_CALIBRATED_V2,PUBLIC_SCALE_PLUS_SYNTHETIC_PATTERN
2026-02-24,D02_CAI_MEP,40GP,DEFICIT,0,53,2,2,45,21,66,0,0,53,13,0,0.7956777996070726,BASE,4348119,0.12,REALITY_CALIBRATED_V2,PUBLIC_SCALE_PLUS_SYNTHETIC_PATTERN
2026-02-24,D02_CAI_MEP,40HC,SURPLUS,1799,153,6,7,70,26,96,0,0,96,0,1857,1.2718279569892472,BASE,4348119,0.12,REALITY_CALIBRATED_V2,PUBLIC_SCALE_PLUS_SYNTHETIC_PATTERN
2026-02-24,D03_LONG_SON,20GP,SURPLUS,1590,143,7,6,97,21,118,0,0,118,0,1614,1.2269353128313891,BASE,4348119,0.12,REALITY_CALIBRATED_V2,PUBLIC_SCALE_PLUS_SYNTHETIC_PATTERN
2026-02-24,D03_LONG_SON,40GP,BALANCED,394,57,3,4,48,11,59,0,0,59,0,393,1.0261194029850744,BASE,4348119,0.12,REALITY_CALIBRATED_V2,PUBLIC_SCALE_PLUS_SYNTHETIC_PATTERN
2026-02-24,D03_LONG_SON,40HC,BALANCED,415,84,3,3,54,13,67,0,0,67,0,432,1.0514423076923078,BASE,4348119,0.12,REALITY_CALIBRATED_V2,PUBLIC_SCALE_PLUS_SYNTHETIC_PATTERN
2026-02-25,D01_PHU_MY,20GP,DEFICIT,0,87,4,4,144,15,159,0,0,87,72,0,0.7976352887676216,BASE,4348119,0.12,REALITY_CALIBRATED_V2,PUBLIC_SCALE_PLUS_SYNTHETIC_PATTERN
2026-02-25,D01_PHU_MY,40GP,SURPLUS,1368,96,4,3,89,19,108,0,0,108,0,1355,1.2831524303916944,BASE,4348119,0.12,REALITY_CALIBRATED_V2,PUBLIC_SCALE_PLUS_SYNTHETIC_PATTERN
2026-02-25,D01_PHU_MY,40HC,DEFICIT,0,86,3,3,106,26,132,0,0,86,46,0,0.8389720234222511,BASE,4348119,0.12,REALITY_CALIBRATED_V2,PUBLIC_SCALE_PLUS_SYNTHETIC_PATTERN
2026-02-25,D02_CAI_MEP,20GP,BALANCED,73,87,4,6,81,12,93,0,0,93,0,69,1.01956745623069,BASE,4348119,0.12,REALITY_CALIBRATED_V2,PUBLIC_SCALE_PLUS_SYNTHETIC_PATTERN
2026-02-25,D02_CAI_MEP,40GP,DEFICIT,0,61,3,2,75,13,88,0,0,60,28,0,0.7956777996070726,BASE,4348119,0.12,REALITY_CALIBRATED_V2,PUBLIC_SCALE_PLUS_SYNTHETIC_PATTERN
2026-02-25,D02_CAI_MEP,40HC,SURPLUS,1857,153,6,6,87,44,131,0,0,131,0,1879,1.2718279569892472,BASE,4348119,0.12,REALITY_CALIBRATED_V2,PUBLIC_SCALE_PLUS_SYNTHETIC_PATTERN
2026-02-25,D03_LONG_SON,20GP,SURPLUS,1614,128,6,7,46,10,56,0,0,56,0,1687,1.2269353128313891,BASE,4348119,0.12,REALITY_CALIBRATED_V2,PUBLIC_SCALE_PLUS_SYNTHETIC_PATTERN
2026-02-25,D03_LONG_SON,40GP,BALANCED,393,43,2,3,41,5,46,0,0,46,0,391,1.0261194029850744,BASE,4348119,0.12,REALITY_CALIBRATED_V2,PUBLIC_SCALE_PLUS_SYNTHETIC_PATTERN
2026-02-25,D03_LONG_SON,40HC,BALANCED,432,96,4,3,92,12,104,0,0,104,0,423,1.0514423076923078,BASE,4348119,0.12,REALITY_CALIBRATED_V2,PUBLIC_SCALE_PLUS_SYNTHETIC_PATTERN
2026-02-26,D01_PHU_MY,20GP,DEFICIT,0,138,7,4,118,51,169,0,0,135,34,0,0.7976352887676216,BASE,4348119,0.12,REALITY_CALIBRATED_V2,PUBLIC_SCALE_PLUS_SYNTHETIC_PATTERN
2026-02-26,D01_PHU_MY,40GP,SURPLUS,1355,118,5,4,55,22,77,0,0,77,0,1395,1.2831524303916944,BASE,4348119,0.12,REALITY_CALIBRATED_V2,PUBLIC_SCALE_PLUS_SYNTHETIC_PATTERN
2026-02-26,D01_PHU_MY,40HC,DEFICIT,0,109,4,3,89,20,109,0,0,108,1,0,0.8389720234222511,BASE,4348119,0.12,REALITY_CALIBRATED_V2,PUBLIC_SCALE_PLUS_SYNTHETIC_PATTERN
2026-02-26,D02_CAI_MEP,20GP,BALANCED,69,168,8,4,87,23,110,0,0,110,0,123,1.01956745623069,BASE,4348119,0.12,REALITY_CALIBRATED_V2,PUBLIC_SCALE_PLUS_SYNTHETIC_PATTERN
2026-02-26,D02_CAI_MEP,40GP,DEFICIT,0,69,3,3,50,19,69,0,0,69,0,0,0.7956777996070726,BASE,4348119,0.12,REALITY_CALIBRATED_V2,PUBLIC_SCALE_PLUS_SYNTHETIC_PATTERN
2026-02-26,D02_CAI_MEP,40HC,SURPLUS,1879,139,6,6,148,26,174,0,0,174,0,1844,1.2718279569892472,BASE,4348119,0.12,REALITY_CALIBRATED_V2,PUBLIC_SCALE_PLUS_SYNTHETIC_PATTERN
2026-02-26,D03_LONG_SON,20GP,SURPLUS,1687,174,9,6,61,26,87,0,0,87,0,1771,1.2269353128313891,BASE,4348119,0.12,REALITY_CALIBRATED_V2,PUBLIC_SCALE_PLUS_SYNTHETIC_PATTERN
2026-02-26,D03_LONG_SON,40GP,BALANCED,391,62,3,2,57,13,70,0,0,70,0,382,1.0261194029850744,BASE,4348119,0.12,REALITY_CALIBRATED_V2,PUBLIC_SCALE_PLUS_SYNTHETIC_PATTERN
2026-02-26,D03_LONG_SON,40HC,BALANCED,423,154,6,4,75,17,92,0,0,92,0,483,1.0514423076923078,BASE,4348119,0.12,REALITY_CALIBRATED_V2,PUBLIC_SCALE_PLUS_SYNTHETIC_PATTERN
2026-02-27,D01_PHU_MY,20GP,DEFICIT,0,92,5,7,87,36,123,0,0,94,29,0,0.7976352887676216,BASE,4348119,0.12,REALITY_CALIBRATED_V2,PUBLIC_SCALE_PLUS_SYNTHETIC_PATTERN
2026-02-27,D01_PHU_MY,40GP,SURPLUS,1395,92,4,5,51,19,70,0,0,70,0,1418,1.2831524303916944,BASE,4348119,0.12,REALITY_CALIBRATED_V2,PUBLIC_SCALE_PLUS_SYNTHETIC_PATTERN
2026-02-27,D01_PHU_MY,40HC,DEFICIT,0,99,4,4,83,26,109,0,0,99,10,0,0.8389720234222511,BASE,4348119,0.12,REALITY_CALIBRATED_V2,PUBLIC_SCALE_PLUS_SYNTHETIC_PATTERN
2026-02-27,D02_CAI_MEP,20GP,BALANCED,123,133,7,8,98,35,133,0,0,133,0,124,1.01956745623069,BASE,4348119,0.12,REALITY_CALIBRATED_V2,PUBLIC_SCALE_PLUS_SYNTHETIC_PATTERN
2026-02-27,D02_CAI_MEP,40GP,DEFICIT,0,98,4,3,45,13,58,0,0,58,0,39,0.7956777996070726,BASE,4348119,0.12,REALITY_CALIBRATED_V2,PUBLIC_SCALE_PLUS_SYNTHETIC_PATTERN
2026-02-27,D02_CAI_MEP,40HC,SURPLUS,1844,196,8,6,118,39,157,0,0,157,0,1881,1.2718279569892472,BASE,4348119,0.12,REALITY_CALIBRATED_V2,PUBLIC_SCALE_PLUS_SYNTHETIC_PATTERN
2026-02-27,D03_LONG_SON,20GP,SURPLUS,1771,123,6,9,82,25,107,0,0,107,0,1790,1.2269353128313891,BASE,4348119,0.12,REALITY_CALIBRATED_V2,PUBLIC_SCALE_PLUS_SYNTHETIC_PATTERN
2026-02-27,D03_LONG_SON,40GP,BALANCED,382,62,3,3,49,5,54,0,0,54,0,390,1.0261194029850744,BASE,4348119,0.12,REALITY_CALIBRATED_V2,PUBLIC_SCALE_PLUS_SYNTHETIC_PATTERN
2026-02-27,D03_LONG_SON,40HC,BALANCED,483,117,5,6,58,21,79,0,0,79,0,522,1.0514423076923078,BASE,4348119,0.12,REALITY_CALIBRATED_V2,PUBLIC_SCALE_PLUS_SYNTHETIC_PATTERN
2026-02-28,D01_PHU_MY,20GP,DEFICIT,0,108,5,5,82,26,108,0,0,108,0,0,0.7976352887676216,BASE,4348119,0.12,REALITY_CALIBRATED_V2,PUBLIC_SCALE_PLUS_SYNTHETIC_PATTERN
2026-02-28,D01_PHU_MY,40GP,SURPLUS,1418,64,3,4,73,19,92,0,0,92,0,1391,1.2831524303916944,BASE,4348119,0.12,REALITY_CALIBRATED_V2,PUBLIC_SCALE_PLUS_SYNTHETIC_PATTERN
2026-02-28,D01_PHU_MY,40HC,DEFICIT,0,73,3,4,76,23,99,0,0,74,25,0,0.8389720234222511,BASE,4348119,0.12,REALITY_CALIBRATED_V2,PUBLIC_SCALE_PLUS_SYNTHETIC_PATTERN
2026-02-28,D02_CAI_MEP,20GP,BALANCED,124,116,6,7,64,6,70,0,0,70,0,171,1.01956745623069,BASE,4348119,0.12,REALITY_CALIBRATED_V2,PUBLIC_SCALE_PLUS_SYNTHETIC_PATTERN
2026-02-28,D02_CAI_MEP,40GP,DEFICIT,39,32,1,4,48,8,56,0,0,56,0,18,0.7956777996070726,BASE,4348119,0.12,REALITY_CALIBRATED_V2,PUBLIC_SCALE_PLUS_SYNTHETIC_PATTERN
2026-02-28,D02_CAI_MEP,40HC,SURPLUS,1881,96,4,8,79,26,105,0,0,105,0,1876,1.2718279569892472,BASE,4348119,0.12,REALITY_CALIBRATED_V2,PUBLIC_SCALE_PLUS_SYNTHETIC_PATTERN
2026-02-28,D03_LONG_SON,20GP,SURPLUS,1790,128,6,6,66,31,97,0,0,97,0,1821,1.2269353128313891,BASE,4348119,0.12,REALITY_CALIBRATED_V2,PUBLIC_SCALE_PLUS_SYNTHETIC_PATTERN
2026-02-28,D03_LONG_SON,40GP,BALANCED,390,92,4,3,65,11,76,0,0,76,0,405,1.0261194029850744,BASE,4348119,0.12,REALITY_CALIBRATED_V2,PUBLIC_SCALE_PLUS_SYNTHETIC_PATTERN
2026-02-28,D03_LONG_SON,40HC,BALANCED,522,71,3,5,75,21,96,0,0,96,0,499,1.0514423076923078,BASE,4348119,0.12,REALITY_CALIBRATED_V2,PUBLIC_SCALE_PLUS_SYNTHETIC_PATTERN
2026-03-01,D01_PHU_MY,20GP,DEFICIT,0,56,3,5,72,10,82,0,0,58,24,0,0.7976352887676216,BASE,4348119,0.12,REALITY_CALIBRATED_V2,PUBLIC_SCALE_PLUS_SYNTHETIC_PATTERN
2026-03-01,D01_PHU_MY,40GP,SURPLUS,1391,102,5,3,42,6,48,0,0,48,0,1443,1.2831524303916944,BASE,4348119,0.12,REALITY_CALIBRATED_V2,PUBLIC_SCALE_PLUS_SYNTHETIC_PATTERN
2026-03-01,D01_PHU_MY,40HC,DEFICIT,0,76,3,3,75,30,105,0,0,76,29,0,0.8389720234222511,BASE,4348119,0.12,REALITY_CALIBRATED_V2,PUBLIC_SCALE_PLUS_SYNTHETIC_PATTERN
2026-03-01,D02_CAI_MEP,20GP,BALANCED,171,93,5,6,82,17,99,0,0,99,0,166,1.01956745623069,BASE,4348119,0.12,REALITY_CALIBRATED_V2,PUBLIC_SCALE_PLUS_SYNTHETIC_PATTERN
2026-03-01,D02_CAI_MEP,40GP,DEFICIT,18,53,2,1,45,19,64,0,0,64,0,6,0.7956777996070726,BASE,4348119,0.12,REALITY_CALIBRATED_V2,PUBLIC_SCALE_PLUS_SYNTHETIC_PATTERN
2026-03-01,D02_CAI_MEP,40HC,SURPLUS,1876,126,5,4,35,17,52,0,0,52,0,1949,1.2718279569892472,BASE,4348119,0.12,REALITY_CALIBRATED_V2,PUBLIC_SCALE_PLUS_SYNTHETIC_PATTERN
2026-03-01,D03_LONG_SON,20GP,SURPLUS,1821,67,3,6,52,15,67,0,0,67,0,1824,1.2269353128313891,BASE,4348119,0.12,REALITY_CALIBRATED_V2,PUBLIC_SCALE_PLUS_SYNTHETIC_PATTERN
2026-03-01,D03_LONG_SON,40GP,BALANCED,405,46,2,4,57,8,65,0,0,65,0,388,1.0261194029850744,BASE,4348119,0.12,REALITY_CALIBRATED_V2,PUBLIC_SCALE_PLUS_SYNTHETIC_PATTERN
2026-03-01,D03_LONG_SON,40HC,BALANCED,499,84,3,3,59,8,67,0,0,67,0,516,1.0514423076923078,BASE,4348119,0.12,REALITY_CALIBRATED_V2,PUBLIC_SCALE_PLUS_SYNTHETIC_PATTERN
2026-03-02,D01_PHU_MY,20GP,DEFICIT,0,56,3,3,82,31,113,0,0,56,57,0,0.7976352887676216,BASE,4348119,0.12,REALITY_CALIBRATED_V2,PUBLIC_SCALE_PLUS_SYNTHETIC_PATTERN
2026-03-02,D01_PHU_MY,40GP,SURPLUS,1443,105,5,5,74,22,96,0,0,96,0,1452,1.2831524303916944,BASE,4348119,0.12,REALITY_CALIBRATED_V2,PUBLIC_SCALE_PLUS_SYNTHETIC_PATTERN
2026-03-02,D01_PHU_MY,40HC,DEFICIT,0,115,5,3,86,13,99,0,0,99,0,14,0.8389720234222511,BASE,4348119,0.12,REALITY_CALIBRATED_V2,PUBLIC_SCALE_PLUS_SYNTHETIC_PATTERN
2026-03-02,D02_CAI_MEP,20GP,BALANCED,166,145,7,5,99,46,145,0,0,145,0,164,1.01956745623069,BASE,4348119,0.12,REALITY_CALIBRATED_V2,PUBLIC_SCALE_PLUS_SYNTHETIC_PATTERN
2026-03-02,D02_CAI_MEP,40GP,DEFICIT,6,58,3,2,64,24,88,0,0,63,25,0,0.7956777996070726,BASE,4348119,0.12,REALITY_CALIBRATED_V2,PUBLIC_SCALE_PLUS_SYNTHETIC_PATTERN
2026-03-02,D02_CAI_MEP,40HC,SURPLUS,1949,192,8,5,78,35,113,0,0,113,0,2025,1.2718279569892472,BASE,4348119,0.12,REALITY_CALIBRATED_V2,PUBLIC_SCALE_PLUS_SYNTHETIC_PATTERN
2026-03-02,D03_LONG_SON,20GP,SURPLUS,1824,164,8,3,67,15,82,0,0,82,0,1901,1.2269353128313891,BASE,4348119,0.12,REALITY_CALIBRATED_V2,PUBLIC_SCALE_PLUS_SYNTHETIC_PATTERN
2026-03-02,D03_LONG_SON,40GP,BALANCED,388,70,3,2,40,19,59,0,0,59,0,398,1.0261194029850744,BASE,4348119,0.12,REALITY_CALIBRATED_V2,PUBLIC_SCALE_PLUS_SYNTHETIC_PATTERN
2026-03-02,D03_LONG_SON,40HC,BALANCED,516,142,6,3,100,29,129,0,0,129,0,526,1.0514423076923078,BASE,4348119,0.12,REALITY_CALIBRATED_V2,PUBLIC_SCALE_PLUS_SYNTHETIC_PATTERN
2026-03-03,D01_PHU_MY,20GP,DEFICIT,0,97,5,3,87,26,113,0,0,95,18,0,0.7976352887676216,BASE,4348119,0.12,REALITY_CALIBRATED_V2,PUBLIC_SCALE_PLUS_SYNTHETIC_PATTERN
2026-03-03,D01_PHU_MY,40GP,SURPLUS,1452,86,4,5,83,25,108,0,0,108,0,1431,1.2831524303916944,BASE,4348119,0.12,REALITY_CALIBRATED_V2,PUBLIC_SCALE_PLUS_SYNTHETIC_PATTERN
2026-03-03,D01_PHU_MY,40HC,DEFICIT,14,109,4,5,82,20,102,0,0,102,0,22,0.8389720234222511,BASE,4348119,0.12,REALITY_CALIBRATED_V2,PUBLIC_SCALE_PLUS_SYNTHETIC_PATTERN
2026-03-03,D02_CAI_MEP,20GP,BALANCED,164,151,8,7,70,29,99,0,0,99,0,215,1.01956745623069,BASE,4348119,0.12,REALITY_CALIBRATED_V2,PUBLIC_SCALE_PLUS_SYNTHETIC_PATTERN
2026-03-03,D02_CAI_MEP,40GP,DEFICIT,0,74,3,3,82,19,101,0,0,74,27,0,0.7956777996070726,BASE,4348119,0.12,REALITY_CALIBRATED_V2,PUBLIC_SCALE_PLUS_SYNTHETIC_PATTERN
2026-03-03,D02_CAI_MEP,40HC,SURPLUS,2025,179,7,8,70,26,96,0,0,96,0,2109,1.2718279569892472,BASE,4348119,0.12,REALITY_CALIBRATED_V2,PUBLIC_SCALE_PLUS_SYNTHETIC_PATTERN
2026-03-03,D03_LONG_SON,20GP,SURPLUS,1901,215,11,8,108,20,128,0,0,128,0,1985,1.2269353128313891,BASE,4348119,0.12,REALITY_CALIBRATED_V2,PUBLIC_SCALE_PLUS_SYNTHETIC_PATTERN
2026-03-03,D03_LONG_SON,40GP,BALANCED,398,65,3,3,40,19,59,0,0,59,0,404,1.0261194029850744,BASE,4348119,0.12,REALITY_CALIBRATED_V2,PUBLIC_SCALE_PLUS_SYNTHETIC_PATTERN
2026-03-03,D03_LONG_SON,40HC,BALANCED,526,117,5,6,71,25,96,0,0,96,0,548,1.0514423076923078,BASE,4348119,0.12,REALITY_CALIBRATED_V2,PUBLIC_SCALE_PLUS_SYNTHETIC_PATTERN
2026-03-04,D01_PHU_MY,20GP,DEFICIT,0,87,4,5,112,36,148,0,0,88,60,0,0.7976352887676216,BASE,4348119,0.12,REALITY_CALIBRATED_V2,PUBLIC_SCALE_PLUS_SYNTHETIC_PATTERN
2026-03-04,D01_PHU_MY,40GP,SURPLUS,1431,86,4,4,38,16,54,0,0,54,0,1463,1.2831524303916944,BASE,4348119,0.12,REALITY_CALIBRATED_V2,PUBLIC_SCALE_PLUS_SYNTHETIC_PATTERN
2026-03-04,D01_PHU_MY,40HC,DEFICIT,22,79,3,4,82,43,125,0,0,102,23,0,0.8389720234222511,BASE,4348119,0.12,REALITY_CALIBRATED_V2,PUBLIC_SCALE_PLUS_SYNTHETIC_PATTERN
2026-03-04,D02_CAI_MEP,20GP,BALANCED,215,168,8,8,87,46,133,0,0,133,0,250,1.01956745623069,BASE,4348119,0.12,REALITY_CALIBRATED_V2,PUBLIC_SCALE_PLUS_SYNTHETIC_PATTERN
2026-03-04,D02_CAI_MEP,40GP,DEFICIT,0,64,3,3,58,8,66,0,0,64,2,0,0.7956777996070726,BASE,4348119,0.12,REALITY_CALIBRATED_V2,PUBLIC_SCALE_PLUS_SYNTHETIC_PATTERN
2026-03-04,D02_CAI_MEP,40HC,SURPLUS,2109,148,6,7,131,22,153,0,0,153,0,2105,1.2718279569892472,BASE,4348119,0.12,REALITY_CALIBRATED_V2,PUBLIC_SCALE_PLUS_SYNTHETIC_PATTERN
2026-03-04,D03_LONG_SON,20GP,SURPLUS,1985,143,7,11,107,31,138,0,0,138,0,1994,1.2269353128313891,BASE,4348119,0.12,REALITY_CALIBRATED_V2,PUBLIC_SCALE_PLUS_SYNTHETIC_PATTERN
2026-03-04,D03_LONG_SON,40GP,BALANCED,404,95,4,3,67,19,86,0,0,86,0,412,1.0261194029850744,BASE,4348119,0.12,REALITY_CALIBRATED_V2,PUBLIC_SCALE_PLUS_SYNTHETIC_PATTERN
2026-03-04,D03_LONG_SON,40HC,BALANCED,548,113,5,5,117,29,146,0,0,146,0,515,1.0514423076923078,BASE,4348119,0.12,REALITY_CALIBRATED_V2,PUBLIC_SCALE_PLUS_SYNTHETIC_PATTERN
2026-03-05,D01_PHU_MY,20GP,DEFICIT,0,67,3,4,128,26,154,0,0,68,86,0,0.7976352887676216,BASE,4348119,0.12,REALITY_CALIBRATED_V2,PUBLIC_SCALE_PLUS_SYNTHETIC_PATTERN
2026-03-05,D01_PHU_MY,40GP,SURPLUS,1463,102,5,4,73,32,105,0,0,105,0,1459,1.2831524303916944,BASE,4348119,0.12,REALITY_CALIBRATED_V2,PUBLIC_SCALE_PLUS_SYNTHETIC_PATTERN
2026-03-05,D01_PHU_MY,40HC,DEFICIT,0,125,5,3,86,46,132,0,0,123,9,0,0.8389720234222511,BASE,4348119,0.12,REALITY_CALIBRATED_V2,PUBLIC_SCALE_PLUS_SYNTHETIC_PATTERN
2026-03-05,D02_CAI_MEP,20GP,BALANCED,250,133,7,8,82,17,99,0,0,99,0,285,1.01956745623069,BASE,4348119,0.12,REALITY_CALIBRATED_V2,PUBLIC_SCALE_PLUS_SYNTHETIC_PATTERN
2026-03-05,D02_CAI_MEP,40GP,DEFICIT,0,72,3,3,53,21,74,0,0,72,2,0,0.7956777996070726,BASE,4348119,0.12,REALITY_CALIBRATED_V2,PUBLIC_SCALE_PLUS_SYNTHETIC_PATTERN
2026-03-05,D02_CAI_MEP,40HC,SURPLUS,2105,187,7,6,101,17,118,0,0,118,0,2173,1.2718279569892472,BASE,4348119,0.12,REALITY_CALIBRATED_V2,PUBLIC_SCALE_PLUS_SYNTHETIC_PATTERN
2026-03-05,D03_LONG_SON,20GP,SURPLUS,1994,184,9,7,113,56,169,0,0,169,0,2007,1.2269353128313891,BASE,4348119,0.12,REALITY_CALIBRATED_V2,PUBLIC_SCALE_PLUS_SYNTHETIC_PATTERN
2026-03-05,D03_LONG_SON,40GP,BALANCED,412,92,4,4,54,14,68,0,0,68,0,436,1.0261194029850744,BASE,4348119,0.12,REALITY_CALIBRATED_V2,PUBLIC_SCALE_PLUS_SYNTHETIC_PATTERN
2026-03-05,D03_LONG_SON,40HC,BALANCED,515,150,6,5,100,42,142,0,0,142,0,522,1.0514423076923078,BASE,4348119,0.12,REALITY_CALIBRATED_V2,PUBLIC_SCALE_PLUS_SYNTHETIC_PATTERN
2026-03-06,D01_PHU_MY,20GP,DEFICIT,0,72,4,3,92,21,113,0,0,71,42,0,0.7976352887676216,BASE,4348119,0.12,REALITY_CALIBRATED_V2,PUBLIC_SCALE_PLUS_SYNTHETIC_PATTERN
2026-03-06,D01_PHU_MY,40GP,SURPLUS,1459,105,5,5,60,10,70,0,0,70,0,1494,1.2831524303916944,BASE,4348119,0.12,REALITY_CALIBRATED_V2,PUBLIC_SCALE_PLUS_SYNTHETIC_PATTERN
2026-03-06,D01_PHU_MY,40HC,DEFICIT,0,129,5,5,92,33,125,0,0,125,0,4,0.8389720234222511,BASE,4348119,0.12,REALITY_CALIBRATED_V2,PUBLIC_SCALE_PLUS_SYNTHETIC_PATTERN
2026-03-06,D02_CAI_MEP,20GP,BALANCED,285,139,7,7,104,35,139,0,0,139,0,285,1.01956745623069,BASE,4348119,0.12,REALITY_CALIBRATED_V2,PUBLIC_SCALE_PLUS_SYNTHETIC_PATTERN
2026-03-06,D02_CAI_MEP,40GP,DEFICIT,0,42,2,3,72,29,101,0,0,43,58,0,0.7956777996070726,BASE,4348119,0.12,REALITY_CALIBRATED_V2,PUBLIC_SCALE_PLUS_SYNTHETIC_PATTERN
2026-03-06,D02_CAI_MEP,40HC,SURPLUS,2173,192,8,7,117,57,174,0,0,174,0,2190,1.2718279569892472,BASE,4348119,0.12,REALITY_CALIBRATED_V2,PUBLIC_SCALE_PLUS_SYNTHETIC_PATTERN
2026-03-06,D03_LONG_SON,20GP,SURPLUS,2007,159,8,9,102,41,143,0,0,143,0,2024,1.2269353128313891,BASE,4348119,0.12,REALITY_CALIBRATED_V2,PUBLIC_SCALE_PLUS_SYNTHETIC_PATTERN
2026-03-06,D03_LONG_SON,40GP,BALANCED,436,76,3,4,60,16,76,0,0,76,0,437,1.0261194029850744,BASE,4348119,0.12,REALITY_CALIBRATED_V2,PUBLIC_SCALE_PLUS_SYNTHETIC_PATTERN
2026-03-06,D03_LONG_SON,40HC,BALANCED,522,96,4,6,58,21,79,0,0,79,0,541,1.0514423076923078,BASE,4348119,0.12,REALITY_CALIBRATED_V2,PUBLIC_SCALE_PLUS_SYNTHETIC_PATTERN
2026-03-07,D01_PHU_MY,20GP,DEFICIT,0,102,5,4,112,31,143,0,0,101,42,0,0.7976352887676216,BASE,4348119,0.12,REALITY_CALIBRATED_V2,PUBLIC_SCALE_PLUS_SYNTHETIC_PATTERN
2026-03-07,D01_PHU_MY,40GP,SURPLUS,1494,77,3,5,48,13,61,0,0,61,0,1512,1.2831524303916944,BASE,4348119,0.12,REALITY_CALIBRATED_V2,PUBLIC_SCALE_PLUS_SYNTHETIC_PATTERN
2026-03-07,D01_PHU_MY,40HC,DEFICIT,4,99,4,5,69,30,99,0,0,99,0,5,0.8389720234222511,BASE,4348119,0.12,REALITY_CALIBRATED_V2,PUBLIC_SCALE_PLUS_SYNTHETIC_PATTERN
2026-03-07,D02_CAI_MEP,20GP,BALANCED,285,162,8,7,75,41,116,0,0,116,0,330,1.01956745623069,BASE,4348119,0.12,REALITY_CALIBRATED_V2,PUBLIC_SCALE_PLUS_SYNTHETIC_PATTERN
2026-03-07,D02_CAI_MEP,40GP,DEFICIT,0,61,3,2,48,18,66,0,0,60,6,0,0.7956777996070726,BASE,4348119,0.12,REALITY_CALIBRATED_V2,PUBLIC_SCALE_PLUS_SYNTHETIC_PATTERN
2026-03-07,D02_CAI_MEP,40HC,SURPLUS,2190,148,6,8,92,17,109,0,0,109,0,2231,1.2718279569892472,BASE,4348119,0.12,REALITY_CALIBRATED_V2,PUBLIC_SCALE_PLUS_SYNTHETIC_PATTERN
2026-03-07,D03_LONG_SON,20GP,SURPLUS,2024,118,6,8,56,21,77,0,0,77,0,2067,1.2269353128313891,BASE,4348119,0.12,REALITY_CALIBRATED_V2,PUBLIC_SCALE_PLUS_SYNTHETIC_PATTERN
2026-03-07,D03_LONG_SON,40GP,BALANCED,437,43,2,3,54,19,73,0,0,73,0,408,1.0261194029850744,BASE,4348119,0.12,REALITY_CALIBRATED_V2,PUBLIC_SCALE_PLUS_SYNTHETIC_PATTERN
2026-03-07,D03_LONG_SON,40HC,BALANCED,541,84,3,4,71,13,84,0,0,84,0,542,1.0514423076923078,BASE,4348119,0.12,REALITY_CALIBRATED_V2,PUBLIC_SCALE_PLUS_SYNTHETIC_PATTERN
2026-03-08,D01_PHU_MY,20GP,DEFICIT,0,61,3,5,82,20,102,0,0,63,39,0,0.7976352887676216,BASE,4348119,0.12,REALITY_CALIBRATED_V2,PUBLIC_SCALE_PLUS_SYNTHETIC_PATTERN
2026-03-08,D01_PHU_MY,40GP,SURPLUS,1512,73,3,3,41,16,57,0,0,57,0,1528,1.2831524303916944,BASE,4348119,0.12,REALITY_CALIBRATED_V2,PUBLIC_SCALE_PLUS_SYNTHETIC_PATTERN
2026-03-08,D01_PHU_MY,40HC,DEFICIT,5,69,3,4,76,13,89,0,0,75,14,0,0.8389720234222511,BASE,4348119,0.12,REALITY_CALIBRATED_V2,PUBLIC_SCALE_PLUS_SYNTHETIC_PATTERN
2026-03-08,D02_CAI_MEP,20GP,BALANCED,330,99,5,8,64,17,81,0,0,81,0,351,1.01956745623069,BASE,4348119,0.12,REALITY_CALIBRATED_V2,PUBLIC_SCALE_PLUS_SYNTHETIC_PATTERN
2026-03-08,D02_CAI_MEP,40GP,DEFICIT,0,61,3,3,69,11,80,0,0,61,19,0,0.7956777996070726,BASE,4348119,0.12,REALITY_CALIBRATED_V2,PUBLIC_SCALE_PLUS_SYNTHETIC_PATTERN
2026-03-08,D02_CAI_MEP,40HC,SURPLUS,2231,118,5,6,74,26,100,0,0,100,0,2250,1.2718279569892472,BASE,4348119,0.12,REALITY_CALIBRATED_V2,PUBLIC_SCALE_PLUS_SYNTHETIC_PATTERN
2026-03-08,D03_LONG_SON,20GP,SURPLUS,2067,77,4,6,72,15,87,0,0,87,0,2059,1.2269353128313891,BASE,4348119,0.12,REALITY_CALIBRATED_V2,PUBLIC_SCALE_PLUS_SYNTHETIC_PATTERN
2026-03-08,D03_LONG_SON,40GP,BALANCED,408,49,2,2,27,3,30,0,0,30,0,427,1.0261194029850744,BASE,4348119,0.12,REALITY_CALIBRATED_V2,PUBLIC_SCALE_PLUS_SYNTHETIC_PATTERN
2026-03-08,D03_LONG_SON,40HC,BALANCED,542,79,3,3,54,25,79,0,0,79,0,542,1.0514423076923078,BASE,4348119,0.12,REALITY_CALIBRATED_V2,PUBLIC_SCALE_PLUS_SYNTHETIC_PATTERN
2026-03-09,D01_PHU_MY,20GP,DEFICIT,0,138,7,3,102,41,143,0,0,134,9,0,0.7976352887676216,BASE,4348119,0.12,REALITY_CALIBRATED_V2,PUBLIC_SCALE_PLUS_SYNTHETIC_PATTERN
2026-03-09,D01_PHU_MY,40GP,SURPLUS,1528,137,6,3,45,16,61,0,0,61,0,1601,1.2831524303916944,BASE,4348119,0.12,REALITY_CALIBRATED_V2,PUBLIC_SCALE_PLUS_SYNTHETIC_PATTERN
2026-03-09,D01_PHU_MY,40HC,DEFICIT,0,109,4,3,79,13,92,0,0,92,0,16,0.8389720234222511,BASE,4348119,0.12,REALITY_CALIBRATED_V2,PUBLIC_SCALE_PLUS_SYNTHETIC_PATTERN
2026-03-09,D02_CAI_MEP,20GP,BALANCED,351,116,6,5,99,52,151,0,0,151,0,315,1.01956745623069,BASE,4348119,0.12,REALITY_CALIBRATED_V2,PUBLIC_SCALE_PLUS_SYNTHETIC_PATTERN
2026-03-09,D02_CAI_MEP,40GP,DEFICIT,0,77,3,3,56,21,77,0,0,77,0,0,0.7956777996070726,BASE,4348119,0.12,REALITY_CALIBRATED_V2,PUBLIC_SCALE_PLUS_SYNTHETIC_PATTERN
2026-03-09,D02_CAI_MEP,40HC,SURPLUS,2250,148,6,5,78,35,113,0,0,113,0,2284,1.2718279569892472,BASE,4348119,0.12,REALITY_CALIBRATED_V2,PUBLIC_SCALE_PLUS_SYNTHETIC_PATTERN
2026-03-09,D03_LONG_SON,20GP,SURPLUS,2059,174,9,4,92,41,133,0,0,133,0,2095,1.2269353128313891,BASE,4348119,0.12,REALITY_CALIBRATED_V2,PUBLIC_SCALE_PLUS_SYNTHETIC_PATTERN
2026-03-09,D03_LONG_SON,40GP,BALANCED,427,43,2,2,70,22,92,0,0,92,0,378,1.0261194029850744,BASE,4348119,0.12,REALITY_CALIBRATED_V2,PUBLIC_SCALE_PLUS_SYNTHETIC_PATTERN
2026-03-09,D03_LONG_SON,40HC,BALANCED,542,104,4,3,92,17,109,0,0,109,0,536,1.0514423076923078,BASE,4348119,0.12,REALITY_CALIBRATED_V2,PUBLIC_SCALE_PLUS_SYNTHETIC_PATTERN
2026-03-10,D01_PHU_MY,20GP,DEFICIT,0,148,7,7,102,31,133,0,0,133,0,15,0.7976352887676216,BASE,4348119,0.12,REALITY_CALIBRATED_V2,PUBLIC_SCALE_PLUS_SYNTHETIC_PATTERN
2026-03-10,D01_PHU_MY,40GP,SURPLUS,1601,140,6,6,83,41,124,0,0,124,0,1617,1.2831524303916944,BASE,4348119,0.12,REALITY_CALIBRATED_V2,PUBLIC_SCALE_PLUS_SYNTHETIC_PATTERN
2026-03-10,D01_PHU_MY,40HC,DEFICIT,16,112,4,4,86,36,122,0,0,122,0,6,0.8389720234222511,BASE,4348119,0.12,REALITY_CALIBRATED_V2,PUBLIC_SCALE_PLUS_SYNTHETIC_PATTERN
2026-03-10,D02_CAI_MEP,20GP,BALANCED,315,185,9,6,110,29,139,0,0,139,0,358,1.01956745623069,BASE,4348119,0.12,REALITY_CALIBRATED_V2,PUBLIC_SCALE_PLUS_SYNTHETIC_PATTERN
2026-03-10,D02_CAI_MEP,40GP,DEFICIT,0,88,4,3,69,21,90,0,0,87,3,0,0.7956777996070726,BASE,4348119,0.12,REALITY_CALIBRATED_V2,PUBLIC_SCALE_PLUS_SYNTHETIC_PATTERN
2026-03-10,D02_CAI_MEP,40HC,SURPLUS,2284,166,7,6,118,35,153,0,0,153,0,2296,1.2718279569892472,BASE,4348119,0.12,REALITY_CALIBRATED_V2,PUBLIC_SCALE_PLUS_SYNTHETIC_PATTERN
2026-03-10,D03_LONG_SON,20GP,SURPLUS,2095,164,8,9,133,15,148,0,0,148,0,2112,1.2269353128313891,BASE,4348119,0.12,REALITY_CALIBRATED_V2,PUBLIC_SCALE_PLUS_SYNTHETIC_PATTERN
2026-03-10,D03_LONG_SON,40GP,BALANCED,378,81,4,2,64,22,86,0,0,86,0,371,1.0261194029850744,BASE,4348119,0.12,REALITY_CALIBRATED_V2,PUBLIC_SCALE_PLUS_SYNTHETIC_PATTERN
2026-03-10,D03_LONG_SON,40HC,BALANCED,536,100,4,4,117,21,138,0,0,138,0,498,1.0514423076923078,BASE,4348119,0.12,REALITY_CALIBRATED_V2,PUBLIC_SCALE_PLUS_SYNTHETIC_PATTERN
2026-03-11,D01_PHU_MY,20GP,DEFICIT,15,92,5,7,108,56,164,0,0,109,55,0,0.7976352887676216,BASE,4348119,0.12,REALITY_CALIBRATED_V2,PUBLIC_SCALE_PLUS_SYNTHETIC_PATTERN
2026-03-11,D01_PHU_MY,40GP,SURPLUS,1617,102,5,6,67,10,77,0,0,77,0,1643,1.2831524303916944,BASE,4348119,0.12,REALITY_CALIBRATED_V2,PUBLIC_SCALE_PLUS_SYNTHETIC_PATTERN
2026-03-11,D01_PHU_MY,40HC,DEFICIT,6,96,4,4,60,26,86,0,0,86,0,16,0.8389720234222511,BASE,4348119,0.12,REALITY_CALIBRATED_V2,PUBLIC_SCALE_PLUS_SYNTHETIC_PATTERN
2026-03-11,D02_CAI_MEP,20GP,BALANCED,358,157,8,9,128,29,157,0,0,157,0,359,1.01956745623069,BASE,4348119,0.12,REALITY_CALIBRATED_V2,PUBLIC_SCALE_PLUS_SYNTHETIC_PATTERN
2026-03-11,D02_CAI_MEP,40GP,DEFICIT,0,74,3,4,75,13,88,0,0,75,13,0,0.7956777996070726,BASE,4348119,0.12,REALITY_CALIBRATED_V2,PUBLIC_SCALE_PLUS_SYNTHETIC_PATTERN
2026-03-11,D02_CAI_MEP,40HC,SURPLUS,2296,113,5,7,70,17,87,0,0,87,0,2324,1.2718279569892472,BASE,4348119,0.12,REALITY_CALIBRATED_V2,PUBLIC_SCALE_PLUS_SYNTHETIC_PATTERN
2026-03-11,D03_LONG_SON,20GP,SURPLUS,2112,118,6,8,92,41,133,0,0,133,0,2099,1.2269353128313891,BASE,4348119,0.12,REALITY_CALIBRATED_V2,PUBLIC_SCALE_PLUS_SYNTHETIC_PATTERN
2026-03-11,D03_LONG_SON,40GP,BALANCED,371,92,4,4,43,22,65,0,0,65,0,398,1.0261194029850744,BASE,4348119,0.12,REALITY_CALIBRATED_V2,PUBLIC_SCALE_PLUS_SYNTHETIC_PATTERN
2026-03-11,D03_LONG_SON,40HC,BALANCED,498,142,6,4,63,21,84,0,0,84,0,554,1.0514423076923078,BASE,4348119,0.12,REALITY_CALIBRATED_V2,PUBLIC_SCALE_PLUS_SYNTHETIC_PATTERN
2026-03-12,D01_PHU_MY,20GP,DEFICIT,0,113,6,5,149,51,200,0,0,112,88,0,0.7976352887676216,BASE,4348119,0.12,REALITY_CALIBRATED_V2,PUBLIC_SCALE_PLUS_SYNTHETIC_PATTERN
2026-03-12,D01_PHU_MY,40GP,SURPLUS,1643,131,6,5,86,19,105,0,0,105,0,1668,1.2831524303916944,BASE,4348119,0.12,REALITY_CALIBRATED_V2,PUBLIC_SCALE_PLUS_SYNTHETIC_PATTERN
2026-03-12,D01_PHU_MY,40HC,DEFICIT,16,129,5,4,119,16,135,0,0,135,0,9,0.8389720234222511,BASE,4348119,0.12,REALITY_CALIBRATED_V2,PUBLIC_SCALE_PLUS_SYNTHETIC_PATTERN
2026-03-12,D02_CAI_MEP,20GP,BALANCED,359,203,10,8,111,17,128,0,0,128,0,432,1.01956745623069,BASE,4348119,0.12,REALITY_CALIBRATED_V2,PUBLIC_SCALE_PLUS_SYNTHETIC_PATTERN
2026-03-12,D02_CAI_MEP,40GP,DEFICIT,0,74,3,3,42,24,66,0,0,66,0,8,0.7956777996070726,BASE,4348119,0.12,REALITY_CALIBRATED_V2,PUBLIC_SCALE_PLUS_SYNTHETIC_PATTERN
2026-03-12,D02_CAI_MEP,40HC,SURPLUS,2324,205,8,5,83,35,118,0,0,118,0,2408,1.2718279569892472,BASE,4348119,0.12,REALITY_CALIBRATED_V2,PUBLIC_SCALE_PLUS_SYNTHETIC_PATTERN
2026-03-12,D03_LONG_SON,20GP,SURPLUS,2099,194,10,6,133,31,164,0,0,164,0,2125,1.2269353128313891,BASE,4348119,0.12,REALITY_CALIBRATED_V2,PUBLIC_SCALE_PLUS_SYNTHETIC_PATTERN
2026-03-12,D03_LONG_SON,40GP,BALANCED,398,68,3,4,43,16,59,0,0,59,0,408,1.0261194029850744,BASE,4348119,0.12,REALITY_CALIBRATED_V2,PUBLIC_SCALE_PLUS_SYNTHETIC_PATTERN
2026-03-12,D03_LONG_SON,40HC,BALANCED,554,154,6,6,71,29,100,0,0,100,0,608,1.0514423076923078,BASE,4348119,0.12,REALITY_CALIBRATED_V2,PUBLIC_SCALE_PLUS_SYNTHETIC_PATTERN
2026-03-13,D01_PHU_MY,20GP,DEFICIT,0,113,6,6,174,41,215,0,0,113,102,0,0.7976352887676216,BASE,4348119,0.12,REALITY_CALIBRATED_V2,PUBLIC_SCALE_PLUS_SYNTHETIC_PATTERN
2026-03-13,D01_PHU_MY,40GP,SURPLUS,1668,92,4,6,70,16,86,0,0,86,0,1676,1.2831524303916944,BASE,4348119,0.12,REALITY_CALIBRATED_V2,PUBLIC_SCALE_PLUS_SYNTHETIC_PATTERN
2026-03-13,D01_PHU_MY,40HC,DEFICIT,9,119,5,5,108,30,138,0,0,128,10,0,0.8389720234222511,BASE,4348119,0.12,REALITY_CALIBRATED_V2,PUBLIC_SCALE_PLUS_SYNTHETIC_PATTERN
2026-03-13,D02_CAI_MEP,20GP,BALANCED,432,145,7,10,87,46,133,0,0,133,0,447,1.01956745623069,BASE,4348119,0.12,REALITY_CALIBRATED_V2,PUBLIC_SCALE_PLUS_SYNTHETIC_PATTERN
2026-03-13,D02_CAI_MEP,40GP,DEFICIT,8,64,3,3,69,8,77,0,0,72,5,0,0.7956777996070726,BASE,4348119,0.12,REALITY_CALIBRATED_V2,PUBLIC_SCALE_PLUS_SYNTHETIC_PATTERN
2026-03-13,D02_CAI_MEP,40HC,SURPLUS,2408,157,6,8,87,26,113,0,0,113,0,2454,1.2718279569892472,BASE,4348119,0.12,REALITY_CALIBRATED_V2,PUBLIC_SCALE_PLUS_SYNTHETIC_PATTERN
2026-03-13,D03_LONG_SON,20GP,SURPLUS,2125,164,8,10,77,36,113,0,0,113,0,2178,1.2269353128313891,BASE,4348119,0.12,REALITY_CALIBRATED_V2,PUBLIC_SCALE_PLUS_SYNTHETIC_PATTERN
2026-03-13,D03_LONG_SON,40GP,BALANCED,408,92,4,3,76,35,111,0,0,111,0,388,1.0261194029850744,BASE,4348119,0.12,REALITY_CALIBRATED_V2,PUBLIC_SCALE_PLUS_SYNTHETIC_PATTERN
2026-03-13,D03_LONG_SON,40HC,BALANCED,608,104,4,6,59,25,84,0,0,84,0,630,1.0514423076923078,BASE,4348119,0.12,REALITY_CALIBRATED_V2,PUBLIC_SCALE_PLUS_SYNTHETIC_PATTERN
2026-03-14,D01_PHU_MY,20GP,DEFICIT,0,102,5,6,82,41,123,0,0,103,20,0,0.7976352887676216,BASE,4348119,0.12,REALITY_CALIBRATED_V2,PUBLIC_SCALE_PLUS_SYNTHETIC_PATTERN
2026-03-14,D01_PHU_MY,40GP,SURPLUS,1676,108,5,4,48,16,64,0,0,64,0,1719,1.2831524303916944,BASE,4348119,0.12,REALITY_CALIBRATED_V2,PUBLIC_SCALE_PLUS_SYNTHETIC_PATTERN
2026-03-14,D01_PHU_MY,40HC,DEFICIT,0,92,4,5,79,33,112,0,0,93,19,0,0.8389720234222511,BASE,4348119,0.12,REALITY_CALIBRATED_V2,PUBLIC_SCALE_PLUS_SYNTHETIC_PATTERN
2026-03-14,D02_CAI_MEP,20GP,BALANCED,447,139,7,7,87,12,99,0,0,99,0,487,1.01956745623069,BASE,4348119,0.12,REALITY_CALIBRATED_V2,PUBLIC_SCALE_PLUS_SYNTHETIC_PATTERN
2026-03-14,D02_CAI_MEP,40GP,DEFICIT,0,72,3,3,66,19,85,0,0,72,13,0,0.7956777996070726,BASE,4348119,0.12,REALITY_CALIBRATED_V2,PUBLIC_SCALE_PLUS_SYNTHETIC_PATTERN
2026-03-14,D02_CAI_MEP,40HC,SURPLUS,2454,105,4,6,87,31,118,0,0,118,0,2443,1.2718279569892472,BASE,4348119,0.12,REALITY_CALIBRATED_V2,PUBLIC_SCALE_PLUS_SYNTHETIC_PATTERN
2026-03-14,D03_LONG_SON,20GP,SURPLUS,2178,133,7,8,72,10,82,0,0,82,0,2230,1.2269353128313891,BASE,4348119,0.12,REALITY_CALIBRATED_V2,PUBLIC_SCALE_PLUS_SYNTHETIC_PATTERN
2026-03-14,D03_LONG_SON,40GP,BALANCED,388,70,3,4,54,14,68,0,0,68,0,391,1.0261194029850744,BASE,4348119,0.12,REALITY_CALIBRATED_V2,PUBLIC_SCALE_PLUS_SYNTHETIC_PATTERN
2026-03-14,D03_LONG_SON,40HC,BALANCED,630,104,4,4,63,33,96,0,0,96,0,638,1.0514423076923078,BASE,4348119,0.12,REALITY_CALIBRATED_V2,PUBLIC_SCALE_PLUS_SYNTHETIC_PATTERN
2026-03-15,D01_PHU_MY,20GP,DEFICIT,0,92,5,5,87,21,108,0,0,92,16,0,0.7976352887676216,BASE,4348119,0.12,REALITY_CALIBRATED_V2,PUBLIC_SCALE_PLUS_SYNTHETIC_PATTERN
2026-03-15,D01_PHU_MY,40GP,SURPLUS,1719,80,4,5,44,10,54,0,0,54,0,1746,1.2831524303916944,BASE,4348119,0.12,REALITY_CALIBRATED_V2,PUBLIC_SCALE_PLUS_SYNTHETIC_PATTERN
2026-03-15,D01_PHU_MY,40HC,DEFICIT,0,79,3,4,63,26,89,0,0,80,9,0,0.8389720234222511,BASE,4348119,0.12,REALITY_CALIBRATED_V2,PUBLIC_SCALE_PLUS_SYNTHETIC_PATTERN
2026-03-15,D02_CAI_MEP,20GP,BALANCED,487,93,5,7,64,29,93,0,0,93,0,489,1.01956745623069,BASE,4348119,0.12,REALITY_CALIBRATED_V2,PUBLIC_SCALE_PLUS_SYNTHETIC_PATTERN
2026-03-15,D02_CAI_MEP,40GP,DEFICIT,0,53,2,3,45,8,53,0,0,53,0,1,0.7956777996070726,BASE,4348119,0.12,REALITY_CALIBRATED_V2,PUBLIC_SCALE_PLUS_SYNTHETIC_PATTERN
2026-03-15,D02_CAI_MEP,40HC,SURPLUS,2443,109,4,4,65,31,96,0,0,96,0,2456,1.2718279569892472,BASE,4348119,0.12,REALITY_CALIBRATED_V2,PUBLIC_SCALE_PLUS_SYNTHETIC_PATTERN
2026-03-15,D03_LONG_SON,20GP,SURPLUS,2230,107,5,7,67,15,82,0,0,82,0,2257,1.2269353128313891,BASE,4348119,0.12,REALITY_CALIBRATED_V2,PUBLIC_SCALE_PLUS_SYNTHETIC_PATTERN
2026-03-15,D03_LONG_SON,40GP,BALANCED,391,54,2,3,40,14,54,0,0,54,0,392,1.0261194029850744,BASE,4348119,0.12,REALITY_CALIBRATED_V2,PUBLIC_SCALE_PLUS_SYNTHETIC_PATTERN
2026-03-15,D03_LONG_SON,40HC,BALANCED,638,58,2,4,67,21,88,0,0,88,0,610,1.0514423076923078,BASE,4348119,0.12,REALITY_CALIBRATED_V2,PUBLIC_SCALE_PLUS_SYNTHETIC_PATTERN
2026-03-16,D01_PHU_MY,20GP,DEFICIT,0,118,6,5,103,51,154,0,0,117,37,0,0.7976352887676216,BASE,4348119,0.12,REALITY_CALIBRATED_V2,PUBLIC_SCALE_PLUS_SYNTHETIC_PATTERN
2026-03-16,D01_PHU_MY,40GP,SURPLUS,1746,131,6,4,76,26,102,0,0,102,0,1773,1.2831524303916944,BASE,4348119,0.12,REALITY_CALIBRATED_V2,PUBLIC_SCALE_PLUS_SYNTHETIC_PATTERN
2026-03-16,D01_PHU_MY,40HC,DEFICIT,0,105,4,3,102,36,138,0,0,104,34,0,0.8389720234222511,BASE,4348119,0.12,REALITY_CALIBRATED_V2,PUBLIC_SCALE_PLUS_SYNTHETIC_PATTERN
2026-03-16,D02_CAI_MEP,20GP,BALANCED,489,116,6,5,87,41,128,0,0,128,0,476,1.01956745623069,BASE,4348119,0.12,REALITY_CALIBRATED_V2,PUBLIC_SCALE_PLUS_SYNTHETIC_PATTERN
2026-03-16,D02_CAI_MEP,40GP,DEFICIT,1,66,3,2,56,18,74,0,0,66,8,0,0.7956777996070726,BASE,4348119,0.12,REALITY_CALIBRATED_V2,PUBLIC_SCALE_PLUS_SYNTHETIC_PATTERN
2026-03-16,D02_CAI_MEP,40HC,SURPLUS,2456,170,7,4,100,48,148,0,0,148,0,2475,1.2718279569892472,BASE,4348119,0.12,REALITY_CALIBRATED_V2,PUBLIC_SCALE_PLUS_SYNTHETIC_PATTERN
2026-03-16,D03_LONG_SON,20GP,SURPLUS,2257,133,7,5,144,20,164,0,0,164,0,2224,1.2269353128313891,BASE,4348119,0.12,REALITY_CALIBRATED_V2,PUBLIC_SCALE_PLUS_SYNTHETIC_PATTERN
2026-03-16,D03_LONG_SON,40GP,BALANCED,392,78,4,2,67,19,86,0,0,86,0,382,1.0261194029850744,BASE,4348119,0.12,REALITY_CALIBRATED_V2,PUBLIC_SCALE_PLUS_SYNTHETIC_PATTERN
2026-03-16,D03_LONG_SON,40HC,BALANCED,610,96,4,2,67,29,96,0,0,96,0,608,1.0514423076923078,BASE,4348119,0.12,REALITY_CALIBRATED_V2,PUBLIC_SCALE_PLUS_SYNTHETIC_PATTERN
2026-03-17,D01_PHU_MY,20GP,DEFICIT,0,113,6,6,143,31,174,0,0,113,61,0,0.7976352887676216,BASE,4348119,0.12,REALITY_CALIBRATED_V2,PUBLIC_SCALE_PLUS_SYNTHETIC_PATTERN
2026-03-17,D01_PHU_MY,40GP,SURPLUS,1773,64,3,6,32,9,41,0,0,41,0,1799,1.2831524303916944,BASE,4348119,0.12,REALITY_CALIBRATED_V2,PUBLIC_SCALE_PLUS_SYNTHETIC_PATTERN
2026-03-17,D01_PHU_MY,40HC,DEFICIT,0,96,4,4,83,36,119,0,0,96,23,0,0.8389720234222511,BASE,4348119,0.12,REALITY_CALIBRATED_V2,PUBLIC_SCALE_PLUS_SYNTHETIC_PATTERN
2026-03-17,D02_CAI_MEP,20GP,BALANCED,476,151,8,6,99,29,128,0,0,128,0,497,1.01956745623069,BASE,4348119,0.12,REALITY_CALIBRATED_V2,PUBLIC_SCALE_PLUS_SYNTHETIC_PATTERN
2026-03-17,D02_CAI_MEP,40GP,DEFICIT,0,48,2,3,69,29,98,0,0,49,49,0,0.7956777996070726,BASE,4348119,0.12,REALITY_CALIBRATED_V2,PUBLIC_SCALE_PLUS_SYNTHETIC_PATTERN
2026-03-17,D02_CAI_MEP,40HC,SURPLUS,2475,153,6,7,88,17,105,0,0,105,0,2524,1.2718279569892472,BASE,4348119,0.12,REALITY_CALIBRATED_V2,PUBLIC_SCALE_PLUS_SYNTHETIC_PATTERN
2026-03-17,D03_LONG_SON,20GP,SURPLUS,2224,123,6,7,112,26,138,0,0,138,0,2210,1.2269353128313891,BASE,4348119,0.12,REALITY_CALIBRATED_V2,PUBLIC_SCALE_PLUS_SYNTHETIC_PATTERN
2026-03-17,D03_LONG_SON,40GP,BALANCED,382,62,3,4,54,14,68,0,0,68,0,377,1.0261194029850744,BASE,4348119,0.12,REALITY_CALIBRATED_V2,PUBLIC_SCALE_PLUS_SYNTHETIC_PATTERN
2026-03-17,D03_LONG_SON,40HC,BALANCED,608,96,4,4,75,34,109,0,0,109,0,595,1.0514423076923078,BASE,4348119,0.12,REALITY_CALIBRATED_V2,PUBLIC_SCALE_PLUS_SYNTHETIC_PATTERN
2026-03-18,D01_PHU_MY,20GP,DEFICIT,0,72,4,6,113,15,128,0,0,74,54,0,0.7976352887676216,BASE,4348119,0.12,REALITY_CALIBRATED_V2,PUBLIC_SCALE_PLUS_SYNTHETIC_PATTERN
2026-03-18,D01_PHU_MY,40GP,SURPLUS,1799,89,4,3,82,10,92,0,0,92,0,1795,1.2831524303916944,BASE,4348119,0.12,REALITY_CALIBRATED_V2,PUBLIC_SCALE_PLUS_SYNTHETIC_PATTERN
2026-03-18,D01_PHU_MY,40HC,DEFICIT,0,102,4,4,86,39,125,0,0,102,23,0,0.8389720234222511,BASE,4348119,0.12,REALITY_CALIBRATED_V2,PUBLIC_SCALE_PLUS_SYNTHETIC_PATTERN
2026-03-18,D02_CAI_MEP,20GP,BALANCED,497,133,7,8,69,12,81,0,0,81,0,550,1.01956745623069,BASE,4348119,0.12,REALITY_CALIBRATED_V2,PUBLIC_SCALE_PLUS_SYNTHETIC_PATTERN
2026-03-18,D02_CAI_MEP,40GP,DEFICIT,0,69,3,2,56,24,80,0,0,68,12,0,0.7956777996070726,BASE,4348119,0.12,REALITY_CALIBRATED_V2,PUBLIC_SCALE_PLUS_SYNTHETIC_PATTERN
2026-03-18,D02_CAI_MEP,40HC,SURPLUS,2524,148,6,6,61,17,78,0,0,78,0,2594,1.2718279569892472,BASE,4348119,0.12,REALITY_CALIBRATED_V2,PUBLIC_SCALE_PLUS_SYNTHETIC_PATTERN
2026-03-18,D03_LONG_SON,20GP,SURPLUS,2210,123,6,6,76,31,107,0,0,107,0,2226,1.2269353128313891,BASE,4348119,0.12,REALITY_CALIBRATED_V2,PUBLIC_SCALE_PLUS_SYNTHETIC_PATTERN
2026-03-18,D03_LONG_SON,40GP,BALANCED,377,62,3,3,41,5,46,0,0,46,0,393,1.0261194029850744,BASE,4348119,0.12,REALITY_CALIBRATED_V2,PUBLIC_SCALE_PLUS_SYNTHETIC_PATTERN
2026-03-18,D03_LONG_SON,40HC,BALANCED,595,84,3,4,75,38,113,0,0,113,0,567,1.0514423076923078,BASE,4348119,0.12,REALITY_CALIBRATED_V2,PUBLIC_SCALE_PLUS_SYNTHETIC_PATTERN
2026-03-19,D01_PHU_MY,20GP,DEFICIT,0,159,8,4,112,36,148,0,0,148,0,7,0.7976352887676216,BASE,4348119,0.12,REALITY_CALIBRATED_V2,PUBLIC_SCALE_PLUS_SYNTHETIC_PATTERN
2026-03-19,D01_PHU_MY,40GP,SURPLUS,1795,131,6,4,45,22,67,0,0,67,0,1857,1.2831524303916944,BASE,4348119,0.12,REALITY_CALIBRATED_V2,PUBLIC_SCALE_PLUS_SYNTHETIC_PATTERN
2026-03-19,D01_PHU_MY,40HC,DEFICIT,0,148,6,4,115,30,145,0,0,145,0,1,0.8389720234222511,BASE,4348119,0.12,REALITY_CALIBRATED_V2,PUBLIC_SCALE_PLUS_SYNTHETIC_PATTERN
2026-03-19,D02_CAI_MEP,20GP,BALANCED,550,122,6,7,128,23,151,0,0,151,0,522,1.01956745623069,BASE,4348119,0.12,REALITY_CALIBRATED_V2,PUBLIC_SCALE_PLUS_SYNTHETIC_PATTERN
2026-03-19,D02_CAI_MEP,40GP,DEFICIT,0,74,3,3,56,26,82,0,0,74,8,0,0.7956777996070726,BASE,4348119,0.12,REALITY_CALIBRATED_V2,PUBLIC_SCALE_PLUS_SYNTHETIC_PATTERN
2026-03-19,D02_CAI_MEP,40HC,SURPLUS,2594,139,6,6,83,39,122,0,0,122,0,2611,1.2718279569892472,BASE,4348119,0.12,REALITY_CALIBRATED_V2,PUBLIC_SCALE_PLUS_SYNTHETIC_PATTERN
2026-03-19,D03_LONG_SON,20GP,SURPLUS,2226,138,7,6,87,20,107,0,0,107,0,2256,1.2269353128313891,BASE,4348119,0.12,REALITY_CALIBRATED_V2,PUBLIC_SCALE_PLUS_SYNTHETIC_PATTERN
2026-03-19,D03_LONG_SON,40GP,BALANCED,393,46,2,3,60,8,68,0,0,68,0,372,1.0261194029850744,BASE,4348119,0.12,REALITY_CALIBRATED_V2,PUBLIC_SCALE_PLUS_SYNTHETIC_PATTERN
2026-03-19,D03_LONG_SON,40HC,BALANCED,567,50,2,3,62,17,79,0,0,79,0,539,1.0514423076923078,BASE,4348119,0.12,REALITY_CALIBRATED_V2,PUBLIC_SCALE_PLUS_SYNTHETIC_PATTERN
2026-03-20,D01_PHU_MY,20GP,DEFICIT,7,143,7,8,77,20,97,0,0,97,0,54,0.7976352887676216,BASE,4348119,0.12,REALITY_CALIBRATED_V2,PUBLIC_SCALE_PLUS_SYNTHETIC_PATTERN
2026-03-20,D01_PHU_MY,40GP,SURPLUS,1857,134,6,6,51,19,70,0,0,70,0,1921,1.2831524303916944,BASE,4348119,0.12,REALITY_CALIBRATED_V2,PUBLIC_SCALE_PLUS_SYNTHETIC_PATTERN
2026-03-20,D01_PHU_MY,40HC,DEFICIT,1,132,5,6,95,20,115,0,0,115,0,19,0.8389720234222511,BASE,4348119,0.12,REALITY_CALIBRATED_V2,PUBLIC_SCALE_PLUS_SYNTHETIC_PATTERN
2026-03-20,D02_CAI_MEP,20GP,BALANCED,522,99,5,6,105,17,122,0,0,122,0,500,1.01956745623069,BASE,4348119,0.12,REALITY_CALIBRATED_V2,PUBLIC_SCALE_PLUS_SYNTHETIC_PATTERN
2026-03-20,D02_CAI_MEP,40GP,DEFICIT,0,35,2,3,56,18,74,0,0,36,38,0,0.7956777996070726,BASE,4348119,0.12,REALITY_CALIBRATED_V2,PUBLIC_SCALE_PLUS_SYNTHETIC_PATTERN
2026-03-20,D02_CAI_MEP,40HC,SURPLUS,2611,170,7,6,96,30,126,0,0,126,0,2654,1.2718279569892472,BASE,4348119,0.12,REALITY_CALIBRATED_V2,PUBLIC_SCALE_PLUS_SYNTHETIC_PATTERN
2026-03-20,D03_LONG_SON,20GP,SURPLUS,2256,148,7,7,108,10,118,0,0,118,0,2286,1.2269353128313891,BASE,4348119,0.12,REALITY_CALIBRATED_V2,PUBLIC_SCALE_PLUS_SYNTHETIC_PATTERN
2026-03-20,D03_LONG_SON,40GP,BALANCED,372,81,4,2,43,16,59,0,0,59,0,392,1.0261194029850744,BASE,4348119,0.12,REALITY_CALIBRATED_V2,PUBLIC_SCALE_PLUS_SYNTHETIC_PATTERN
2026-03-20,D03_LONG_SON,40HC,BALANCED,539,113,5,2,71,17,88,0,0,88,0,561,1.0514423076923078,BASE,4348119,0.12,REALITY_CALIBRATED_V2,PUBLIC_SCALE_PLUS_SYNTHETIC_PATTERN
2026-03-21,D01_PHU_MY,20GP,DEFICIT,54,67,3,7,97,21,118,0,0,118,0,7,0.7976352887676216,BASE,4348119,0.12,REALITY_CALIBRATED_V2,PUBLIC_SCALE_PLUS_SYNTHETIC_PATTERN
2026-03-21,D01_PHU_MY,40GP,SURPLUS,1921,61,3,6,35,19,54,0,0,54,0,1931,1.2831524303916944,BASE,4348119,0.12,REALITY_CALIBRATED_V2,PUBLIC_SCALE_PLUS_SYNTHETIC_PATTERN
2026-03-21,D01_PHU_MY,40HC,DEFICIT,19,59,2,5,66,33,99,0,0,81,18,0,0.8389720234222511,BASE,4348119,0.12,REALITY_CALIBRATED_V2,PUBLIC_SCALE_PLUS_SYNTHETIC_PATTERN
2026-03-21,D02_CAI_MEP,20GP,BALANCED,500,168,8,5,122,40,162,0,0,162,0,503,1.01956745623069,BASE,4348119,0.12,REALITY_CALIBRATED_V2,PUBLIC_SCALE_PLUS_SYNTHETIC_PATTERN
2026-03-21,D02_CAI_MEP,40GP,DEFICIT,0,56,3,2,53,11,64,0,0,55,9,0,0.7956777996070726,BASE,4348119,0.12,REALITY_CALIBRATED_V2,PUBLIC_SCALE_PLUS_SYNTHETIC_PATTERN
2026-03-21,D02_CAI_MEP,40HC,SURPLUS,2654,122,5,7,83,13,96,0,0,96,0,2682,1.2718279569892472,BASE,4348119,0.12,REALITY_CALIBRATED_V2,PUBLIC_SCALE_PLUS_SYNTHETIC_PATTERN
2026-03-21,D03_LONG_SON,20GP,SURPLUS,2286,118,6,7,72,15,87,0,0,87,0,2318,1.2269353128313891,BASE,4348119,0.12,REALITY_CALIBRATED_V2,PUBLIC_SCALE_PLUS_SYNTHETIC_PATTERN
2026-03-21,D03_LONG_SON,40GP,BALANCED,392,51,2,4,54,22,76,0,0,76,0,369,1.0261194029850744,BASE,4348119,0.12,REALITY_CALIBRATED_V2,PUBLIC_SCALE_PLUS_SYNTHETIC_PATTERN
2026-03-21,D03_LONG_SON,40HC,BALANCED,561,104,4,5,83,17,100,0,0,100,0,566,1.0514423076923078,BASE,4348119,0.12,REALITY_CALIBRATED_V2,PUBLIC_SCALE_PLUS_SYNTHETIC_PATTERN
2026-03-22,D01_PHU_MY,20GP,DEFICIT,7,61,3,3,61,26,87,0,0,68,19,0,0.7976352887676216,BASE,4348119,0.12,REALITY_CALIBRATED_V2,PUBLIC_SCALE_PLUS_SYNTHETIC_PATTERN
2026-03-22,D01_PHU_MY,40GP,SURPLUS,1931,64,3,3,44,13,57,0,0,57,0,1938,1.2831524303916944,BASE,4348119,0.12,REALITY_CALIBRATED_V2,PUBLIC_SCALE_PLUS_SYNTHETIC_PATTERN
2026-03-22,D01_PHU_MY,40HC,DEFICIT,0,76,3,2,66,13,79,0,0,75,4,0,0.8389720234222511,BASE,4348119,0.12,REALITY_CALIBRATED_V2,PUBLIC_SCALE_PLUS_SYNTHETIC_PATTERN
2026-03-22,D02_CAI_MEP,20GP,BALANCED,503,52,3,8,47,23,70,0,0,70,0,490,1.01956745623069,BASE,4348119,0.12,REALITY_CALIBRATED_V2,PUBLIC_SCALE_PLUS_SYNTHETIC_PATTERN
2026-03-22,D02_CAI_MEP,40GP,DEFICIT,0,27,1,3,48,21,69,0,0,29,40,0,0.7956777996070726,BASE,4348119,0.12,REALITY_CALIBRATED_V2,PUBLIC_SCALE_PLUS_SYNTHETIC_PATTERN
2026-03-22,D02_CAI_MEP,40HC,SURPLUS,2682,118,5,5,74,18,92,0,0,92,0,2708,1.2718279569892472,BASE,4348119,0.12,REALITY_CALIBRATED_V2,PUBLIC_SCALE_PLUS_SYNTHETIC_PATTERN
2026-03-22,D03_LONG_SON,20GP,SURPLUS,2318,97,5,6,51,21,72,0,0,72,0,2344,1.2269353128313891,BASE,4348119,0.12,REALITY_CALIBRATED_V2,PUBLIC_SCALE_PLUS_SYNTHETIC_PATTERN
2026-03-22,D03_LONG_SON,40GP,BALANCED,369,49,2,2,30,13,43,0,0,43,0,375,1.0261194029850744,BASE,4348119,0.12,REALITY_CALIBRATED_V2,PUBLIC_SCALE_PLUS_SYNTHETIC_PATTERN
2026-03-22,D03_LONG_SON,40HC,BALANCED,566,63,3,4,33,17,50,0,0,50,0,580,1.0514423076923078,BASE,4348119,0.12,REALITY_CALIBRATED_V2,PUBLIC_SCALE_PLUS_SYNTHETIC_PATTERN
2026-03-23,D01_PHU_MY,20GP,DEFICIT,0,92,5,3,92,10,102,0,0,90,12,0,0.7976352887676216,BASE,4348119,0.12,REALITY_CALIBRATED_V2,PUBLIC_SCALE_PLUS_SYNTHETIC_PATTERN
2026-03-23,D01_PHU_MY,40GP,SURPLUS,1938,92,4,3,55,6,61,0,0,61,0,1968,1.2831524303916944,BASE,4348119,0.12,REALITY_CALIBRATED_V2,PUBLIC_SCALE_PLUS_SYNTHETIC_PATTERN
2026-03-23,D01_PHU_MY,40HC,DEFICIT,0,89,4,3,96,13,109,0,0,88,21,0,0.8389720234222511,BASE,4348119,0.12,REALITY_CALIBRATED_V2,PUBLIC_SCALE_PLUS_SYNTHETIC_PATTERN
2026-03-23,D02_CAI_MEP,20GP,BALANCED,490,93,5,3,93,17,110,0,0,110,0,471,1.01956745623069,BASE,4348119,0.12,REALITY_CALIBRATED_V2,PUBLIC_SCALE_PLUS_SYNTHETIC_PATTERN
2026-03-23,D02_CAI_MEP,40GP,DEFICIT,0,66,3,1,66,16,82,0,0,64,18,0,0.7956777996070726,BASE,4348119,0.12,REALITY_CALIBRATED_V2,PUBLIC_SCALE_PLUS_SYNTHETIC_PATTERN
2026-03-23,D02_CAI_MEP,40HC,SURPLUS,2708,157,6,5,70,22,92,0,0,92,0,2772,1.2718279569892472,BASE,4348119,0.12,REALITY_CALIBRATED_V2,PUBLIC_SCALE_PLUS_SYNTHETIC_PATTERN
2026-03-23,D03_LONG_SON,20GP,SURPLUS,2344,97,5,5,71,31,102,0,0,102,0,2339,1.2269353128313891,BASE,4348119,0.12,REALITY_CALIBRATED_V2,PUBLIC_SCALE_PLUS_SYNTHETIC_PATTERN
2026-03-23,D03_LONG_SON,40GP,BALANCED,375,54,2,2,73,11,84,0,0,84,0,345,1.0261194029850744,BASE,4348119,0.12,REALITY_CALIBRATED_V2,PUBLIC_SCALE_PLUS_SYNTHETIC_PATTERN
2026-03-23,D03_LONG_SON,40HC,BALANCED,580,100,4,3,63,8,71,0,0,71,0,608,1.0514423076923078,BASE,4348119,0.12,REALITY_CALIBRATED_V2,PUBLIC_SCALE_PLUS_SYNTHETIC_PATTERN
2026-03-24,D01_PHU_MY,20GP,DEFICIT,0,87,4,5,82,15,97,0,0,88,9,0,0.7976352887676216,BASE,4348119,0.12,REALITY_CALIBRATED_V2,PUBLIC_SCALE_PLUS_SYNTHETIC_PATTERN
2026-03-24,D01_PHU_MY,40GP,SURPLUS,1968,105,5,4,48,6,54,0,0,54,0,2018,1.2831524303916944,BASE,4348119,0.12,REALITY_CALIBRATED_V2,PUBLIC_SCALE_PLUS_SYNTHETIC_PATTERN
2026-03-24,D01_PHU_MY,40HC,DEFICIT,0,73,3,4,95,10,105,0,0,74,31,0,0.8389720234222511,BASE,4348119,0.12,REALITY_CALIBRATED_V2,PUBLIC_SCALE_PLUS_SYNTHETIC_PATTERN
2026-03-24,D02_CAI_MEP,20GP,BALANCED,471,145,7,5,116,17,133,0,0,133,0,481,1.01956745623069,BASE,4348119,0.12,REALITY_CALIBRATED_V2,PUBLIC_SCALE_PLUS_SYNTHETIC_PATTERN
2026-03-24,D02_CAI_MEP,40GP,DEFICIT,0,56,3,3,61,8,69,0,0,56,13,0,0.7956777996070726,BASE,4348119,0.12,REALITY_CALIBRATED_V2,PUBLIC_SCALE_PLUS_SYNTHETIC_PATTERN
2026-03-24,D02_CAI_MEP,40HC,SURPLUS,2772,118,5,6,65,9,74,0,0,74,0,2817,1.2718279569892472,BASE,4348119,0.12,REALITY_CALIBRATED_V2,PUBLIC_SCALE_PLUS_SYNTHETIC_PATTERN
2026-03-24,D03_LONG_SON,20GP,SURPLUS,2339,138,7,5,122,26,148,0,0,148,0,2327,1.2269353128313891,BASE,4348119,0.12,REALITY_CALIBRATED_V2,PUBLIC_SCALE_PLUS_SYNTHETIC_PATTERN
2026-03-24,D03_LONG_SON,40GP,BALANCED,345,68,3,2,43,22,65,0,0,65,0,347,1.0261194029850744,BASE,4348119,0.12,REALITY_CALIBRATED_V2,PUBLIC_SCALE_PLUS_SYNTHETIC_PATTERN
2026-03-24,D03_LONG_SON,40HC,BALANCED,608,79,3,4,84,25,109,0,0,109,0,579,1.0514423076923078,BASE,4348119,0.12,REALITY_CALIBRATED_V2,PUBLIC_SCALE_PLUS_SYNTHETIC_PATTERN
2026-03-25,D01_PHU_MY,20GP,DEFICIT,0,92,5,4,92,21,113,0,0,91,22,0,0.7976352887676216,BASE,4348119,0.12,REALITY_CALIBRATED_V2,PUBLIC_SCALE_PLUS_SYNTHETIC_PATTERN
2026-03-25,D01_PHU_MY,40GP,SURPLUS,2018,64,3,5,76,26,102,0,0,102,0,1982,1.2831524303916944,BASE,4348119,0.12,REALITY_CALIBRATED_V2,PUBLIC_SCALE_PLUS_SYNTHETIC_PATTERN
2026-03-25,D01_PHU_MY,40HC,DEFICIT,0,135,5,3,72,33,105,0,0,105,0,28,0.8389720234222511,BASE,4348119,0.12,REALITY_CALIBRATED_V2,PUBLIC_SCALE_PLUS_SYNTHETIC_PATTERN
2026-03-25,D02_CAI_MEP,20GP,BALANCED,481,180,9,7,87,23,110,0,0,110,0,549,1.01956745623069,BASE,4348119,0.12,REALITY_CALIBRATED_V2,PUBLIC_SCALE_PLUS_SYNTHETIC_PATTERN
2026-03-25,D02_CAI_MEP,40GP,DEFICIT,0,74,3,3,35,13,48,0,0,48,0,26,0.7956777996070726,BASE,4348119,0.12,REALITY_CALIBRATED_V2,PUBLIC_SCALE_PLUS_SYNTHETIC_PATTERN
2026-03-25,D02_CAI_MEP,40HC,SURPLUS,2817,161,6,5,83,9,92,0,0,92,0,2885,1.2718279569892472,BASE,4348119,0.12,REALITY_CALIBRATED_V2,PUBLIC_SCALE_PLUS_SYNTHETIC_PATTERN
2026-03-25,D03_LONG_SON,20GP,SURPLUS,2327,159,8,7,66,31,97,0,0,97,0,2388,1.2269353128313891,BASE,4348119,0.12,REALITY_CALIBRATED_V2,PUBLIC_SCALE_PLUS_SYNTHETIC_PATTERN
2026-03-25,D03_LONG_SON,40GP,BALANCED,347,51,2,3,40,11,51,0,0,51,0,348,1.0261194029850744,BASE,4348119,0.12,REALITY_CALIBRATED_V2,PUBLIC_SCALE_PLUS_SYNTHETIC_PATTERN
2026-03-25,D03_LONG_SON,40HC,BALANCED,579,67,3,3,50,4,54,0,0,54,0,592,1.0514423076923078,BASE,4348119,0.12,REALITY_CALIBRATED_V2,PUBLIC_SCALE_PLUS_SYNTHETIC_PATTERN
2026-03-26,D01_PHU_MY,20GP,DEFICIT,0,128,6,5,92,21,113,0,0,113,0,14,0.7976352887676216,BASE,4348119,0.12,REALITY_CALIBRATED_V2,PUBLIC_SCALE_PLUS_SYNTHETIC_PATTERN
2026-03-26,D01_PHU_MY,40GP,SURPLUS,1982,131,6,3,38,19,57,0,0,57,0,2053,1.2831524303916944,BASE,4348119,0.12,REALITY_CALIBRATED_V2,PUBLIC_SCALE_PLUS_SYNTHETIC_PATTERN
2026-03-26,D01_PHU_MY,40HC,DEFICIT,28,79,3,5,63,33,96,0,0,96,0,13,0.8389720234222511,BASE,4348119,0.12,REALITY_CALIBRATED_V2,PUBLIC_SCALE_PLUS_SYNTHETIC_PATTERN
2026-03-26,D02_CAI_MEP,20GP,BALANCED,549,110,6,9,81,12,93,0,0,93,0,569,1.01956745623069,BASE,4348119,0.12,REALITY_CALIBRATED_V2,PUBLIC_SCALE_PLUS_SYNTHETIC_PATTERN
2026-03-26,D02_CAI_MEP,40GP,DEFICIT,26,53,2,3,61,21,82,0,0,80,2,0,0.7956777996070726,BASE,4348119,0.12,REALITY_CALIBRATED_V2,PUBLIC_SCALE_PLUS_SYNTHETIC_PATTERN
2026-03-26,D02_CAI_MEP,40HC,SURPLUS,2885,135,5,6,65,13,78,0,0,78,0,2943,1.2718279569892472,BASE,4348119,0.12,REALITY_CALIBRATED_V2,PUBLIC_SCALE_PLUS_SYNTHETIC_PATTERN
2026-03-26,D03_LONG_SON,20GP,SURPLUS,2388,138,7,8,71,26,97,0,0,97,0,2430,1.2269353128313891,BASE,4348119,0.12,REALITY_CALIBRATED_V2,PUBLIC_SCALE_PLUS_SYNTHETIC_PATTERN
2026-03-26,D03_LONG_SON,40GP,BALANCED,348,65,3,2,51,27,78,0,0,78,0,334,1.0261194029850744,BASE,4348119,0.12,REALITY_CALIBRATED_V2,PUBLIC_SCALE_PLUS_SYNTHETIC_PATTERN
2026-03-26,D03_LONG_SON,40HC,BALANCED,592,129,5,3,58,13,71,0,0,71,0,648,1.0514423076923078,BASE,4348119,0.12,REALITY_CALIBRATED_V2,PUBLIC_SCALE_PLUS_SYNTHETIC_PATTERN
2026-03-27,D01_PHU_MY,20GP,DEFICIT,14,87,4,6,67,15,82,0,0,82,0,21,0.7976352887676216,BASE,4348119,0.12,REALITY_CALIBRATED_V2,PUBLIC_SCALE_PLUS_SYNTHETIC_PATTERN
2026-03-27,D01_PHU_MY,40GP,SURPLUS,2053,73,3,6,39,6,45,0,0,45,0,2084,1.2831524303916944,BASE,4348119,0.12,REALITY_CALIBRATED_V2,PUBLIC_SCALE_PLUS_SYNTHETIC_PATTERN
2026-03-27,D01_PHU_MY,40HC,DEFICIT,13,89,4,3,62,30,92,0,0,92,0,9,0.8389720234222511,BASE,4348119,0.12,REALITY_CALIBRATED_V2,PUBLIC_SCALE_PLUS_SYNTHETIC_PATTERN
2026-03-27,D02_CAI_MEP,20GP,BALANCED,569,180,9,6,104,35,139,0,0,139,0,607,1.01956745623069,BASE,4348119,0.12,REALITY_CALIBRATED_V2,PUBLIC_SCALE_PLUS_SYNTHETIC_PATTERN
2026-03-27,D02_CAI_MEP,40GP,DEFICIT,0,69,3,2,59,21,80,0,0,68,12,0,0.7956777996070726,BASE,4348119,0.12,REALITY_CALIBRATED_V2,PUBLIC_SCALE_PLUS_SYNTHETIC_PATTERN
2026-03-27,D02_CAI_MEP,40HC,SURPLUS,2943,179,7,5,127,17,144,0,0,144,0,2976,1.2718279569892472,BASE,4348119,0.12,REALITY_CALIBRATED_V2,PUBLIC_SCALE_PLUS_SYNTHETIC_PATTERN
2026-03-27,D03_LONG_SON,20GP,SURPLUS,2430,97,5,7,82,41,123,0,0,123,0,2406,1.2269353128313891,BASE,4348119,0.12,REALITY_CALIBRATED_V2,PUBLIC_SCALE_PLUS_SYNTHETIC_PATTERN
2026-03-27,D03_LONG_SON,40GP,BALANCED,334,73,3,3,35,14,49,0,0,49,0,358,1.0261194029850744,BASE,4348119,0.12,REALITY_CALIBRATED_V2,PUBLIC_SCALE_PLUS_SYNTHETIC_PATTERN
2026-03-27,D03_LONG_SON,40HC,BALANCED,648,100,4,5,71,21,92,0,0,92,0,657,1.0514423076923078,BASE,4348119,0.12,REALITY_CALIBRATED_V2,PUBLIC_SCALE_PLUS_SYNTHETIC_PATTERN
2026-03-28,D01_PHU_MY,20GP,DEFICIT,21,97,5,4,51,26,77,0,0,77,0,40,0.7976352887676216,BASE,4348119,0.12,REALITY_CALIBRATED_V2,PUBLIC_SCALE_PLUS_SYNTHETIC_PATTERN
2026-03-28,D01_PHU_MY,40GP,SURPLUS,2084,70,3,3,45,16,61,0,0,61,0,2093,1.2831524303916944,BASE,4348119,0.12,REALITY_CALIBRATED_V2,PUBLIC_SCALE_PLUS_SYNTHETIC_PATTERN
2026-03-28,D01_PHU_MY,40HC,DEFICIT,9,112,4,4,73,26,99,0,0,99,0,22,0.8389720234222511,BASE,4348119,0.12,REALITY_CALIBRATED_V2,PUBLIC_SCALE_PLUS_SYNTHETIC_PATTERN
2026-03-28,D02_CAI_MEP,20GP,BALANCED,607,128,6,9,76,23,99,0,0,99,0,639,1.01956745623069,BASE,4348119,0.12,REALITY_CALIBRATED_V2,PUBLIC_SCALE_PLUS_SYNTHETIC_PATTERN
2026-03-28,D02_CAI_MEP,40GP,DEFICIT,0,50,2,3,56,16,72,0,0,51,21,0,0.7956777996070726,BASE,4348119,0.12,REALITY_CALIBRATED_V2,PUBLIC_SCALE_PLUS_SYNTHETIC_PATTERN
2026-03-28,D02_CAI_MEP,40HC,SURPLUS,2976,118,5,7,70,13,83,0,0,83,0,3013,1.2718279569892472,BASE,4348119,0.12,REALITY_CALIBRATED_V2,PUBLIC_SCALE_PLUS_SYNTHETIC_PATTERN
2026-03-28,D03_LONG_SON,20GP,SURPLUS,2406,107,5,5,51,5,56,0,0,56,0,2457,1.2269353128313891,BASE,4348119,0.12,REALITY_CALIBRATED_V2,PUBLIC_SCALE_PLUS_SYNTHETIC_PATTERN
2026-03-28,D03_LONG_SON,40GP,BALANCED,358,41,2,3,49,24,73,0,0,73,0,327,1.0261194029850744,BASE,4348119,0.12,REALITY_CALIBRATED_V2,PUBLIC_SCALE_PLUS_SYNTHETIC_PATTERN
2026-03-28,D03_LONG_SON,40HC,BALANCED,657,117,5,4,59,8,67,0,0,67,0,706,1.0514423076923078,BASE,4348119,0.12,REALITY_CALIBRATED_V2,PUBLIC_SCALE_PLUS_SYNTHETIC_PATTERN
2026-03-29,D01_PHU_MY,20GP,DEFICIT,40,61,3,5,56,26,82,0,0,82,0,21,0.7976352887676216,BASE,4348119,0.12,REALITY_CALIBRATED_V2,PUBLIC_SCALE_PLUS_SYNTHETIC_PATTERN
2026-03-29,D01_PHU_MY,40GP,SURPLUS,2093,57,3,3,54,10,64,0,0,64,0,2086,1.2831524303916944,BASE,4348119,0.12,REALITY_CALIBRATED_V2,PUBLIC_SCALE_PLUS_SYNTHETIC_PATTERN
2026-03-29,D01_PHU_MY,40HC,DEFICIT,22,79,3,4,79,17,96,0,0,96,0,6,0.8389720234222511,BASE,4348119,0.12,REALITY_CALIBRATED_V2,PUBLIC_SCALE_PLUS_SYNTHETIC_PATTERN
2026-03-29,D02_CAI_MEP,20GP,BALANCED,639,58,3,6,64,23,87,0,0,87,0,613,1.01956745623069,BASE,4348119,0.12,REALITY_CALIBRATED_V2,PUBLIC_SCALE_PLUS_SYNTHETIC_PATTERN
2026-03-29,D02_CAI_MEP,40GP,DEFICIT,0,32,1,2,47,11,58,0,0,33,25,0,0.7956777996070726,BASE,4348119,0.12,REALITY_CALIBRATED_V2,PUBLIC_SCALE_PLUS_SYNTHETIC_PATTERN
2026-03-29,D02_CAI_MEP,40HC,SURPLUS,3013,83,3,5,83,9,92,0,0,92,0,3006,1.2718279569892472,BASE,4348119,0.12,REALITY_CALIBRATED_V2,PUBLIC_SCALE_PLUS_SYNTHETIC_PATTERN
2026-03-29,D03_LONG_SON,20GP,SURPLUS,2457,87,4,5,51,10,61,0,0,61,0,2484,1.2269353128313891,BASE,4348119,0.12,REALITY_CALIBRATED_V2,PUBLIC_SCALE_PLUS_SYNTHETIC_PATTERN
2026-03-29,D03_LONG_SON,40GP,BALANCED,327,57,3,2,27,5,32,0,0,32,0,351,1.0261194029850744,BASE,4348119,0.12,REALITY_CALIBRATED_V2,PUBLIC_SCALE_PLUS_SYNTHETIC_PATTERN
2026-03-29,D03_LONG_SON,40HC,BALANCED,706,50,2,5,59,29,88,0,0,88,0,671,1.0514423076923078,BASE,4348119,0.12,REALITY_CALIBRATED_V2,PUBLIC_SCALE_PLUS_SYNTHETIC_PATTERN
2026-03-30,D01_PHU_MY,20GP,DEFICIT,21,102,5,3,133,31,164,0,0,121,43,0,0.7976352887676216,BASE,4348119,0.12,REALITY_CALIBRATED_V2,PUBLIC_SCALE_PLUS_SYNTHETIC_PATTERN
2026-03-30,D01_PHU_MY,40GP,SURPLUS,2086,89,4,3,41,10,51,0,0,51,0,2123,1.2831524303916944,BASE,4348119,0.12,REALITY_CALIBRATED_V2,PUBLIC_SCALE_PLUS_SYNTHETIC_PATTERN
2026-03-30,D01_PHU_MY,40HC,DEFICIT,6,69,3,3,112,13,125,0,0,75,50,0,0.8389720234222511,BASE,4348119,0.12,REALITY_CALIBRATED_V2,PUBLIC_SCALE_PLUS_SYNTHETIC_PATTERN
2026-03-30,D02_CAI_MEP,20GP,BALANCED,613,99,5,3,69,35,104,0,0,104,0,606,1.01956745623069,BASE,4348119,0.12,REALITY_CALIBRATED_V2,PUBLIC_SCALE_PLUS_SYNTHETIC_PATTERN
2026-03-30,D02_CAI_MEP,40GP,DEFICIT,0,56,3,1,56,13,69,0,0,54,15,0,0.7956777996070726,BASE,4348119,0.12,REALITY_CALIBRATED_V2,PUBLIC_SCALE_PLUS_SYNTHETIC_PATTERN
2026-03-30,D02_CAI_MEP,40HC,SURPLUS,3006,179,7,3,92,17,109,0,0,109,0,3072,1.2718279569892472,BASE,4348119,0.12,REALITY_CALIBRATED_V2,PUBLIC_SCALE_PLUS_SYNTHETIC_PATTERN
2026-03-30,D03_LONG_SON,20GP,SURPLUS,2484,133,7,4,97,26,123,0,0,123,0,2491,1.2269353128313891,BASE,4348119,0.12,REALITY_CALIBRATED_V2,PUBLIC_SCALE_PLUS_SYNTHETIC_PATTERN
2026-03-30,D03_LONG_SON,40GP,BALANCED,351,43,2,3,38,11,49,0,0,49,0,346,1.0261194029850744,BASE,4348119,0.12,REALITY_CALIBRATED_V2,PUBLIC_SCALE_PLUS_SYNTHETIC_PATTERN
2026-03-30,D03_LONG_SON,40HC,BALANCED,671,92,4,2,75,13,88,0,0,88,0,673,1.0514423076923078,BASE,4348119,0.12,REALITY_CALIBRATED_V2,PUBLIC_SCALE_PLUS_SYNTHETIC_PATTERN
2026-03-31,D01_PHU_MY,20GP,DEFICIT,0,67,3,5,97,51,148,0,0,69,79,0,0.7976352887676216,BASE,4348119,0.12,REALITY_CALIBRATED_V2,PUBLIC_SCALE_PLUS_SYNTHETIC_PATTERN
2026-03-31,D01_PHU_MY,40GP,SURPLUS,2123,99,4,4,73,16,89,0,0,89,0,2133,1.2831524303916944,BASE,4348119,0.12,REALITY_CALIBRATED_V2,PUBLIC_SCALE_PLUS_SYNTHETIC_PATTERN
2026-03-31,D01_PHU_MY,40HC,DEFICIT,0,76,3,3,145,17,162,0,0,76,86,0,0.8389720234222511,BASE,4348119,0.12,REALITY_CALIBRATED_V2,PUBLIC_SCALE_PLUS_SYNTHETIC_PATTERN
2026-03-31,D02_CAI_MEP,20GP,BALANCED,606,122,6,5,104,35,139,0,0,139,0,588,1.01956745623069,BASE,4348119,0.12,REALITY_CALIBRATED_V2,PUBLIC_SCALE_PLUS_SYNTHETIC_PATTERN
2026-03-31,D02_CAI_MEP,40GP,DEFICIT,0,48,2,3,79,11,90,0,0,49,41,0,0.7956777996070726,BASE,4348119,0.12,REALITY_CALIBRATED_V2,PUBLIC_SCALE_PLUS_SYNTHETIC_PATTERN
2026-03-31,D02_CAI_MEP,40HC,SURPLUS,3072,135,5,7,92,26,118,0,0,118,0,3091,1.2718279569892472,BASE,4348119,0.12,REALITY_CALIBRATED_V2,PUBLIC_SCALE_PLUS_SYNTHETIC_PATTERN
2026-03-31,D03_LONG_SON,20GP,SURPLUS,2491,133,7,7,108,15,123,0,0,123,0,2501,1.2269353128313891,BASE,4348119,0.12,REALITY_CALIBRATED_V2,PUBLIC_SCALE_PLUS_SYNTHETIC_PATTERN
2026-03-31,D03_LONG_SON,40GP,BALANCED,346,59,3,2,52,16,68,0,0,68,0,336,1.0261194029850744,BASE,4348119,0.12,REALITY_CALIBRATED_V2,PUBLIC_SCALE_PLUS_SYNTHETIC_PATTERN
2026-03-31,D03_LONG_SON,40HC,BALANCED,673,142,6,4,59,25,84,0,0,84,0,729,1.0514423076923078,BASE,4348119,0.12,REALITY_CALIBRATED_V2,PUBLIC_SCALE_PLUS_SYNTHETIC_PATTERN
