Date,Depot_ID,Container_Type,Spatial_Role,Opening_Available,Empty_Return,Repair_In,Repair_Out,Confirmed_Booking,Forecast_Demand,Total_Demand,ECR_In,ECR_Out,Empty_Release,Shortage,Closing_Available,Imbalance_Ratio,Calibration_Scenario,Reference_TEU_Year,Relevant_Empty_Ratio,Data_Source,Data_Quality
2026-01-01,D01_PHU_MY,20GP,DEFICIT,500,96,5,0,178,27,205,0,0,205,0,386,0.7976352887676216,HIGH,4348119,0.16,REALITY_CALIBRATED_V2,PUBLIC_SCALE_PLUS_SYNTHETIC_PATTERN
2026-01-01,D01_PHU_MY,40GP,SURPLUS,301,123,6,0,85,26,111,0,0,111,0,307,1.2831524303916944,HIGH,4348119,0.16,REALITY_CALIBRATED_V2,PUBLIC_SCALE_PLUS_SYNTHETIC_PATTERN
2026-01-01,D01_PHU_MY,40HC,DEFICIT,450,123,5,0,136,22,158,0,0,158,0,410,0.8389720234222511,HIGH,4348119,0.16,REALITY_CALIBRATED_V2,PUBLIC_SCALE_PLUS_SYNTHETIC_PATTERN
2026-01-01,D02_CAI_MEP,20GP,BALANCED,500,193,10,0,193,31,224,0,0,224,0,459,1.01956745623069,HIGH,4348119,0.16,REALITY_CALIBRATED_V2,PUBLIC_SCALE_PLUS_SYNTHETIC_PATTERN
2026-01-01,D02_CAI_MEP,40GP,DEFICIT,300,85,4,0,82,28,110,0,0,110,0,271,0.7956777996070726,HIGH,4348119,0.16,REALITY_CALIBRATED_V2,PUBLIC_SCALE_PLUS_SYNTHETIC_PATTERN
2026-01-01,D02_CAI_MEP,40HC,SURPLUS,450,227,9,0,105,46,151,0,0,151,0,517,1.2718279569892472,HIGH,4348119,0.16,REALITY_CALIBRATED_V2,PUBLIC_SCALE_PLUS_SYNTHETIC_PATTERN
2026-01-01,D03_LONG_SON,20GP,SURPLUS,429,171,9,0,150,21,171,0,0,171,0,420,1.2269353128313891,HIGH,4348119,0.16,REALITY_CALIBRATED_V2,PUBLIC_SCALE_PLUS_SYNTHETIC_PATTERN
2026-01-01,D03_LONG_SON,40GP,BALANCED,257,54,2,0,65,18,83,0,0,83,0,226,1.0261194029850744,HIGH,4348119,0.16,REALITY_CALIBRATED_V2,PUBLIC_SCALE_PLUS_SYNTHETIC_PATTERN
2026-01-01,D03_LONG_SON,40HC,BALANCED,386,111,4,0,167,45,212,0,0,212,0,281,1.0514423076923078,HIGH,4348119,0.16,REALITY_CALIBRATED_V2,PUBLIC_SCALE_PLUS_SYNTHETIC_PATTERN
2026-01-02,D01_PHU_MY,20GP,DEFICIT,386,171,9,5,116,21,137,0,0,137,0,416,0.7976352887676216,HIGH,4348119,0.16,REALITY_CALIBRATED_V2,PUBLIC_SCALE_PLUS_SYNTHETIC_PATTERN
2026-01-02,D01_PHU_MY,40GP,SURPLUS,307,153,7,6,81,25,106,0,0,106,0,353,1.2831524303916944,HIGH,4348119,0.16,REALITY_CALIBRATED_V2,PUBLIC_SCALE_PLUS_SYNTHETIC_PATTERN
2026-01-02,D01_PHU_MY,40HC,DEFICIT,410,154,6,5,118,18,136,0,0,136,0,427,0.8389720234222511,HIGH,4348119,0.16,REALITY_CALIBRATED_V2,PUBLIC_SCALE_PLUS_SYNTHETIC_PATTERN
2026-01-02,D02_CAI_MEP,20GP,BALANCED,459,294,15,10,201,23,224,0,0,224,0,524,1.01956745623069,HIGH,4348119,0.16,REALITY_CALIBRATED_V2,PUBLIC_SCALE_PLUS_SYNTHETIC_PATTERN
2026-01-02,D02_CAI_MEP,40GP,DEFICIT,271,106,5,4,78,28,106,0,0,106,0,270,0.7956777996070726,HIGH,4348119,0.16,REALITY_CALIBRATED_V2,PUBLIC_SCALE_PLUS_SYNTHETIC_PATTERN
2026-01-02,D02_CAI_MEP,40HC,SURPLUS,517,203,8,9,122,35,157,0,0,157,0,564,1.2718279569892472,HIGH,4348119,0.16,REALITY_CALIBRATED_V2,PUBLIC_SCALE_PLUS_SYNTHETIC_PATTERN
2026-01-02,D03_LONG_SON,20GP,SURPLUS,420,252,13,9,109,34,143,0,0,143,0,525,1.2269353128313891,HIGH,4348119,0.16,REALITY_CALIBRATED_V2,PUBLIC_SCALE_PLUS_SYNTHETIC_PATTERN
2026-01-02,D03_LONG_SON,40GP,BALANCED,226,108,5,2,58,14,72,0,0,72,0,259,1.0261194029850744,HIGH,4348119,0.16,REALITY_CALIBRATED_V2,PUBLIC_SCALE_PLUS_SYNTHETIC_PATTERN
2026-01-02,D03_LONG_SON,40HC,BALANCED,281,145,6,4,134,39,173,0,0,173,0,251,1.0514423076923078,HIGH,4348119,0.16,REALITY_CALIBRATED_V2,PUBLIC_SCALE_PLUS_SYNTHETIC_PATTERN
2026-01-03,D01_PHU_MY,20GP,DEFICIT,416,102,5,9,103,34,137,0,0,137,0,385,0.7976352887676216,HIGH,4348119,0.16,REALITY_CALIBRATED_V2,PUBLIC_SCALE_PLUS_SYNTHETIC_PATTERN
2026-01-03,D01_PHU_MY,40GP,SURPLUS,353,115,5,7,60,17,77,0,0,77,0,393,1.2831524303916944,HIGH,4348119,0.16,REALITY_CALIBRATED_V2,PUBLIC_SCALE_PLUS_SYNTHETIC_PATTERN
2026-01-03,D01_PHU_MY,40HC,DEFICIT,427,127,5,6,101,22,123,0,0,123,0,432,0.8389720234222511,HIGH,4348119,0.16,REALITY_CALIBRATED_V2,PUBLIC_SCALE_PLUS_SYNTHETIC_PATTERN
2026-01-03,D02_CAI_MEP,20GP,BALANCED,524,124,6,15,193,70,263,0,0,263,0,394,1.01956745623069,HIGH,4348119,0.16,REALITY_CALIBRATED_V2,PUBLIC_SCALE_PLUS_SYNTHETIC_PATTERN
2026-01-03,D02_CAI_MEP,40GP,DEFICIT,270,81,4,5,74,18,92,0,0,92,0,260,0.7956777996070726,HIGH,4348119,0.16,REALITY_CALIBRATED_V2,PUBLIC_SCALE_PLUS_SYNTHETIC_PATTERN
2026-01-03,D02_CAI_MEP,40HC,SURPLUS,564,139,6,8,99,17,116,0,0,116,0,589,1.2718279569892472,HIGH,4348119,0.16,REALITY_CALIBRATED_V2,PUBLIC_SCALE_PLUS_SYNTHETIC_PATTERN
2026-01-03,D03_LONG_SON,20GP,SURPLUS,525,191,10,13,103,27,130,0,0,130,0,589,1.2269353128313891,HIGH,4348119,0.16,REALITY_CALIBRATED_V2,PUBLIC_SCALE_PLUS_SYNTHETIC_PATTERN
2026-01-03,D03_LONG_SON,40GP,BALANCED,259,72,3,5,47,18,65,0,0,65,0,268,1.0261194029850744,HIGH,4348119,0.16,REALITY_CALIBRATED_V2,PUBLIC_SCALE_PLUS_SYNTHETIC_PATTERN
2026-01-03,D03_LONG_SON,40HC,BALANCED,251,89,4,6,89,22,111,0,0,111,0,231,1.0514423076923078,HIGH,4348119,0.16,REALITY_CALIBRATED_V2,PUBLIC_SCALE_PLUS_SYNTHETIC_PATTERN
2026-01-04,D01_PHU_MY,20GP,DEFICIT,385,102,5,5,82,27,109,0,0,109,0,378,0.7976352887676216,HIGH,4348119,0.16,REALITY_CALIBRATED_V2,PUBLIC_SCALE_PLUS_SYNTHETIC_PATTERN
2026-01-04,D01_PHU_MY,40GP,SURPLUS,393,81,4,5,60,17,77,0,0,77,0,398,1.2831524303916944,HIGH,4348119,0.16,REALITY_CALIBRATED_V2,PUBLIC_SCALE_PLUS_SYNTHETIC_PATTERN
2026-01-04,D01_PHU_MY,40HC,DEFICIT,432,158,6,5,149,18,167,0,0,167,0,422,0.8389720234222511,HIGH,4348119,0.16,REALITY_CALIBRATED_V2,PUBLIC_SCALE_PLUS_SYNTHETIC_PATTERN
2026-01-04,D02_CAI_MEP,20GP,BALANCED,394,54,3,6,70,15,85,0,0,85,0,366,1.01956745623069,HIGH,4348119,0.16,REALITY_CALIBRATED_V2,PUBLIC_SCALE_PLUS_SYNTHETIC_PATTERN
2026-01-04,D02_CAI_MEP,40GP,DEFICIT,260,42,2,4,60,25,85,0,0,85,0,219,0.7956777996070726,HIGH,4348119,0.16,REALITY_CALIBRATED_V2,PUBLIC_SCALE_PLUS_SYNTHETIC_PATTERN
2026-01-04,D02_CAI_MEP,40HC,SURPLUS,589,186,7,6,105,29,134,0,0,134,0,640,1.2718279569892472,HIGH,4348119,0.16,REALITY_CALIBRATED_V2,PUBLIC_SCALE_PLUS_SYNTHETIC_PATTERN
2026-01-04,D03_LONG_SON,20GP,SURPLUS,589,130,6,10,102,48,150,0,0,150,0,573,1.2269353128313891,HIGH,4348119,0.16,REALITY_CALIBRATED_V2,PUBLIC_SCALE_PLUS_SYNTHETIC_PATTERN
2026-01-04,D03_LONG_SON,40GP,BALANCED,268,76,3,3,54,18,72,0,0,72,0,272,1.0261194029850744,HIGH,4348119,0.16,REALITY_CALIBRATED_V2,PUBLIC_SCALE_PLUS_SYNTHETIC_PATTERN
2026-01-04,D03_LONG_SON,40HC,BALANCED,231,117,5,4,95,44,139,0,0,139,0,208,1.0514423076923078,HIGH,4348119,0.16,REALITY_CALIBRATED_V2,PUBLIC_SCALE_PLUS_SYNTHETIC_PATTERN
2026-01-05,D01_PHU_MY,20GP,DEFICIT,378,157,8,5,123,61,184,0,0,184,0,348,0.7976352887676216,HIGH,4348119,0.16,REALITY_CALIBRATED_V2,PUBLIC_SCALE_PLUS_SYNTHETIC_PATTERN
2026-01-05,D01_PHU_MY,40GP,SURPLUS,398,153,7,4,119,21,140,0,0,140,0,408,1.2831524303916944,HIGH,4348119,0.16,REALITY_CALIBRATED_V2,PUBLIC_SCALE_PLUS_SYNTHETIC_PATTERN
2026-01-05,D01_PHU_MY,40HC,DEFICIT,422,136,5,6,110,26,136,0,0,136,0,423,0.8389720234222511,HIGH,4348119,0.16,REALITY_CALIBRATED_V2,PUBLIC_SCALE_PLUS_SYNTHETIC_PATTERN
2026-01-05,D02_CAI_MEP,20GP,BALANCED,366,162,8,3,155,46,201,0,0,201,0,322,1.01956745623069,HIGH,4348119,0.16,REALITY_CALIBRATED_V2,PUBLIC_SCALE_PLUS_SYNTHETIC_PATTERN
2026-01-05,D02_CAI_MEP,40GP,DEFICIT,219,103,5,2,81,18,99,0,0,99,0,220,0.7956777996070726,HIGH,4348119,0.16,REALITY_CALIBRATED_V2,PUBLIC_SCALE_PLUS_SYNTHETIC_PATTERN
2026-01-05,D02_CAI_MEP,40HC,SURPLUS,640,244,10,7,111,23,134,0,0,134,0,747,1.2718279569892472,HIGH,4348119,0.16,REALITY_CALIBRATED_V2,PUBLIC_SCALE_PLUS_SYNTHETIC_PATTERN
2026-01-05,D03_LONG_SON,20GP,SURPLUS,573,191,10,6,102,21,123,0,0,123,0,637,1.2269353128313891,HIGH,4348119,0.16,REALITY_CALIBRATED_V2,PUBLIC_SCALE_PLUS_SYNTHETIC_PATTERN
2026-01-05,D03_LONG_SON,40GP,BALANCED,272,101,5,3,79,25,104,0,0,104,0,267,1.0261194029850744,HIGH,4348119,0.16,REALITY_CALIBRATED_V2,PUBLIC_SCALE_PLUS_SYNTHETIC_PATTERN
2026-01-05,D03_LONG_SON,40HC,BALANCED,208,122,5,5,128,22,150,0,0,150,0,180,1.0514423076923078,HIGH,4348119,0.16,REALITY_CALIBRATED_V2,PUBLIC_SCALE_PLUS_SYNTHETIC_PATTERN
2026-01-06,D01_PHU_MY,20GP,DEFICIT,348,109,5,8,136,41,177,0,0,177,0,283,0.7976352887676216,HIGH,4348119,0.16,REALITY_CALIBRATED_V2,PUBLIC_SCALE_PLUS_SYNTHETIC_PATTERN
2026-01-06,D01_PHU_MY,40GP,SURPLUS,408,153,7,7,81,34,115,0,0,115,0,446,1.2831524303916944,HIGH,4348119,0.16,REALITY_CALIBRATED_V2,PUBLIC_SCALE_PLUS_SYNTHETIC_PATTERN
2026-01-06,D01_PHU_MY,40HC,DEFICIT,423,163,7,5,140,40,180,0,0,180,0,404,0.8389720234222511,HIGH,4348119,0.16,REALITY_CALIBRATED_V2,PUBLIC_SCALE_PLUS_SYNTHETIC_PATTERN
2026-01-06,D02_CAI_MEP,20GP,BALANCED,322,170,8,8,139,54,193,0,0,193,0,299,1.01956745623069,HIGH,4348119,0.16,REALITY_CALIBRATED_V2,PUBLIC_SCALE_PLUS_SYNTHETIC_PATTERN
2026-01-06,D02_CAI_MEP,40GP,DEFICIT,220,131,6,5,74,32,106,0,0,106,0,244,0.7956777996070726,HIGH,4348119,0.16,REALITY_CALIBRATED_V2,PUBLIC_SCALE_PLUS_SYNTHETIC_PATTERN
2026-01-06,D02_CAI_MEP,40HC,SURPLUS,747,139,6,10,168,41,209,0,0,209,0,681,1.2718279569892472,HIGH,4348119,0.16,REALITY_CALIBRATED_V2,PUBLIC_SCALE_PLUS_SYNTHETIC_PATTERN
2026-01-06,D03_LONG_SON,20GP,SURPLUS,637,191,10,10,116,48,164,0,0,164,0,664,1.2269353128313891,HIGH,4348119,0.16,REALITY_CALIBRATED_V2,PUBLIC_SCALE_PLUS_SYNTHETIC_PATTERN
2026-01-06,D03_LONG_SON,40GP,BALANCED,267,94,4,5,57,11,68,0,0,68,0,294,1.0261194029850744,HIGH,4348119,0.16,REALITY_CALIBRATED_V2,PUBLIC_SCALE_PLUS_SYNTHETIC_PATTERN
2026-01-06,D03_LONG_SON,40HC,BALANCED,180,95,4,5,111,11,122,0,0,122,0,154,1.0514423076923078,HIGH,4348119,0.16,REALITY_CALIBRATED_V2,PUBLIC_SCALE_PLUS_SYNTHETIC_PATTERN
2026-01-07,D01_PHU_MY,20GP,DEFICIT,283,184,9,5,143,34,177,0,0,177,0,286,0.7976352887676216,HIGH,4348119,0.16,REALITY_CALIBRATED_V2,PUBLIC_SCALE_PLUS_SYNTHETIC_PATTERN
2026-01-07,D01_PHU_MY,40GP,SURPLUS,446,166,7,7,73,38,111,0,0,111,0,501,1.2831524303916944,HIGH,4348119,0.16,REALITY_CALIBRATED_V2,PUBLIC_SCALE_PLUS_SYNTHETIC_PATTERN
2026-01-07,D01_PHU_MY,40HC,DEFICIT,404,127,5,7,132,35,167,0,0,167,0,366,0.8389720234222511,HIGH,4348119,0.16,REALITY_CALIBRATED_V2,PUBLIC_SCALE_PLUS_SYNTHETIC_PATTERN
2026-01-07,D02_CAI_MEP,20GP,BALANCED,299,139,7,8,124,46,170,0,0,170,0,269,1.01956745623069,HIGH,4348119,0.16,REALITY_CALIBRATED_V2,PUBLIC_SCALE_PLUS_SYNTHETIC_PATTERN
2026-01-07,D02_CAI_MEP,40GP,DEFICIT,244,81,4,6,103,35,138,0,0,138,0,189,0.7956777996070726,HIGH,4348119,0.16,REALITY_CALIBRATED_V2,PUBLIC_SCALE_PLUS_SYNTHETIC_PATTERN
2026-01-07,D02_CAI_MEP,40HC,SURPLUS,681,198,8,6,128,52,180,0,0,180,0,697,1.2718279569892472,HIGH,4348119,0.16,REALITY_CALIBRATED_V2,PUBLIC_SCALE_PLUS_SYNTHETIC_PATTERN
2026-01-07,D03_LONG_SON,20GP,SURPLUS,664,164,8,10,102,21,123,0,0,123,0,707,1.2269353128313891,HIGH,4348119,0.16,REALITY_CALIBRATED_V2,PUBLIC_SCALE_PLUS_SYNTHETIC_PATTERN
2026-01-07,D03_LONG_SON,40GP,BALANCED,294,65,3,4,94,14,108,0,0,108,0,252,1.0261194029850744,HIGH,4348119,0.16,REALITY_CALIBRATED_V2,PUBLIC_SCALE_PLUS_SYNTHETIC_PATTERN
2026-01-07,D03_LONG_SON,40HC,BALANCED,154,167,7,4,111,39,150,0,0,150,0,168,1.0514423076923078,HIGH,4348119,0.16,REALITY_CALIBRATED_V2,PUBLIC_SCALE_PLUS_SYNTHETIC_PATTERN
2026-01-08,D01_PHU_MY,20GP,DEFICIT,286,116,6,9,157,20,177,0,0,177,0,228,0.7976352887676216,HIGH,4348119,0.16,REALITY_CALIBRATED_V2,PUBLIC_SCALE_PLUS_SYNTHETIC_PATTERN
2026-01-08,D01_PHU_MY,40GP,SURPLUS,501,145,7,7,128,17,145,0,0,145,0,501,1.2831524303916944,HIGH,4348119,0.16,REALITY_CALIBRATED_V2,PUBLIC_SCALE_PLUS_SYNTHETIC_PATTERN
2026-01-08,D01_PHU_MY,40HC,DEFICIT,366,105,4,5,114,35,149,0,0,149,0,323,0.8389720234222511,HIGH,4348119,0.16,REALITY_CALIBRATED_V2,PUBLIC_SCALE_PLUS_SYNTHETIC_PATTERN
2026-01-08,D02_CAI_MEP,20GP,BALANCED,269,216,11,7,170,39,209,0,0,209,0,272,1.01956745623069,HIGH,4348119,0.16,REALITY_CALIBRATED_V2,PUBLIC_SCALE_PLUS_SYNTHETIC_PATTERN
2026-01-08,D02_CAI_MEP,40GP,DEFICIT,189,131,6,4,85,11,96,0,0,96,0,222,0.7956777996070726,HIGH,4348119,0.16,REALITY_CALIBRATED_V2,PUBLIC_SCALE_PLUS_SYNTHETIC_PATTERN
2026-01-08,D02_CAI_MEP,40HC,SURPLUS,697,221,9,8,145,29,174,0,0,174,0,743,1.2718279569892472,HIGH,4348119,0.16,REALITY_CALIBRATED_V2,PUBLIC_SCALE_PLUS_SYNTHETIC_PATTERN
2026-01-08,D03_LONG_SON,20GP,SURPLUS,707,177,9,8,109,41,150,0,0,150,0,733,1.2269353128313891,HIGH,4348119,0.16,REALITY_CALIBRATED_V2,PUBLIC_SCALE_PLUS_SYNTHETIC_PATTERN
2026-01-08,D03_LONG_SON,40GP,BALANCED,252,119,5,3,90,29,119,0,0,119,0,250,1.0261194029850744,HIGH,4348119,0.16,REALITY_CALIBRATED_V2,PUBLIC_SCALE_PLUS_SYNTHETIC_PATTERN
2026-01-08,D03_LONG_SON,40HC,BALANCED,168,223,9,7,145,28,173,0,0,173,0,216,1.0514423076923078,HIGH,4348119,0.16,REALITY_CALIBRATED_V2,PUBLIC_SCALE_PLUS_SYNTHETIC_PATTERN
2026-01-09,D01_PHU_MY,20GP,DEFICIT,228,150,8,6,157,48,205,0,0,205,0,171,0.7976352887676216,HIGH,4348119,0.16,REALITY_CALIBRATED_V2,PUBLIC_SCALE_PLUS_SYNTHETIC_PATTERN
2026-01-09,D01_PHU_MY,40GP,SURPLUS,501,115,5,7,81,38,119,0,0,119,0,499,1.2831524303916944,HIGH,4348119,0.16,REALITY_CALIBRATED_V2,PUBLIC_SCALE_PLUS_SYNTHETIC_PATTERN
2026-01-09,D01_PHU_MY,40HC,DEFICIT,323,149,6,4,136,44,180,0,0,180,0,290,0.8389720234222511,HIGH,4348119,0.16,REALITY_CALIBRATED_V2,PUBLIC_SCALE_PLUS_SYNTHETIC_PATTERN
2026-01-09,D02_CAI_MEP,20GP,BALANCED,272,317,16,11,147,23,170,0,0,170,0,414,1.01956745623069,HIGH,4348119,0.16,REALITY_CALIBRATED_V2,PUBLIC_SCALE_PLUS_SYNTHETIC_PATTERN
2026-01-09,D02_CAI_MEP,40GP,DEFICIT,222,117,5,6,56,25,81,0,0,81,0,259,0.7956777996070726,HIGH,4348119,0.16,REALITY_CALIBRATED_V2,PUBLIC_SCALE_PLUS_SYNTHETIC_PATTERN
2026-01-09,D02_CAI_MEP,40HC,SURPLUS,743,168,7,9,105,52,157,0,0,157,0,756,1.2718279569892472,HIGH,4348119,0.16,REALITY_CALIBRATED_V2,PUBLIC_SCALE_PLUS_SYNTHETIC_PATTERN
2026-01-09,D03_LONG_SON,20GP,SURPLUS,733,191,10,9,102,34,136,0,0,136,0,787,1.2269353128313891,HIGH,4348119,0.16,REALITY_CALIBRATED_V2,PUBLIC_SCALE_PLUS_SYNTHETIC_PATTERN
2026-01-09,D03_LONG_SON,40GP,BALANCED,250,115,5,5,97,22,119,0,0,119,0,246,1.0261194029850744,HIGH,4348119,0.16,REALITY_CALIBRATED_V2,PUBLIC_SCALE_PLUS_SYNTHETIC_PATTERN
2026-01-09,D03_LONG_SON,40HC,BALANCED,216,189,8,9,95,22,117,0,0,117,0,289,1.0514423076923078,HIGH,4348119,0.16,REALITY_CALIBRATED_V2,PUBLIC_SCALE_PLUS_SYNTHETIC_PATTERN
2026-01-10,D01_PHU_MY,20GP,DEFICIT,171,137,7,8,88,14,102,0,0,102,0,207,0.7976352887676216,HIGH,4348119,0.16,REALITY_CALIBRATED_V2,PUBLIC_SCALE_PLUS_SYNTHETIC_PATTERN
2026-01-10,D01_PHU_MY,40GP,SURPLUS,499,123,6,5,64,21,85,0,0,85,0,536,1.2831524303916944,HIGH,4348119,0.16,REALITY_CALIBRATED_V2,PUBLIC_SCALE_PLUS_SYNTHETIC_PATTERN
2026-01-10,D01_PHU_MY,40HC,DEFICIT,290,110,4,6,101,13,114,0,0,114,0,288,0.8389720234222511,HIGH,4348119,0.16,REALITY_CALIBRATED_V2,PUBLIC_SCALE_PLUS_SYNTHETIC_PATTERN
2026-01-10,D02_CAI_MEP,20GP,BALANCED,414,147,7,16,108,16,124,0,0,124,0,446,1.01956745623069,HIGH,4348119,0.16,REALITY_CALIBRATED_V2,PUBLIC_SCALE_PLUS_SYNTHETIC_PATTERN
2026-01-10,D02_CAI_MEP,40GP,DEFICIT,259,71,3,5,53,11,64,0,0,64,0,268,0.7956777996070726,HIGH,4348119,0.16,REALITY_CALIBRATED_V2,PUBLIC_SCALE_PLUS_SYNTHETIC_PATTERN
2026-01-10,D02_CAI_MEP,40HC,SURPLUS,756,168,7,7,82,23,105,0,0,105,0,819,1.2718279569892472,HIGH,4348119,0.16,REALITY_CALIBRATED_V2,PUBLIC_SCALE_PLUS_SYNTHETIC_PATTERN
2026-01-10,D03_LONG_SON,20GP,SURPLUS,787,184,9,10,95,41,136,0,0,136,0,836,1.2269353128313891,HIGH,4348119,0.16,REALITY_CALIBRATED_V2,PUBLIC_SCALE_PLUS_SYNTHETIC_PATTERN
2026-01-10,D03_LONG_SON,40GP,BALANCED,246,126,6,5,87,25,112,0,0,112,0,259,1.0261194029850744,HIGH,4348119,0.16,REALITY_CALIBRATED_V2,PUBLIC_SCALE_PLUS_SYNTHETIC_PATTERN
2026-01-10,D03_LONG_SON,40HC,BALANCED,289,134,5,8,117,39,156,0,0,156,0,270,1.0514423076923078,HIGH,4348119,0.16,REALITY_CALIBRATED_V2,PUBLIC_SCALE_PLUS_SYNTHETIC_PATTERN
2026-01-11,D01_PHU_MY,20GP,DEFICIT,207,96,5,7,89,41,130,0,0,130,0,175,0.7976352887676216,HIGH,4348119,0.16,REALITY_CALIBRATED_V2,PUBLIC_SCALE_PLUS_SYNTHETIC_PATTERN
2026-01-11,D01_PHU_MY,40GP,SURPLUS,536,81,4,6,68,34,102,0,0,102,0,517,1.2831524303916944,HIGH,4348119,0.16,REALITY_CALIBRATED_V2,PUBLIC_SCALE_PLUS_SYNTHETIC_PATTERN
2026-01-11,D01_PHU_MY,40HC,DEFICIT,288,88,4,4,97,48,145,0,0,145,0,231,0.8389720234222511,HIGH,4348119,0.16,REALITY_CALIBRATED_V2,PUBLIC_SCALE_PLUS_SYNTHETIC_PATTERN
2026-01-11,D02_CAI_MEP,20GP,BALANCED,446,77,4,7,140,15,155,0,0,155,0,371,1.01956745623069,HIGH,4348119,0.16,REALITY_CALIBRATED_V2,PUBLIC_SCALE_PLUS_SYNTHETIC_PATTERN
2026-01-11,D02_CAI_MEP,40GP,DEFICIT,268,85,4,3,71,14,85,0,0,85,0,267,0.7956777996070726,HIGH,4348119,0.16,REALITY_CALIBRATED_V2,PUBLIC_SCALE_PLUS_SYNTHETIC_PATTERN
2026-01-11,D02_CAI_MEP,40HC,SURPLUS,819,163,7,7,64,17,81,0,0,81,0,901,1.2718279569892472,HIGH,4348119,0.16,REALITY_CALIBRATED_V2,PUBLIC_SCALE_PLUS_SYNTHETIC_PATTERN
2026-01-11,D03_LONG_SON,20GP,SURPLUS,836,157,8,9,88,14,102,0,0,102,0,892,1.2269353128313891,HIGH,4348119,0.16,REALITY_CALIBRATED_V2,PUBLIC_SCALE_PLUS_SYNTHETIC_PATTERN
2026-01-11,D03_LONG_SON,40GP,BALANCED,259,40,2,6,36,18,54,0,0,54,0,249,1.0261194029850744,HIGH,4348119,0.16,REALITY_CALIBRATED_V2,PUBLIC_SCALE_PLUS_SYNTHETIC_PATTERN
2026-01-11,D03_LONG_SON,40HC,BALANCED,270,145,6,5,89,45,134,0,0,134,0,280,1.0514423076923078,HIGH,4348119,0.16,REALITY_CALIBRATED_V2,PUBLIC_SCALE_PLUS_SYNTHETIC_PATTERN
2026-01-12,D01_PHU_MY,20GP,DEFICIT,175,164,8,5,178,68,246,0,0,246,0,90,0.7976352887676216,HIGH,4348119,0.16,REALITY_CALIBRATED_V2,PUBLIC_SCALE_PLUS_SYNTHETIC_PATTERN
2026-01-12,D01_PHU_MY,40GP,SURPLUS,517,162,7,4,98,42,140,0,0,140,0,536,1.2831524303916944,HIGH,4348119,0.16,REALITY_CALIBRATED_V2,PUBLIC_SCALE_PLUS_SYNTHETIC_PATTERN
2026-01-12,D01_PHU_MY,40HC,DEFICIT,231,145,6,4,88,26,114,0,0,114,0,260,0.8389720234222511,HIGH,4348119,0.16,REALITY_CALIBRATED_V2,PUBLIC_SCALE_PLUS_SYNTHETIC_PATTERN
2026-01-12,D02_CAI_MEP,20GP,BALANCED,371,185,9,4,124,54,178,0,0,178,0,373,1.01956745623069,HIGH,4348119,0.16,REALITY_CALIBRATED_V2,PUBLIC_SCALE_PLUS_SYNTHETIC_PATTERN
2026-01-12,D02_CAI_MEP,40GP,DEFICIT,267,71,3,4,81,39,120,0,0,120,0,219,0.7956777996070726,HIGH,4348119,0.16,REALITY_CALIBRATED_V2,PUBLIC_SCALE_PLUS_SYNTHETIC_PATTERN
2026-01-12,D02_CAI_MEP,40HC,SURPLUS,901,261,10,7,151,41,192,0,0,192,0,967,1.2718279569892472,HIGH,4348119,0.16,REALITY_CALIBRATED_V2,PUBLIC_SCALE_PLUS_SYNTHETIC_PATTERN
2026-01-12,D03_LONG_SON,20GP,SURPLUS,892,232,12,8,177,34,211,0,0,211,0,909,1.2269353128313891,HIGH,4348119,0.16,REALITY_CALIBRATED_V2,PUBLIC_SCALE_PLUS_SYNTHETIC_PATTERN
2026-01-12,D03_LONG_SON,40GP,BALANCED,249,97,4,2,90,22,112,0,0,112,0,232,1.0261194029850744,HIGH,4348119,0.16,REALITY_CALIBRATED_V2,PUBLIC_SCALE_PLUS_SYNTHETIC_PATTERN
2026-01-12,D03_LONG_SON,40HC,BALANCED,280,117,5,6,161,28,189,0,0,189,0,209,1.0514423076923078,HIGH,4348119,0.16,REALITY_CALIBRATED_V2,PUBLIC_SCALE_PLUS_SYNTHETIC_PATTERN
2026-01-13,D01_PHU_MY,20GP,DEFICIT,90,157,8,8,137,27,164,0,0,164,0,83,0.7976352887676216,HIGH,4348119,0.16,REALITY_CALIBRATED_V2,PUBLIC_SCALE_PLUS_SYNTHETIC_PATTERN
2026-01-13,D01_PHU_MY,40GP,SURPLUS,536,115,5,7,77,17,94,0,0,94,0,559,1.2831524303916944,HIGH,4348119,0.16,REALITY_CALIBRATED_V2,PUBLIC_SCALE_PLUS_SYNTHETIC_PATTERN
2026-01-13,D01_PHU_MY,40HC,DEFICIT,260,141,6,6,127,22,149,0,0,149,0,252,0.8389720234222511,HIGH,4348119,0.16,REALITY_CALIBRATED_V2,PUBLIC_SCALE_PLUS_SYNTHETIC_PATTERN
2026-01-13,D02_CAI_MEP,20GP,BALANCED,373,124,6,9,162,23,185,0,0,185,0,315,1.01956745623069,HIGH,4348119,0.16,REALITY_CALIBRATED_V2,PUBLIC_SCALE_PLUS_SYNTHETIC_PATTERN
2026-01-13,D02_CAI_MEP,40GP,DEFICIT,219,71,3,3,89,21,110,0,0,110,0,180,0.7956777996070726,HIGH,4348119,0.16,REALITY_CALIBRATED_V2,PUBLIC_SCALE_PLUS_SYNTHETIC_PATTERN
2026-01-13,D02_CAI_MEP,40HC,SURPLUS,967,198,8,10,175,23,198,0,0,198,0,969,1.2718279569892472,HIGH,4348119,0.16,REALITY_CALIBRATED_V2,PUBLIC_SCALE_PLUS_SYNTHETIC_PATTERN
2026-01-13,D03_LONG_SON,20GP,SURPLUS,909,191,10,12,123,34,157,0,0,157,0,945,1.2269353128313891,HIGH,4348119,0.16,REALITY_CALIBRATED_V2,PUBLIC_SCALE_PLUS_SYNTHETIC_PATTERN
2026-01-13,D03_LONG_SON,40GP,BALANCED,232,108,5,4,122,18,140,0,0,140,0,199,1.0261194029850744,HIGH,4348119,0.16,REALITY_CALIBRATED_V2,PUBLIC_SCALE_PLUS_SYNTHETIC_PATTERN
2026-01-13,D03_LONG_SON,40HC,BALANCED,209,139,6,5,173,50,223,0,0,223,0,124,1.0514423076923078,HIGH,4348119,0.16,REALITY_CALIBRATED_V2,PUBLIC_SCALE_PLUS_SYNTHETIC_PATTERN
2026-01-14,D01_PHU_MY,20GP,DEFICIT,83,171,9,8,95,48,143,0,0,143,0,110,0.7976352887676216,HIGH,4348119,0.16,REALITY_CALIBRATED_V2,PUBLIC_SCALE_PLUS_SYNTHETIC_PATTERN
2026-01-14,D01_PHU_MY,40GP,SURPLUS,559,153,7,5,93,13,106,0,0,106,0,604,1.2831524303916944,HIGH,4348119,0.16,REALITY_CALIBRATED_V2,PUBLIC_SCALE_PLUS_SYNTHETIC_PATTERN
2026-01-14,D01_PHU_MY,40HC,DEFICIT,252,110,4,6,93,48,141,0,0,141,0,223,0.8389720234222511,HIGH,4348119,0.16,REALITY_CALIBRATED_V2,PUBLIC_SCALE_PLUS_SYNTHETIC_PATTERN
2026-01-14,D02_CAI_MEP,20GP,BALANCED,315,185,9,6,162,23,185,0,0,185,0,312,1.01956745623069,HIGH,4348119,0.16,REALITY_CALIBRATED_V2,PUBLIC_SCALE_PLUS_SYNTHETIC_PATTERN
2026-01-14,D02_CAI_MEP,40GP,DEFICIT,180,74,3,3,60,28,88,0,0,88,0,166,0.7956777996070726,HIGH,4348119,0.16,REALITY_CALIBRATED_V2,PUBLIC_SCALE_PLUS_SYNTHETIC_PATTERN
2026-01-14,D02_CAI_MEP,40HC,SURPLUS,969,192,8,8,139,70,209,0,0,209,0,952,1.2718279569892472,HIGH,4348119,0.16,REALITY_CALIBRATED_V2,PUBLIC_SCALE_PLUS_SYNTHETIC_PATTERN
2026-01-14,D03_LONG_SON,20GP,SURPLUS,945,205,10,10,157,20,177,0,0,177,0,973,1.2269353128313891,HIGH,4348119,0.16,REALITY_CALIBRATED_V2,PUBLIC_SCALE_PLUS_SYNTHETIC_PATTERN
2026-01-14,D03_LONG_SON,40GP,BALANCED,199,97,4,5,47,7,54,0,0,54,0,243,1.0261194029850744,HIGH,4348119,0.16,REALITY_CALIBRATED_V2,PUBLIC_SCALE_PLUS_SYNTHETIC_PATTERN
2026-01-14,D03_LONG_SON,40HC,BALANCED,124,173,7,6,89,17,106,0,0,106,0,190,1.0514423076923078,HIGH,4348119,0.16,REALITY_CALIBRATED_V2,PUBLIC_SCALE_PLUS_SYNTHETIC_PATTERN
2026-01-15,D01_PHU_MY,20GP,DEFICIT,110,123,6,9,144,27,171,0,0,171,0,65,0.7976352887676216,HIGH,4348119,0.16,REALITY_CALIBRATED_V2,PUBLIC_SCALE_PLUS_SYNTHETIC_PATTERN
2026-01-15,D01_PHU_MY,40GP,SURPLUS,604,123,6,7,68,34,102,0,0,102,0,626,1.2831524303916944,HIGH,4348119,0.16,REALITY_CALIBRATED_V2,PUBLIC_SCALE_PLUS_SYNTHETIC_PATTERN
2026-01-15,D01_PHU_MY,40HC,DEFICIT,223,141,6,4,149,22,171,0,0,171,0,191,0.8389720234222511,HIGH,4348119,0.16,REALITY_CALIBRATED_V2,PUBLIC_SCALE_PLUS_SYNTHETIC_PATTERN
2026-01-15,D02_CAI_MEP,20GP,BALANCED,312,124,6,9,139,46,185,0,0,185,0,254,1.01956745623069,HIGH,4348119,0.16,REALITY_CALIBRATED_V2,PUBLIC_SCALE_PLUS_SYNTHETIC_PATTERN
2026-01-15,D02_CAI_MEP,40GP,DEFICIT,166,67,3,3,57,28,85,0,0,85,0,148,0.7956777996070726,HIGH,4348119,0.16,REALITY_CALIBRATED_V2,PUBLIC_SCALE_PLUS_SYNTHETIC_PATTERN
2026-01-15,D02_CAI_MEP,40HC,SURPLUS,952,157,6,8,111,52,163,0,0,163,0,948,1.2718279569892472,HIGH,4348119,0.16,REALITY_CALIBRATED_V2,PUBLIC_SCALE_PLUS_SYNTHETIC_PATTERN
2026-01-15,D03_LONG_SON,20GP,SURPLUS,973,177,9,10,102,34,136,0,0,136,0,1015,1.2269353128313891,HIGH,4348119,0.16,REALITY_CALIBRATED_V2,PUBLIC_SCALE_PLUS_SYNTHETIC_PATTERN
2026-01-15,D03_LONG_SON,40GP,BALANCED,243,126,6,4,75,22,97,0,0,97,0,270,1.0261194029850744,HIGH,4348119,0.16,REALITY_CALIBRATED_V2,PUBLIC_SCALE_PLUS_SYNTHETIC_PATTERN
2026-01-15,D03_LONG_SON,40HC,BALANCED,190,217,9,7,139,50,189,0,0,189,0,216,1.0514423076923078,HIGH,4348119,0.16,REALITY_CALIBRATED_V2,PUBLIC_SCALE_PLUS_SYNTHETIC_PATTERN
2026-01-16,D01_PHU_MY,20GP,DEFICIT,65,150,8,6,109,34,143,0,0,143,0,70,0.7976352887676216,HIGH,4348119,0.16,REALITY_CALIBRATED_V2,PUBLIC_SCALE_PLUS_SYNTHETIC_PATTERN
2026-01-16,D01_PHU_MY,40GP,SURPLUS,626,149,7,6,85,26,111,0,0,111,0,663,1.2831524303916944,HIGH,4348119,0.16,REALITY_CALIBRATED_V2,PUBLIC_SCALE_PLUS_SYNTHETIC_PATTERN
2026-01-16,D01_PHU_MY,40HC,DEFICIT,191,83,3,6,118,31,149,0,0,149,0,128,0.8389720234222511,HIGH,4348119,0.16,REALITY_CALIBRATED_V2,PUBLIC_SCALE_PLUS_SYNTHETIC_PATTERN
2026-01-16,D02_CAI_MEP,20GP,BALANCED,254,201,10,6,155,46,201,0,0,201,0,250,1.01956745623069,HIGH,4348119,0.16,REALITY_CALIBRATED_V2,PUBLIC_SCALE_PLUS_SYNTHETIC_PATTERN
2026-01-16,D02_CAI_MEP,40GP,DEFICIT,148,110,5,3,78,21,99,0,0,99,0,157,0.7956777996070726,HIGH,4348119,0.16,REALITY_CALIBRATED_V2,PUBLIC_SCALE_PLUS_SYNTHETIC_PATTERN
2026-01-16,D02_CAI_MEP,40HC,SURPLUS,948,186,7,6,99,52,151,0,0,151,0,982,1.2718279569892472,HIGH,4348119,0.16,REALITY_CALIBRATED_V2,PUBLIC_SCALE_PLUS_SYNTHETIC_PATTERN
2026-01-16,D03_LONG_SON,20GP,SURPLUS,1015,191,10,9,129,48,177,0,0,177,0,1028,1.2269353128313891,HIGH,4348119,0.16,REALITY_CALIBRATED_V2,PUBLIC_SCALE_PLUS_SYNTHETIC_PATTERN
2026-01-16,D03_LONG_SON,40GP,BALANCED,270,97,4,6,72,14,86,0,0,86,0,283,1.0261194029850744,HIGH,4348119,0.16,REALITY_CALIBRATED_V2,PUBLIC_SCALE_PLUS_SYNTHETIC_PATTERN
2026-01-16,D03_LONG_SON,40HC,BALANCED,216,128,5,9,95,44,139,0,0,139,0,209,1.0514423076923078,HIGH,4348119,0.16,REALITY_CALIBRATED_V2,PUBLIC_SCALE_PLUS_SYNTHETIC_PATTERN
2026-01-17,D01_PHU_MY,20GP,DEFICIT,70,137,7,8,116,21,137,0,0,137,0,71,0.7976352887676216,HIGH,4348119,0.16,REALITY_CALIBRATED_V2,PUBLIC_SCALE_PLUS_SYNTHETIC_PATTERN
2026-01-17,D01_PHU_MY,40GP,SURPLUS,663,123,6,7,77,34,111,0,0,111,0,676,1.2831524303916944,HIGH,4348119,0.16,REALITY_CALIBRATED_V2,PUBLIC_SCALE_PLUS_SYNTHETIC_PATTERN
2026-01-17,D01_PHU_MY,40HC,DEFICIT,128,110,4,3,114,40,154,0,0,154,0,83,0.8389720234222511,HIGH,4348119,0.16,REALITY_CALIBRATED_V2,PUBLIC_SCALE_PLUS_SYNTHETIC_PATTERN
2026-01-17,D02_CAI_MEP,20GP,BALANCED,250,124,6,10,85,15,100,0,0,100,0,278,1.01956745623069,HIGH,4348119,0.16,REALITY_CALIBRATED_V2,PUBLIC_SCALE_PLUS_SYNTHETIC_PATTERN
2026-01-17,D02_CAI_MEP,40GP,DEFICIT,157,67,3,5,56,18,74,0,0,74,0,152,0.7956777996070726,HIGH,4348119,0.16,REALITY_CALIBRATED_V2,PUBLIC_SCALE_PLUS_SYNTHETIC_PATTERN
2026-01-17,D02_CAI_MEP,40HC,SURPLUS,982,174,7,7,110,41,151,0,0,151,0,1005,1.2718279569892472,HIGH,4348119,0.16,REALITY_CALIBRATED_V2,PUBLIC_SCALE_PLUS_SYNTHETIC_PATTERN
2026-01-17,D03_LONG_SON,20GP,SURPLUS,1028,218,11,10,109,41,150,0,0,150,0,1095,1.2269353128313891,HIGH,4348119,0.16,REALITY_CALIBRATED_V2,PUBLIC_SCALE_PLUS_SYNTHETIC_PATTERN
2026-01-17,D03_LONG_SON,40GP,BALANCED,283,97,4,4,61,18,79,0,0,79,0,301,1.0261194029850744,HIGH,4348119,0.16,REALITY_CALIBRATED_V2,PUBLIC_SCALE_PLUS_SYNTHETIC_PATTERN
2026-01-17,D03_LONG_SON,40HC,BALANCED,209,178,7,5,106,39,145,0,0,145,0,240,1.0514423076923078,HIGH,4348119,0.16,REALITY_CALIBRATED_V2,PUBLIC_SCALE_PLUS_SYNTHETIC_PATTERN
2026-01-18,D01_PHU_MY,20GP,DEFICIT,71,102,5,7,123,14,137,0,0,137,0,38,0.7976352887676216,HIGH,4348119,0.16,REALITY_CALIBRATED_V2,PUBLIC_SCALE_PLUS_SYNTHETIC_PATTERN
2026-01-18,D01_PHU_MY,40GP,SURPLUS,676,102,5,6,94,21,115,0,0,115,0,664,1.2831524303916944,HIGH,4348119,0.16,REALITY_CALIBRATED_V2,PUBLIC_SCALE_PLUS_SYNTHETIC_PATTERN
2026-01-18,D01_PHU_MY,40HC,DEFICIT,83,44,2,4,92,18,110,0,0,110,0,19,0.8389720234222511,HIGH,4348119,0.16,REALITY_CALIBRATED_V2,PUBLIC_SCALE_PLUS_SYNTHETIC_PATTERN
2026-01-18,D02_CAI_MEP,20GP,BALANCED,278,116,6,6,54,8,62,0,0,62,0,332,1.01956745623069,HIGH,4348119,0.16,REALITY_CALIBRATED_V2,PUBLIC_SCALE_PLUS_SYNTHETIC_PATTERN
2026-01-18,D02_CAI_MEP,40GP,DEFICIT,152,78,4,3,67,18,85,0,0,85,0,144,0.7956777996070726,HIGH,4348119,0.16,REALITY_CALIBRATED_V2,PUBLIC_SCALE_PLUS_SYNTHETIC_PATTERN
2026-01-18,D02_CAI_MEP,40HC,SURPLUS,1005,116,5,7,99,23,122,0,0,122,0,1001,1.2718279569892472,HIGH,4348119,0.16,REALITY_CALIBRATED_V2,PUBLIC_SCALE_PLUS_SYNTHETIC_PATTERN
2026-01-18,D03_LONG_SON,20GP,SURPLUS,1095,55,3,11,68,14,82,0,0,82,0,1076,1.2269353128313891,HIGH,4348119,0.16,REALITY_CALIBRATED_V2,PUBLIC_SCALE_PLUS_SYNTHETIC_PATTERN
2026-01-18,D03_LONG_SON,40GP,BALANCED,301,76,3,4,47,7,54,0,0,54,0,324,1.0261194029850744,HIGH,4348119,0.16,REALITY_CALIBRATED_V2,PUBLIC_SCALE_PLUS_SYNTHETIC_PATTERN
2026-01-18,D03_LONG_SON,40HC,BALANCED,240,122,5,7,95,11,106,0,0,106,0,258,1.0514423076923078,HIGH,4348119,0.16,REALITY_CALIBRATED_V2,PUBLIC_SCALE_PLUS_SYNTHETIC_PATTERN
2026-01-19,D01_PHU_MY,20GP,DEFICIT,38,184,9,5,116,41,157,0,0,157,0,61,0.7976352887676216,HIGH,4348119,0.16,REALITY_CALIBRATED_V2,PUBLIC_SCALE_PLUS_SYNTHETIC_PATTERN
2026-01-19,D01_PHU_MY,40GP,SURPLUS,664,136,6,5,68,26,94,0,0,94,0,705,1.2831524303916944,HIGH,4348119,0.16,REALITY_CALIBRATED_V2,PUBLIC_SCALE_PLUS_SYNTHETIC_PATTERN
2026-01-19,D01_PHU_MY,40HC,DEFICIT,19,83,3,2,114,13,127,0,0,101,26,0,0.8389720234222511,HIGH,4348119,0.16,REALITY_CALIBRATED_V2,PUBLIC_SCALE_PLUS_SYNTHETIC_PATTERN
2026-01-19,D02_CAI_MEP,20GP,BALANCED,332,201,10,6,85,39,124,0,0,124,0,405,1.01956745623069,HIGH,4348119,0.16,REALITY_CALIBRATED_V2,PUBLIC_SCALE_PLUS_SYNTHETIC_PATTERN
2026-01-19,D02_CAI_MEP,40GP,DEFICIT,144,78,4,4,70,18,88,0,0,88,0,134,0.7956777996070726,HIGH,4348119,0.16,REALITY_CALIBRATED_V2,PUBLIC_SCALE_PLUS_SYNTHETIC_PATTERN
2026-01-19,D02_CAI_MEP,40HC,SURPLUS,1001,157,6,5,99,46,145,0,0,145,0,1012,1.2718279569892472,HIGH,4348119,0.16,REALITY_CALIBRATED_V2,PUBLIC_SCALE_PLUS_SYNTHETIC_PATTERN
2026-01-19,D03_LONG_SON,20GP,SURPLUS,1076,130,6,3,157,20,177,0,0,177,0,1026,1.2269353128313891,HIGH,4348119,0.16,REALITY_CALIBRATED_V2,PUBLIC_SCALE_PLUS_SYNTHETIC_PATTERN
2026-01-19,D03_LONG_SON,40GP,BALANCED,324,83,4,3,65,25,90,0,0,90,0,316,1.0261194029850744,HIGH,4348119,0.16,REALITY_CALIBRATED_V2,PUBLIC_SCALE_PLUS_SYNTHETIC_PATTERN
2026-01-19,D03_LONG_SON,40HC,BALANCED,258,117,5,5,100,22,122,0,0,122,0,253,1.0514423076923078,HIGH,4348119,0.16,REALITY_CALIBRATED_V2,PUBLIC_SCALE_PLUS_SYNTHETIC_PATTERN
2026-01-20,D01_PHU_MY,20GP,DEFICIT,61,123,6,9,137,20,157,0,0,157,0,30,0.7976352887676216,HIGH,4348119,0.16,REALITY_CALIBRATED_V2,PUBLIC_SCALE_PLUS_SYNTHETIC_PATTERN
2026-01-20,D01_PHU_MY,40GP,SURPLUS,705,102,5,6,94,17,111,0,0,111,0,697,1.2831524303916944,HIGH,4348119,0.16,REALITY_CALIBRATED_V2,PUBLIC_SCALE_PLUS_SYNTHETIC_PATTERN
2026-01-20,D01_PHU_MY,40HC,DEFICIT,0,114,5,3,105,53,158,0,0,112,46,0,0.8389720234222511,HIGH,4348119,0.16,REALITY_CALIBRATED_V2,PUBLIC_SCALE_PLUS_SYNTHETIC_PATTERN
2026-01-20,D02_CAI_MEP,20GP,BALANCED,405,131,7,10,124,54,178,0,0,178,0,361,1.01956745623069,HIGH,4348119,0.16,REALITY_CALIBRATED_V2,PUBLIC_SCALE_PLUS_SYNTHETIC_PATTERN
2026-01-20,D02_CAI_MEP,40GP,DEFICIT,134,64,3,4,109,18,127,0,0,127,0,72,0.7956777996070726,HIGH,4348119,0.16,REALITY_CALIBRATED_V2,PUBLIC_SCALE_PLUS_SYNTHETIC_PATTERN
2026-01-20,D02_CAI_MEP,40HC,SURPLUS,1012,198,8,6,157,35,192,0,0,192,0,1016,1.2718279569892472,HIGH,4348119,0.16,REALITY_CALIBRATED_V2,PUBLIC_SCALE_PLUS_SYNTHETIC_PATTERN
2026-01-20,D03_LONG_SON,20GP,SURPLUS,1026,205,10,6,164,20,184,0,0,184,0,1043,1.2269353128313891,HIGH,4348119,0.16,REALITY_CALIBRATED_V2,PUBLIC_SCALE_PLUS_SYNTHETIC_PATTERN
2026-01-20,D03_LONG_SON,40GP,BALANCED,316,79,4,4,69,7,76,0,0,76,0,319,1.0261194029850744,HIGH,4348119,0.16,REALITY_CALIBRATED_V2,PUBLIC_SCALE_PLUS_SYNTHETIC_PATTERN
2026-01-20,D03_LONG_SON,40HC,BALANCED,253,167,7,5,83,17,100,0,0,100,0,318,1.0514423076923078,HIGH,4348119,0.16,REALITY_CALIBRATED_V2,PUBLIC_SCALE_PLUS_SYNTHETIC_PATTERN
2026-01-21,D01_PHU_MY,20GP,DEFICIT,30,225,11,6,95,48,143,0,0,143,0,107,0.7976352887676216,HIGH,4348119,0.16,REALITY_CALIBRATED_V2,PUBLIC_SCALE_PLUS_SYNTHETIC_PATTERN
2026-01-21,D01_PHU_MY,40GP,SURPLUS,697,183,8,5,60,21,81,0,0,81,0,796,1.2831524303916944,HIGH,4348119,0.16,REALITY_CALIBRATED_V2,PUBLIC_SCALE_PLUS_SYNTHETIC_PATTERN
2026-01-21,D01_PHU_MY,40HC,DEFICIT,0,136,5,5,123,35,158,0,0,136,22,0,0.8389720234222511,HIGH,4348119,0.16,REALITY_CALIBRATED_V2,PUBLIC_SCALE_PLUS_SYNTHETIC_PATTERN
2026-01-21,D02_CAI_MEP,20GP,BALANCED,361,193,10,7,147,62,209,0,0,209,0,342,1.01956745623069,HIGH,4348119,0.16,REALITY_CALIBRATED_V2,PUBLIC_SCALE_PLUS_SYNTHETIC_PATTERN
2026-01-21,D02_CAI_MEP,40GP,DEFICIT,72,81,4,3,99,25,124,0,0,124,0,28,0.7956777996070726,HIGH,4348119,0.16,REALITY_CALIBRATED_V2,PUBLIC_SCALE_PLUS_SYNTHETIC_PATTERN
2026-01-21,D02_CAI_MEP,40HC,SURPLUS,1016,238,10,8,128,29,157,0,0,157,0,1095,1.2718279569892472,HIGH,4348119,0.16,REALITY_CALIBRATED_V2,PUBLIC_SCALE_PLUS_SYNTHETIC_PATTERN
2026-01-21,D03_LONG_SON,20GP,SURPLUS,1043,157,8,10,116,48,164,0,0,164,0,1038,1.2269353128313891,HIGH,4348119,0.16,REALITY_CALIBRATED_V2,PUBLIC_SCALE_PLUS_SYNTHETIC_PATTERN
2026-01-21,D03_LONG_SON,40GP,BALANCED,319,94,4,4,58,32,90,0,0,90,0,323,1.0261194029850744,HIGH,4348119,0.16,REALITY_CALIBRATED_V2,PUBLIC_SCALE_PLUS_SYNTHETIC_PATTERN
2026-01-21,D03_LONG_SON,40HC,BALANCED,318,156,6,7,122,17,139,0,0,139,0,336,1.0514423076923078,HIGH,4348119,0.16,REALITY_CALIBRATED_V2,PUBLIC_SCALE_PLUS_SYNTHETIC_PATTERN
2026-01-22,D01_PHU_MY,20GP,DEFICIT,107,191,10,11,164,41,205,0,0,205,0,94,0.7976352887676216,HIGH,4348119,0.16,REALITY_CALIBRATED_V2,PUBLIC_SCALE_PLUS_SYNTHETIC_PATTERN
2026-01-22,D01_PHU_MY,40GP,SURPLUS,796,162,7,8,89,26,115,0,0,115,0,844,1.2831524303916944,HIGH,4348119,0.16,REALITY_CALIBRATED_V2,PUBLIC_SCALE_PLUS_SYNTHETIC_PATTERN
2026-01-22,D01_PHU_MY,40HC,DEFICIT,0,83,3,5,119,44,163,0,0,85,78,0,0.8389720234222511,HIGH,4348119,0.16,REALITY_CALIBRATED_V2,PUBLIC_SCALE_PLUS_SYNTHETIC_PATTERN
2026-01-22,D02_CAI_MEP,20GP,BALANCED,342,124,6,10,108,31,139,0,0,139,0,331,1.01956745623069,HIGH,4348119,0.16,REALITY_CALIBRATED_V2,PUBLIC_SCALE_PLUS_SYNTHETIC_PATTERN
2026-01-22,D02_CAI_MEP,40GP,DEFICIT,28,53,2,4,74,14,88,0,0,83,5,0,0.7956777996070726,HIGH,4348119,0.16,REALITY_CALIBRATED_V2,PUBLIC_SCALE_PLUS_SYNTHETIC_PATTERN
2026-01-22,D02_CAI_MEP,40HC,SURPLUS,1095,180,7,10,145,35,180,0,0,180,0,1098,1.2718279569892472,HIGH,4348119,0.16,REALITY_CALIBRATED_V2,PUBLIC_SCALE_PLUS_SYNTHETIC_PATTERN
2026-01-22,D03_LONG_SON,20GP,SURPLUS,1038,225,11,8,69,27,96,0,0,96,0,1164,1.2269353128313891,HIGH,4348119,0.16,REALITY_CALIBRATED_V2,PUBLIC_SCALE_PLUS_SYNTHETIC_PATTERN
2026-01-22,D03_LONG_SON,40GP,BALANCED,323,79,4,4,54,22,76,0,0,76,0,326,1.0261194029850744,HIGH,4348119,0.16,REALITY_CALIBRATED_V2,PUBLIC_SCALE_PLUS_SYNTHETIC_PATTERN
2026-01-22,D03_LONG_SON,40HC,BALANCED,336,67,3,6,100,17,117,0,0,117,0,289,1.0514423076923078,HIGH,4348119,0.16,REALITY_CALIBRATED_V2,PUBLIC_SCALE_PLUS_SYNTHETIC_PATTERN
2026-01-23,D01_PHU_MY,20GP,DEFICIT,94,137,7,10,144,61,205,0,0,205,0,29,0.7976352887676216,HIGH,4348119,0.16,REALITY_CALIBRATED_V2,PUBLIC_SCALE_PLUS_SYNTHETIC_PATTERN
2026-01-23,D01_PHU_MY,40GP,SURPLUS,844,153,7,7,93,13,106,0,0,106,0,891,1.2831524303916944,HIGH,4348119,0.16,REALITY_CALIBRATED_V2,PUBLIC_SCALE_PLUS_SYNTHETIC_PATTERN
2026-01-23,D01_PHU_MY,40HC,DEFICIT,0,123,5,3,114,53,167,0,0,121,46,0,0.8389720234222511,HIGH,4348119,0.16,REALITY_CALIBRATED_V2,PUBLIC_SCALE_PLUS_SYNTHETIC_PATTERN
2026-01-23,D02_CAI_MEP,20GP,BALANCED,331,216,11,6,140,15,155,0,0,155,0,387,1.01956745623069,HIGH,4348119,0.16,REALITY_CALIBRATED_V2,PUBLIC_SCALE_PLUS_SYNTHETIC_PATTERN
2026-01-23,D02_CAI_MEP,40GP,DEFICIT,0,85,4,2,85,35,120,0,0,83,37,0,0.7956777996070726,HIGH,4348119,0.16,REALITY_CALIBRATED_V2,PUBLIC_SCALE_PLUS_SYNTHETIC_PATTERN
2026-01-23,D02_CAI_MEP,40HC,SURPLUS,1098,180,7,7,145,29,174,0,0,174,0,1104,1.2718279569892472,HIGH,4348119,0.16,REALITY_CALIBRATED_V2,PUBLIC_SCALE_PLUS_SYNTHETIC_PATTERN
2026-01-23,D03_LONG_SON,20GP,SURPLUS,1164,191,10,11,109,41,150,0,0,150,0,1206,1.2269353128313891,HIGH,4348119,0.16,REALITY_CALIBRATED_V2,PUBLIC_SCALE_PLUS_SYNTHETIC_PATTERN
2026-01-23,D03_LONG_SON,40GP,BALANCED,326,68,3,4,47,14,61,0,0,61,0,334,1.0261194029850744,HIGH,4348119,0.16,REALITY_CALIBRATED_V2,PUBLIC_SCALE_PLUS_SYNTHETIC_PATTERN
2026-01-23,D03_LONG_SON,40HC,BALANCED,289,89,4,3,112,33,145,0,0,145,0,232,1.0514423076923078,HIGH,4348119,0.16,REALITY_CALIBRATED_V2,PUBLIC_SCALE_PLUS_SYNTHETIC_PATTERN
2026-01-24,D01_PHU_MY,20GP,DEFICIT,29,130,6,7,136,14,150,0,0,150,0,10,0.7976352887676216,HIGH,4348119,0.16,REALITY_CALIBRATED_V2,PUBLIC_SCALE_PLUS_SYNTHETIC_PATTERN
2026-01-24,D01_PHU_MY,40GP,SURPLUS,891,102,5,7,68,13,81,0,0,81,0,914,1.2831524303916944,HIGH,4348119,0.16,REALITY_CALIBRATED_V2,PUBLIC_SCALE_PLUS_SYNTHETIC_PATTERN
2026-01-24,D01_PHU_MY,40HC,DEFICIT,0,101,4,5,83,31,114,0,0,102,12,0,0.8389720234222511,HIGH,4348119,0.16,REALITY_CALIBRATED_V2,PUBLIC_SCALE_PLUS_SYNTHETIC_PATTERN
2026-01-24,D02_CAI_MEP,20GP,BALANCED,387,108,5,11,162,31,193,0,0,193,0,308,1.01956745623069,HIGH,4348119,0.16,REALITY_CALIBRATED_V2,PUBLIC_SCALE_PLUS_SYNTHETIC_PATTERN
2026-01-24,D02_CAI_MEP,40GP,DEFICIT,0,67,3,4,70,11,81,0,0,68,13,0,0.7956777996070726,HIGH,4348119,0.16,REALITY_CALIBRATED_V2,PUBLIC_SCALE_PLUS_SYNTHETIC_PATTERN
2026-01-24,D02_CAI_MEP,40HC,SURPLUS,1104,168,7,7,76,29,105,0,0,105,0,1167,1.2718279569892472,HIGH,4348119,0.16,REALITY_CALIBRATED_V2,PUBLIC_SCALE_PLUS_SYNTHETIC_PATTERN
2026-01-24,D03_LONG_SON,20GP,SURPLUS,1206,150,8,10,62,27,89,0,0,89,0,1269,1.2269353128313891,HIGH,4348119,0.16,REALITY_CALIBRATED_V2,PUBLIC_SCALE_PLUS_SYNTHETIC_PATTERN
2026-01-24,D03_LONG_SON,40GP,BALANCED,334,72,3,3,58,25,83,0,0,83,0,323,1.0261194029850744,HIGH,4348119,0.16,REALITY_CALIBRATED_V2,PUBLIC_SCALE_PLUS_SYNTHETIC_PATTERN
2026-01-24,D03_LONG_SON,40HC,BALANCED,232,95,4,4,78,33,111,0,0,111,0,216,1.0514423076923078,HIGH,4348119,0.16,REALITY_CALIBRATED_V2,PUBLIC_SCALE_PLUS_SYNTHETIC_PATTERN
2026-01-25,D01_PHU_MY,20GP,DEFICIT,10,75,4,6,82,14,96,0,0,87,9,0,0.7976352887676216,HIGH,4348119,0.16,REALITY_CALIBRATED_V2,PUBLIC_SCALE_PLUS_SYNTHETIC_PATTERN
2026-01-25,D01_PHU_MY,40GP,SURPLUS,914,85,4,5,51,17,68,0,0,68,0,932,1.2831524303916944,HIGH,4348119,0.16,REALITY_CALIBRATED_V2,PUBLIC_SCALE_PLUS_SYNTHETIC_PATTERN
2026-01-25,D01_PHU_MY,40HC,DEFICIT,0,88,4,4,61,22,83,0,0,83,0,5,0.8389720234222511,HIGH,4348119,0.16,REALITY_CALIBRATED_V2,PUBLIC_SCALE_PLUS_SYNTHETIC_PATTERN
2026-01-25,D02_CAI_MEP,20GP,BALANCED,308,46,2,5,116,31,147,0,0,147,0,210,1.01956745623069,HIGH,4348119,0.16,REALITY_CALIBRATED_V2,PUBLIC_SCALE_PLUS_SYNTHETIC_PATTERN
2026-01-25,D02_CAI_MEP,40GP,DEFICIT,0,78,4,3,46,14,60,0,0,60,0,17,0.7956777996070726,HIGH,4348119,0.16,REALITY_CALIBRATED_V2,PUBLIC_SCALE_PLUS_SYNTHETIC_PATTERN
2026-01-25,D02_CAI_MEP,40HC,SURPLUS,1167,134,5,7,75,6,81,0,0,81,0,1222,1.2718279569892472,HIGH,4348119,0.16,REALITY_CALIBRATED_V2,PUBLIC_SCALE_PLUS_SYNTHETIC_PATTERN
2026-01-25,D03_LONG_SON,20GP,SURPLUS,1269,61,3,8,47,14,61,0,0,61,0,1274,1.2269353128313891,HIGH,4348119,0.16,REALITY_CALIBRATED_V2,PUBLIC_SCALE_PLUS_SYNTHETIC_PATTERN
2026-01-25,D03_LONG_SON,40GP,BALANCED,323,18,1,3,54,14,68,0,0,68,0,275,1.0261194029850744,HIGH,4348119,0.16,REALITY_CALIBRATED_V2,PUBLIC_SCALE_PLUS_SYNTHETIC_PATTERN
2026-01-25,D03_LONG_SON,40HC,BALANCED,216,117,5,4,78,28,106,0,0,106,0,226,1.0514423076923078,HIGH,4348119,0.16,REALITY_CALIBRATED_V2,PUBLIC_SCALE_PLUS_SYNTHETIC_PATTERN
2026-01-26,D01_PHU_MY,20GP,DEFICIT,0,123,6,4,109,34,143,0,0,121,22,0,0.7976352887676216,HIGH,4348119,0.16,REALITY_CALIBRATED_V2,PUBLIC_SCALE_PLUS_SYNTHETIC_PATTERN
2026-01-26,D01_PHU_MY,40GP,SURPLUS,932,111,5,4,89,30,119,0,0,119,0,923,1.2831524303916944,HIGH,4348119,0.16,REALITY_CALIBRATED_V2,PUBLIC_SCALE_PLUS_SYNTHETIC_PATTERN
2026-01-26,D01_PHU_MY,40HC,DEFICIT,5,119,5,4,114,44,158,0,0,123,35,0,0.8389720234222511,HIGH,4348119,0.16,REALITY_CALIBRATED_V2,PUBLIC_SCALE_PLUS_SYNTHETIC_PATTERN
2026-01-26,D02_CAI_MEP,20GP,BALANCED,210,155,8,2,193,31,224,0,0,224,0,135,1.01956745623069,HIGH,4348119,0.16,REALITY_CALIBRATED_V2,PUBLIC_SCALE_PLUS_SYNTHETIC_PATTERN
2026-01-26,D02_CAI_MEP,40GP,DEFICIT,17,57,3,4,96,14,110,0,0,75,35,0,0.7956777996070726,HIGH,4348119,0.16,REALITY_CALIBRATED_V2,PUBLIC_SCALE_PLUS_SYNTHETIC_PATTERN
2026-01-26,D02_CAI_MEP,40HC,SURPLUS,1222,244,10,5,76,17,93,0,0,93,0,1368,1.2718279569892472,HIGH,4348119,0.16,REALITY_CALIBRATED_V2,PUBLIC_SCALE_PLUS_SYNTHETIC_PATTERN
2026-01-26,D03_LONG_SON,20GP,SURPLUS,1274,143,7,3,62,34,96,0,0,96,0,1317,1.2269353128313891,HIGH,4348119,0.16,REALITY_CALIBRATED_V2,PUBLIC_SCALE_PLUS_SYNTHETIC_PATTERN
2026-01-26,D03_LONG_SON,40GP,BALANCED,275,104,5,1,50,22,72,0,0,72,0,303,1.0261194029850744,HIGH,4348119,0.16,REALITY_CALIBRATED_V2,PUBLIC_SCALE_PLUS_SYNTHETIC_PATTERN
2026-01-26,D03_LONG_SON,40HC,BALANCED,226,106,4,5,100,39,139,0,0,139,0,194,1.0514423076923078,HIGH,4348119,0.16,REALITY_CALIBRATED_V2,PUBLIC_SCALE_PLUS_SYNTHETIC_PATTERN
2026-01-27,D01_PHU_MY,20GP,DEFICIT,0,109,5,6,164,27,191,0,0,110,81,0,0.7976352887676216,HIGH,4348119,0.16,REALITY_CALIBRATED_V2,PUBLIC_SCALE_PLUS_SYNTHETIC_PATTERN
2026-01-27,D01_PHU_MY,40GP,SURPLUS,923,162,7,5,72,13,85,0,0,85,0,998,1.2831524303916944,HIGH,4348119,0.16,REALITY_CALIBRATED_V2,PUBLIC_SCALE_PLUS_SYNTHETIC_PATTERN
2026-01-27,D01_PHU_MY,40HC,DEFICIT,0,92,4,5,127,62,189,0,0,93,96,0,0.8389720234222511,HIGH,4348119,0.16,REALITY_CALIBRATED_V2,PUBLIC_SCALE_PLUS_SYNTHETIC_PATTERN
2026-01-27,D02_CAI_MEP,20GP,BALANCED,135,193,10,8,132,46,178,0,0,178,0,148,1.01956745623069,HIGH,4348119,0.16,REALITY_CALIBRATED_V2,PUBLIC_SCALE_PLUS_SYNTHETIC_PATTERN
2026-01-27,D02_CAI_MEP,40GP,DEFICIT,0,50,2,3,67,32,99,0,0,51,48,0,0.7956777996070726,HIGH,4348119,0.16,REALITY_CALIBRATED_V2,PUBLIC_SCALE_PLUS_SYNTHETIC_PATTERN
2026-01-27,D02_CAI_MEP,40HC,SURPLUS,1368,203,8,10,93,35,128,0,0,128,0,1445,1.2718279569892472,HIGH,4348119,0.16,REALITY_CALIBRATED_V2,PUBLIC_SCALE_PLUS_SYNTHETIC_PATTERN
2026-01-27,D03_LONG_SON,20GP,SURPLUS,1317,198,10,7,95,14,109,0,0,109,0,1403,1.2269353128313891,HIGH,4348119,0.16,REALITY_CALIBRATED_V2,PUBLIC_SCALE_PLUS_SYNTHETIC_PATTERN
2026-01-27,D03_LONG_SON,40GP,BALANCED,303,97,4,5,58,14,72,0,0,72,0,329,1.0261194029850744,HIGH,4348119,0.16,REALITY_CALIBRATED_V2,PUBLIC_SCALE_PLUS_SYNTHETIC_PATTERN
2026-01-27,D03_LONG_SON,40HC,BALANCED,194,150,6,4,150,28,178,0,0,178,0,164,1.0514423076923078,HIGH,4348119,0.16,REALITY_CALIBRATED_V2,PUBLIC_SCALE_PLUS_SYNTHETIC_PATTERN
2026-01-28,D01_PHU_MY,20GP,DEFICIT,0,123,6,5,116,27,143,0,0,122,21,0,0.7976352887676216,HIGH,4348119,0.16,REALITY_CALIBRATED_V2,PUBLIC_SCALE_PLUS_SYNTHETIC_PATTERN
2026-01-28,D01_PHU_MY,40GP,SURPLUS,998,157,7,7,72,26,98,0,0,98,0,1057,1.2831524303916944,HIGH,4348119,0.16,REALITY_CALIBRATED_V2,PUBLIC_SCALE_PLUS_SYNTHETIC_PATTERN
2026-01-28,D01_PHU_MY,40HC,DEFICIT,0,145,6,4,128,57,185,0,0,143,42,0,0.8389720234222511,HIGH,4348119,0.16,REALITY_CALIBRATED_V2,PUBLIC_SCALE_PLUS_SYNTHETIC_PATTERN
2026-01-28,D02_CAI_MEP,20GP,BALANCED,148,162,8,10,131,31,162,0,0,162,0,150,1.01956745623069,HIGH,4348119,0.16,REALITY_CALIBRATED_V2,PUBLIC_SCALE_PLUS_SYNTHETIC_PATTERN
2026-01-28,D02_CAI_MEP,40GP,DEFICIT,0,106,5,2,92,18,110,0,0,103,7,0,0.7956777996070726,HIGH,4348119,0.16,REALITY_CALIBRATED_V2,PUBLIC_SCALE_PLUS_SYNTHETIC_PATTERN
2026-01-28,D02_CAI_MEP,40HC,SURPLUS,1445,174,7,8,139,41,180,0,0,180,0,1440,1.2718279569892472,HIGH,4348119,0.16,REALITY_CALIBRATED_V2,PUBLIC_SCALE_PLUS_SYNTHETIC_PATTERN
2026-01-28,D03_LONG_SON,20GP,SURPLUS,1403,191,10,10,130,34,164,0,0,164,0,1430,1.2269353128313891,HIGH,4348119,0.16,REALITY_CALIBRATED_V2,PUBLIC_SCALE_PLUS_SYNTHETIC_PATTERN
2026-01-28,D03_LONG_SON,40GP,BALANCED,329,83,4,4,76,36,112,0,0,112,0,300,1.0261194029850744,HIGH,4348119,0.16,REALITY_CALIBRATED_V2,PUBLIC_SCALE_PLUS_SYNTHETIC_PATTERN
2026-01-28,D03_LONG_SON,40HC,BALANCED,164,117,5,6,123,22,145,0,0,145,0,137,1.0514423076923078,HIGH,4348119,0.16,REALITY_CALIBRATED_V2,PUBLIC_SCALE_PLUS_SYNTHETIC_PATTERN
2026-01-29,D01_PHU_MY,20GP,DEFICIT,0,130,6,6,123,61,184,0,0,130,54,0,0.7976352887676216,HIGH,4348119,0.16,REALITY_CALIBRATED_V2,PUBLIC_SCALE_PLUS_SYNTHETIC_PATTERN
2026-01-29,D01_PHU_MY,40GP,SURPLUS,1057,106,5,7,93,13,106,0,0,106,0,1059,1.2831524303916944,HIGH,4348119,0.16,REALITY_CALIBRATED_V2,PUBLIC_SCALE_PLUS_SYNTHETIC_PATTERN
2026-01-29,D01_PHU_MY,40HC,DEFICIT,0,145,6,6,83,31,114,0,0,114,0,31,0.8389720234222511,HIGH,4348119,0.16,REALITY_CALIBRATED_V2,PUBLIC_SCALE_PLUS_SYNTHETIC_PATTERN
2026-01-29,D02_CAI_MEP,20GP,BALANCED,150,255,13,8,116,54,170,0,0,170,0,230,1.01956745623069,HIGH,4348119,0.16,REALITY_CALIBRATED_V2,PUBLIC_SCALE_PLUS_SYNTHETIC_PATTERN
2026-01-29,D02_CAI_MEP,40GP,DEFICIT,0,67,3,5,42,18,60,0,0,60,0,9,0.7956777996070726,HIGH,4348119,0.16,REALITY_CALIBRATED_V2,PUBLIC_SCALE_PLUS_SYNTHETIC_PATTERN
2026-01-29,D02_CAI_MEP,40HC,SURPLUS,1440,203,8,7,140,52,192,0,0,192,0,1450,1.2718279569892472,HIGH,4348119,0.16,REALITY_CALIBRATED_V2,PUBLIC_SCALE_PLUS_SYNTHETIC_PATTERN
2026-01-29,D03_LONG_SON,20GP,SURPLUS,1430,191,10,10,89,20,109,0,0,109,0,1512,1.2269353128313891,HIGH,4348119,0.16,REALITY_CALIBRATED_V2,PUBLIC_SCALE_PLUS_SYNTHETIC_PATTERN
2026-01-29,D03_LONG_SON,40GP,BALANCED,300,76,3,4,79,40,119,0,0,119,0,258,1.0261194029850744,HIGH,4348119,0.16,REALITY_CALIBRATED_V2,PUBLIC_SCALE_PLUS_SYNTHETIC_PATTERN
2026-01-29,D03_LONG_SON,40HC,BALANCED,137,145,6,5,112,22,134,0,0,134,0,147,1.0514423076923078,HIGH,4348119,0.16,REALITY_CALIBRATED_V2,PUBLIC_SCALE_PLUS_SYNTHETIC_PATTERN
2026-01-30,D01_PHU_MY,20GP,DEFICIT,0,143,7,6,130,34,164,0,0,142,22,0,0.7976352887676216,HIGH,4348119,0.16,REALITY_CALIBRATED_V2,PUBLIC_SCALE_PLUS_SYNTHETIC_PATTERN
2026-01-30,D01_PHU_MY,40GP,SURPLUS,1059,157,7,5,81,17,98,0,0,98,0,1116,1.2831524303916944,HIGH,4348119,0.16,REALITY_CALIBRATED_V2,PUBLIC_SCALE_PLUS_SYNTHETIC_PATTERN
2026-01-30,D01_PHU_MY,40HC,DEFICIT,31,119,5,6,118,18,136,0,0,136,0,15,0.8389720234222511,HIGH,4348119,0.16,REALITY_CALIBRATED_V2,PUBLIC_SCALE_PLUS_SYNTHETIC_PATTERN
2026-01-30,D02_CAI_MEP,20GP,BALANCED,230,178,9,13,178,31,209,0,0,209,0,203,1.01956745623069,HIGH,4348119,0.16,REALITY_CALIBRATED_V2,PUBLIC_SCALE_PLUS_SYNTHETIC_PATTERN
2026-01-30,D02_CAI_MEP,40GP,DEFICIT,9,71,3,3,113,14,127,0,0,80,47,0,0.7956777996070726,HIGH,4348119,0.16,REALITY_CALIBRATED_V2,PUBLIC_SCALE_PLUS_SYNTHETIC_PATTERN
2026-01-30,D02_CAI_MEP,40HC,SURPLUS,1450,203,8,8,104,12,116,0,0,116,0,1537,1.2718279569892472,HIGH,4348119,0.16,REALITY_CALIBRATED_V2,PUBLIC_SCALE_PLUS_SYNTHETIC_PATTERN
2026-01-30,D03_LONG_SON,20GP,SURPLUS,1512,225,11,10,89,20,109,0,0,109,0,1627,1.2269353128313891,HIGH,4348119,0.16,REALITY_CALIBRATED_V2,PUBLIC_SCALE_PLUS_SYNTHETIC_PATTERN
2026-01-30,D03_LONG_SON,40GP,BALANCED,258,115,5,3,94,18,112,0,0,112,0,259,1.0261194029850744,HIGH,4348119,0.16,REALITY_CALIBRATED_V2,PUBLIC_SCALE_PLUS_SYNTHETIC_PATTERN
2026-01-30,D03_LONG_SON,40HC,BALANCED,147,139,6,6,111,45,156,0,0,156,0,130,1.0514423076923078,HIGH,4348119,0.16,REALITY_CALIBRATED_V2,PUBLIC_SCALE_PLUS_SYNTHETIC_PATTERN
2026-01-31,D01_PHU_MY,20GP,DEFICIT,0,109,5,7,150,27,177,0,0,111,66,0,0.7976352887676216,HIGH,4348119,0.16,REALITY_CALIBRATED_V2,PUBLIC_SCALE_PLUS_SYNTHETIC_PATTERN
2026-01-31,D01_PHU_MY,40GP,SURPLUS,1116,128,6,7,38,13,51,0,0,51,0,1194,1.2831524303916944,HIGH,4348119,0.16,REALITY_CALIBRATED_V2,PUBLIC_SCALE_PLUS_SYNTHETIC_PATTERN
2026-01-31,D01_PHU_MY,40HC,DEFICIT,15,141,6,5,71,26,97,0,0,97,0,58,0.8389720234222511,HIGH,4348119,0.16,REALITY_CALIBRATED_V2,PUBLIC_SCALE_PLUS_SYNTHETIC_PATTERN
2026-01-31,D02_CAI_MEP,20GP,BALANCED,203,209,10,9,116,46,162,0,0,162,0,249,1.01956745623069,HIGH,4348119,0.16,REALITY_CALIBRATED_V2,PUBLIC_SCALE_PLUS_SYNTHETIC_PATTERN
2026-01-31,D02_CAI_MEP,40GP,DEFICIT,0,78,4,3,82,21,103,0,0,77,26,0,0.7956777996070726,HIGH,4348119,0.16,REALITY_CALIBRATED_V2,PUBLIC_SCALE_PLUS_SYNTHETIC_PATTERN
2026-01-31,D02_CAI_MEP,40HC,SURPLUS,1537,157,6,8,122,29,151,0,0,151,0,1545,1.2718279569892472,HIGH,4348119,0.16,REALITY_CALIBRATED_V2,PUBLIC_SCALE_PLUS_SYNTHETIC_PATTERN
2026-01-31,D03_LONG_SON,20GP,SURPLUS,1627,157,8,11,144,27,171,0,0,171,0,1616,1.2269353128313891,HIGH,4348119,0.16,REALITY_CALIBRATED_V2,PUBLIC_SCALE_PLUS_SYNTHETIC_PATTERN
2026-01-31,D03_LONG_SON,40GP,BALANCED,259,79,4,5,64,22,86,0,0,86,0,253,1.0261194029850744,HIGH,4348119,0.16,REALITY_CALIBRATED_V2,PUBLIC_SCALE_PLUS_SYNTHETIC_PATTERN
2026-01-31,D03_LONG_SON,40HC,BALANCED,130,111,4,6,123,33,156,0,0,156,0,87,1.0514423076923078,HIGH,4348119,0.16,REALITY_CALIBRATED_V2,PUBLIC_SCALE_PLUS_SYNTHETIC_PATTERN
2026-02-01,D01_PHU_MY,20GP,DEFICIT,0,143,7,5,68,14,82,0,0,82,0,59,0.7976352887676216,HIGH,4348119,0.16,REALITY_CALIBRATED_V2,PUBLIC_SCALE_PLUS_SYNTHETIC_PATTERN
2026-02-01,D01_PHU_MY,40GP,SURPLUS,1194,98,4,6,43,21,64,0,0,64,0,1230,1.2831524303916944,HIGH,4348119,0.16,REALITY_CALIBRATED_V2,PUBLIC_SCALE_PLUS_SYNTHETIC_PATTERN
2026-02-01,D01_PHU_MY,40HC,DEFICIT,58,123,5,6,71,26,97,0,0,97,0,85,0.8389720234222511,HIGH,4348119,0.16,REALITY_CALIBRATED_V2,PUBLIC_SCALE_PLUS_SYNTHETIC_PATTERN
2026-02-01,D02_CAI_MEP,20GP,BALANCED,249,139,7,10,85,31,116,0,0,116,0,275,1.01956745623069,HIGH,4348119,0.16,REALITY_CALIBRATED_V2,PUBLIC_SCALE_PLUS_SYNTHETIC_PATTERN
2026-02-01,D02_CAI_MEP,40GP,DEFICIT,0,78,4,4,56,11,67,0,0,67,0,11,0.7956777996070726,HIGH,4348119,0.16,REALITY_CALIBRATED_V2,PUBLIC_SCALE_PLUS_SYNTHETIC_PATTERN
2026-02-01,D02_CAI_MEP,40HC,SURPLUS,1545,128,5,6,110,29,139,0,0,139,0,1535,1.2718279569892472,HIGH,4348119,0.16,REALITY_CALIBRATED_V2,PUBLIC_SCALE_PLUS_SYNTHETIC_PATTERN
2026-02-01,D03_LONG_SON,20GP,SURPLUS,1616,150,8,8,82,27,109,0,0,109,0,1657,1.2269353128313891,HIGH,4348119,0.16,REALITY_CALIBRATED_V2,PUBLIC_SCALE_PLUS_SYNTHETIC_PATTERN
2026-02-01,D03_LONG_SON,40GP,BALANCED,253,68,3,4,62,14,76,0,0,76,0,246,1.0261194029850744,HIGH,4348119,0.16,REALITY_CALIBRATED_V2,PUBLIC_SCALE_PLUS_SYNTHETIC_PATTERN
2026-02-01,D03_LONG_SON,40HC,BALANCED,87,122,5,4,89,28,117,0,0,117,0,91,1.0514423076923078,HIGH,4348119,0.16,REALITY_CALIBRATED_V2,PUBLIC_SCALE_PLUS_SYNTHETIC_PATTERN
2026-02-02,D01_PHU_MY,20GP,DEFICIT,59,184,9,7,157,82,239,0,0,239,0,2,0.7976352887676216,HIGH,4348119,0.16,REALITY_CALIBRATED_V2,PUBLIC_SCALE_PLUS_SYNTHETIC_PATTERN
2026-02-02,D01_PHU_MY,40GP,SURPLUS,1230,149,7,4,94,17,111,0,0,111,0,1265,1.2831524303916944,HIGH,4348119,0.16,REALITY_CALIBRATED_V2,PUBLIC_SCALE_PLUS_SYNTHETIC_PATTERN
2026-02-02,D01_PHU_MY,40HC,DEFICIT,85,136,5,5,114,40,154,0,0,154,0,67,0.8389720234222511,HIGH,4348119,0.16,REALITY_CALIBRATED_V2,PUBLIC_SCALE_PLUS_SYNTHETIC_PATTERN
2026-02-02,D02_CAI_MEP,20GP,BALANCED,275,155,8,7,108,31,139,0,0,139,0,290,1.01956745623069,HIGH,4348119,0.16,REALITY_CALIBRATED_V2,PUBLIC_SCALE_PLUS_SYNTHETIC_PATTERN
2026-02-02,D02_CAI_MEP,40GP,DEFICIT,11,74,3,4,117,39,156,0,0,86,70,0,0.7956777996070726,HIGH,4348119,0.16,REALITY_CALIBRATED_V2,PUBLIC_SCALE_PLUS_SYNTHETIC_PATTERN
2026-02-02,D02_CAI_MEP,40HC,SURPLUS,1535,238,10,5,151,29,180,0,0,180,0,1588,1.2718279569892472,HIGH,4348119,0.16,REALITY_CALIBRATED_V2,PUBLIC_SCALE_PLUS_SYNTHETIC_PATTERN
2026-02-02,D03_LONG_SON,20GP,SURPLUS,1657,205,10,8,164,68,232,0,0,232,0,1628,1.2269353128313891,HIGH,4348119,0.16,REALITY_CALIBRATED_V2,PUBLIC_SCALE_PLUS_SYNTHETIC_PATTERN
2026-02-02,D03_LONG_SON,40GP,BALANCED,246,79,4,3,65,11,76,0,0,76,0,248,1.0261194029850744,HIGH,4348119,0.16,REALITY_CALIBRATED_V2,PUBLIC_SCALE_PLUS_SYNTHETIC_PATTERN
2026-02-02,D03_LONG_SON,40HC,BALANCED,91,139,6,5,78,39,117,0,0,117,0,112,1.0514423076923078,HIGH,4348119,0.16,REALITY_CALIBRATED_V2,PUBLIC_SCALE_PLUS_SYNTHETIC_PATTERN
2026-02-03,D01_PHU_MY,20GP,DEFICIT,2,171,9,9,109,62,171,0,0,171,0,2,0.7976352887676216,HIGH,4348119,0.16,REALITY_CALIBRATED_V2,PUBLIC_SCALE_PLUS_SYNTHETIC_PATTERN
2026-02-03,D01_PHU_MY,40GP,SURPLUS,1265,140,6,7,77,21,98,0,0,98,0,1308,1.2831524303916944,HIGH,4348119,0.16,REALITY_CALIBRATED_V2,PUBLIC_SCALE_PLUS_SYNTHETIC_PATTERN
2026-02-03,D01_PHU_MY,40HC,DEFICIT,67,141,6,5,150,48,198,0,0,198,0,9,0.8389720234222511,HIGH,4348119,0.16,REALITY_CALIBRATED_V2,PUBLIC_SCALE_PLUS_SYNTHETIC_PATTERN
2026-02-03,D02_CAI_MEP,20GP,BALANCED,290,232,12,8,155,77,232,0,0,232,0,286,1.01956745623069,HIGH,4348119,0.16,REALITY_CALIBRATED_V2,PUBLIC_SCALE_PLUS_SYNTHETIC_PATTERN
2026-02-03,D02_CAI_MEP,40GP,DEFICIT,0,92,4,3,102,25,127,0,0,91,36,0,0.7956777996070726,HIGH,4348119,0.16,REALITY_CALIBRATED_V2,PUBLIC_SCALE_PLUS_SYNTHETIC_PATTERN
2026-02-03,D02_CAI_MEP,40HC,SURPLUS,1588,163,7,10,111,52,163,0,0,163,0,1591,1.2718279569892472,HIGH,4348119,0.16,REALITY_CALIBRATED_V2,PUBLIC_SCALE_PLUS_SYNTHETIC_PATTERN
2026-02-03,D03_LONG_SON,20GP,SURPLUS,1628,191,10,10,109,41,150,0,0,150,0,1669,1.2269353128313891,HIGH,4348119,0.16,REALITY_CALIBRATED_V2,PUBLIC_SCALE_PLUS_SYNTHETIC_PATTERN
2026-02-03,D03_LONG_SON,40GP,BALANCED,248,104,5,4,80,14,94,0,0,94,0,257,1.0261194029850744,HIGH,4348119,0.16,REALITY_CALIBRATED_V2,PUBLIC_SCALE_PLUS_SYNTHETIC_PATTERN
2026-02-03,D03_LONG_SON,40HC,BALANCED,112,161,6,6,150,17,167,0,0,167,0,106,1.0514423076923078,HIGH,4348119,0.16,REALITY_CALIBRATED_V2,PUBLIC_SCALE_PLUS_SYNTHETIC_PATTERN
2026-02-04,D01_PHU_MY,20GP,DEFICIT,2,198,10,9,123,27,150,0,0,150,0,49,0.7976352887676216,HIGH,4348119,0.16,REALITY_CALIBRATED_V2,PUBLIC_SCALE_PLUS_SYNTHETIC_PATTERN
2026-02-04,D01_PHU_MY,40GP,SURPLUS,1308,123,6,6,119,13,132,0,0,132,0,1299,1.2831524303916944,HIGH,4348119,0.16,REALITY_CALIBRATED_V2,PUBLIC_SCALE_PLUS_SYNTHETIC_PATTERN
2026-02-04,D01_PHU_MY,40HC,DEFICIT,9,158,6,6,127,40,167,0,0,167,0,0,0.8389720234222511,HIGH,4348119,0.16,REALITY_CALIBRATED_V2,PUBLIC_SCALE_PLUS_SYNTHETIC_PATTERN
2026-02-04,D02_CAI_MEP,20GP,BALANCED,286,201,10,12,147,54,201,0,0,201,0,288,1.01956745623069,HIGH,4348119,0.16,REALITY_CALIBRATED_V2,PUBLIC_SCALE_PLUS_SYNTHETIC_PATTERN
2026-02-04,D02_CAI_MEP,40GP,DEFICIT,0,78,4,4,92,11,103,0,0,78,25,0,0.7956777996070726,HIGH,4348119,0.16,REALITY_CALIBRATED_V2,PUBLIC_SCALE_PLUS_SYNTHETIC_PATTERN
2026-02-04,D02_CAI_MEP,40HC,SURPLUS,1591,221,9,7,163,64,227,0,0,227,0,1583,1.2718279569892472,HIGH,4348119,0.16,REALITY_CALIBRATED_V2,PUBLIC_SCALE_PLUS_SYNTHETIC_PATTERN
2026-02-04,D03_LONG_SON,20GP,SURPLUS,1669,177,9,10,123,20,143,0,0,143,0,1704,1.2269353128313891,HIGH,4348119,0.16,REALITY_CALIBRATED_V2,PUBLIC_SCALE_PLUS_SYNTHETIC_PATTERN
2026-02-04,D03_LONG_SON,40GP,BALANCED,257,94,4,5,64,22,86,0,0,86,0,266,1.0261194029850744,HIGH,4348119,0.16,REALITY_CALIBRATED_V2,PUBLIC_SCALE_PLUS_SYNTHETIC_PATTERN
2026-02-04,D03_LONG_SON,40HC,BALANCED,106,156,6,6,94,28,122,0,0,122,0,140,1.0514423076923078,HIGH,4348119,0.16,REALITY_CALIBRATED_V2,PUBLIC_SCALE_PLUS_SYNTHETIC_PATTERN
2026-02-05,D01_PHU_MY,20GP,DEFICIT,49,102,5,10,109,34,143,0,0,143,0,13,0.7976352887676216,HIGH,4348119,0.16,REALITY_CALIBRATED_V2,PUBLIC_SCALE_PLUS_SYNTHETIC_PATTERN
2026-02-05,D01_PHU_MY,40GP,SURPLUS,1299,187,8,6,119,30,149,0,0,149,0,1335,1.2831524303916944,HIGH,4348119,0.16,REALITY_CALIBRATED_V2,PUBLIC_SCALE_PLUS_SYNTHETIC_PATTERN
2026-02-05,D01_PHU_MY,40HC,DEFICIT,0,189,8,6,105,18,123,0,0,123,0,64,0.8389720234222511,HIGH,4348119,0.16,REALITY_CALIBRATED_V2,PUBLIC_SCALE_PLUS_SYNTHETIC_PATTERN
2026-02-05,D02_CAI_MEP,20GP,BALANCED,288,216,11,10,124,54,178,0,0,178,0,325,1.01956745623069,HIGH,4348119,0.16,REALITY_CALIBRATED_V2,PUBLIC_SCALE_PLUS_SYNTHETIC_PATTERN
2026-02-05,D02_CAI_MEP,40GP,DEFICIT,0,81,4,4,81,43,124,0,0,81,43,0,0.7956777996070726,HIGH,4348119,0.16,REALITY_CALIBRATED_V2,PUBLIC_SCALE_PLUS_SYNTHETIC_PATTERN
2026-02-05,D02_CAI_MEP,40HC,SURPLUS,1583,244,10,9,146,52,198,0,0,198,0,1628,1.2718279569892472,HIGH,4348119,0.16,REALITY_CALIBRATED_V2,PUBLIC_SCALE_PLUS_SYNTHETIC_PATTERN
2026-02-05,D03_LONG_SON,20GP,SURPLUS,1704,177,9,9,130,41,171,0,0,171,0,1710,1.2269353128313891,HIGH,4348119,0.16,REALITY_CALIBRATED_V2,PUBLIC_SCALE_PLUS_SYNTHETIC_PATTERN
2026-02-05,D03_LONG_SON,40GP,BALANCED,266,108,5,4,51,14,65,0,0,65,0,308,1.0261194029850744,HIGH,4348119,0.16,REALITY_CALIBRATED_V2,PUBLIC_SCALE_PLUS_SYNTHETIC_PATTERN
2026-02-05,D03_LONG_SON,40HC,BALANCED,140,173,7,6,145,22,167,0,0,167,0,145,1.0514423076923078,HIGH,4348119,0.16,REALITY_CALIBRATED_V2,PUBLIC_SCALE_PLUS_SYNTHETIC_PATTERN
2026-02-06,D01_PHU_MY,20GP,DEFICIT,13,143,7,5,137,61,198,0,0,154,44,0,0.7976352887676216,HIGH,4348119,0.16,REALITY_CALIBRATED_V2,PUBLIC_SCALE_PLUS_SYNTHETIC_PATTERN
2026-02-06,D01_PHU_MY,40GP,SURPLUS,1335,140,6,8,64,8,72,0,0,72,0,1405,1.2831524303916944,HIGH,4348119,0.16,REALITY_CALIBRATED_V2,PUBLIC_SCALE_PLUS_SYNTHETIC_PATTERN
2026-02-06,D01_PHU_MY,40HC,DEFICIT,64,105,4,8,136,35,171,0,0,171,0,2,0.8389720234222511,HIGH,4348119,0.16,REALITY_CALIBRATED_V2,PUBLIC_SCALE_PLUS_SYNTHETIC_PATTERN
2026-02-06,D02_CAI_MEP,20GP,BALANCED,325,139,7,11,132,46,178,0,0,178,0,290,1.01956745623069,HIGH,4348119,0.16,REALITY_CALIBRATED_V2,PUBLIC_SCALE_PLUS_SYNTHETIC_PATTERN
2026-02-06,D02_CAI_MEP,40GP,DEFICIT,0,60,3,4,60,28,88,0,0,61,27,0,0.7956777996070726,HIGH,4348119,0.16,REALITY_CALIBRATED_V2,PUBLIC_SCALE_PLUS_SYNTHETIC_PATTERN
2026-02-06,D02_CAI_MEP,40HC,SURPLUS,1628,256,10,10,105,17,122,0,0,122,0,1762,1.2718279569892472,HIGH,4348119,0.16,REALITY_CALIBRATED_V2,PUBLIC_SCALE_PLUS_SYNTHETIC_PATTERN
2026-02-06,D03_LONG_SON,20GP,SURPLUS,1710,171,9,9,123,54,177,0,0,177,0,1704,1.2269353128313891,HIGH,4348119,0.16,REALITY_CALIBRATED_V2,PUBLIC_SCALE_PLUS_SYNTHETIC_PATTERN
2026-02-06,D03_LONG_SON,40GP,BALANCED,308,104,5,5,83,14,97,0,0,97,0,315,1.0261194029850744,HIGH,4348119,0.16,REALITY_CALIBRATED_V2,PUBLIC_SCALE_PLUS_SYNTHETIC_PATTERN
2026-02-06,D03_LONG_SON,40HC,BALANCED,145,178,7,7,95,33,128,0,0,128,0,195,1.0514423076923078,HIGH,4348119,0.16,REALITY_CALIBRATED_V2,PUBLIC_SCALE_PLUS_SYNTHETIC_PATTERN
2026-02-07,D01_PHU_MY,20GP,DEFICIT,0,123,6,7,123,34,157,0,0,124,33,0,0.7976352887676216,HIGH,4348119,0.16,REALITY_CALIBRATED_V2,PUBLIC_SCALE_PLUS_SYNTHETIC_PATTERN
2026-02-07,D01_PHU_MY,40GP,SURPLUS,1405,149,7,6,85,30,115,0,0,115,0,1438,1.2831524303916944,HIGH,4348119,0.16,REALITY_CALIBRATED_V2,PUBLIC_SCALE_PLUS_SYNTHETIC_PATTERN
2026-02-07,D01_PHU_MY,40HC,DEFICIT,2,105,4,4,83,44,127,0,0,107,20,0,0.8389720234222511,HIGH,4348119,0.16,REALITY_CALIBRATED_V2,PUBLIC_SCALE_PLUS_SYNTHETIC_PATTERN
2026-02-07,D02_CAI_MEP,20GP,BALANCED,290,155,8,7,123,39,162,0,0,162,0,282,1.01956745623069,HIGH,4348119,0.16,REALITY_CALIBRATED_V2,PUBLIC_SCALE_PLUS_SYNTHETIC_PATTERN
2026-02-07,D02_CAI_MEP,40GP,DEFICIT,0,53,2,3,77,11,88,0,0,54,34,0,0.7956777996070726,HIGH,4348119,0.16,REALITY_CALIBRATED_V2,PUBLIC_SCALE_PLUS_SYNTHETIC_PATTERN
2026-02-07,D02_CAI_MEP,40HC,SURPLUS,1762,256,10,10,105,23,128,0,0,128,0,1890,1.2718279569892472,HIGH,4348119,0.16,REALITY_CALIBRATED_V2,PUBLIC_SCALE_PLUS_SYNTHETIC_PATTERN
2026-02-07,D03_LONG_SON,20GP,SURPLUS,1704,198,10,9,109,34,143,0,0,143,0,1758,1.2269353128313891,HIGH,4348119,0.16,REALITY_CALIBRATED_V2,PUBLIC_SCALE_PLUS_SYNTHETIC_PATTERN
2026-02-07,D03_LONG_SON,40GP,BALANCED,315,130,6,5,57,11,68,0,0,68,0,376,1.0261194029850744,HIGH,4348119,0.16,REALITY_CALIBRATED_V2,PUBLIC_SCALE_PLUS_SYNTHETIC_PATTERN
2026-02-07,D03_LONG_SON,40HC,BALANCED,195,117,5,7,106,39,145,0,0,145,0,169,1.0514423076923078,HIGH,4348119,0.16,REALITY_CALIBRATED_V2,PUBLIC_SCALE_PLUS_SYNTHETIC_PATTERN
2026-02-08,D01_PHU_MY,20GP,DEFICIT,0,164,8,6,150,27,177,0,0,162,15,0,0.7976352887676216,HIGH,4348119,0.16,REALITY_CALIBRATED_V2,PUBLIC_SCALE_PLUS_SYNTHETIC_PATTERN
2026-02-08,D01_PHU_MY,40GP,SURPLUS,1438,119,5,7,76,13,89,0,0,89,0,1470,1.2831524303916944,HIGH,4348119,0.16,REALITY_CALIBRATED_V2,PUBLIC_SCALE_PLUS_SYNTHETIC_PATTERN
2026-02-08,D01_PHU_MY,40HC,DEFICIT,0,83,3,4,105,22,127,0,0,84,43,0,0.8389720234222511,HIGH,4348119,0.16,REALITY_CALIBRATED_V2,PUBLIC_SCALE_PLUS_SYNTHETIC_PATTERN
2026-02-08,D02_CAI_MEP,20GP,BALANCED,282,108,5,8,54,31,85,0,0,85,0,308,1.01956745623069,HIGH,4348119,0.16,REALITY_CALIBRATED_V2,PUBLIC_SCALE_PLUS_SYNTHETIC_PATTERN
2026-02-08,D02_CAI_MEP,40GP,DEFICIT,0,67,3,2,81,18,99,0,0,66,33,0,0.7956777996070726,HIGH,4348119,0.16,REALITY_CALIBRATED_V2,PUBLIC_SCALE_PLUS_SYNTHETIC_PATTERN
2026-02-08,D02_CAI_MEP,40HC,SURPLUS,1890,180,7,10,104,35,139,0,0,139,0,1934,1.2718279569892472,HIGH,4348119,0.16,REALITY_CALIBRATED_V2,PUBLIC_SCALE_PLUS_SYNTHETIC_PATTERN
2026-02-08,D03_LONG_SON,20GP,SURPLUS,1758,123,6,10,89,20,109,0,0,109,0,1776,1.2269353128313891,HIGH,4348119,0.16,REALITY_CALIBRATED_V2,PUBLIC_SCALE_PLUS_SYNTHETIC_PATTERN
2026-02-08,D03_LONG_SON,40GP,BALANCED,376,65,3,6,50,11,61,0,0,61,0,383,1.0261194029850744,HIGH,4348119,0.16,REALITY_CALIBRATED_V2,PUBLIC_SCALE_PLUS_SYNTHETIC_PATTERN
2026-02-08,D03_LONG_SON,40HC,BALANCED,169,89,4,5,95,22,117,0,0,117,0,142,1.0514423076923078,HIGH,4348119,0.16,REALITY_CALIBRATED_V2,PUBLIC_SCALE_PLUS_SYNTHETIC_PATTERN
2026-02-09,D01_PHU_MY,20GP,DEFICIT,0,137,7,8,184,82,266,0,0,138,128,0,0.7976352887676216,HIGH,4348119,0.16,REALITY_CALIBRATED_V2,PUBLIC_SCALE_PLUS_SYNTHETIC_PATTERN
2026-02-09,D01_PHU_MY,40GP,SURPLUS,1470,115,5,5,94,21,115,0,0,115,0,1470,1.2831524303916944,HIGH,4348119,0.16,REALITY_CALIBRATED_V2,PUBLIC_SCALE_PLUS_SYNTHETIC_PATTERN
2026-02-09,D01_PHU_MY,40HC,DEFICIT,0,123,5,3,132,53,185,0,0,121,64,0,0.8389720234222511,HIGH,4348119,0.16,REALITY_CALIBRATED_V2,PUBLIC_SCALE_PLUS_SYNTHETIC_PATTERN
2026-02-09,D02_CAI_MEP,20GP,BALANCED,308,216,11,5,123,62,185,0,0,185,0,333,1.01956745623069,HIGH,4348119,0.16,REALITY_CALIBRATED_V2,PUBLIC_SCALE_PLUS_SYNTHETIC_PATTERN
2026-02-09,D02_CAI_MEP,40GP,DEFICIT,0,81,4,3,95,32,127,0,0,80,47,0,0.7956777996070726,HIGH,4348119,0.16,REALITY_CALIBRATED_V2,PUBLIC_SCALE_PLUS_SYNTHETIC_PATTERN
2026-02-09,D02_CAI_MEP,40HC,SURPLUS,1934,203,8,7,157,29,186,0,0,186,0,1950,1.2718279569892472,HIGH,4348119,0.16,REALITY_CALIBRATED_V2,PUBLIC_SCALE_PLUS_SYNTHETIC_PATTERN
2026-02-09,D03_LONG_SON,20GP,SURPLUS,1776,184,9,6,102,41,143,0,0,143,0,1814,1.2269353128313891,HIGH,4348119,0.16,REALITY_CALIBRATED_V2,PUBLIC_SCALE_PLUS_SYNTHETIC_PATTERN
2026-02-09,D03_LONG_SON,40GP,BALANCED,383,112,5,3,76,18,94,0,0,94,0,399,1.0261194029850744,HIGH,4348119,0.16,REALITY_CALIBRATED_V2,PUBLIC_SCALE_PLUS_SYNTHETIC_PATTERN
2026-02-09,D03_LONG_SON,40HC,BALANCED,142,161,6,4,78,22,100,0,0,100,0,201,1.0514423076923078,HIGH,4348119,0.16,REALITY_CALIBRATED_V2,PUBLIC_SCALE_PLUS_SYNTHETIC_PATTERN
2026-02-10,D01_PHU_MY,20GP,DEFICIT,0,143,7,7,157,55,212,0,0,143,69,0,0.7976352887676216,HIGH,4348119,0.16,REALITY_CALIBRATED_V2,PUBLIC_SCALE_PLUS_SYNTHETIC_PATTERN
2026-02-10,D01_PHU_MY,40GP,SURPLUS,1470,123,6,5,85,17,102,0,0,102,0,1490,1.2831524303916944,HIGH,4348119,0.16,REALITY_CALIBRATED_V2,PUBLIC_SCALE_PLUS_SYNTHETIC_PATTERN
2026-02-10,D01_PHU_MY,40HC,DEFICIT,0,158,6,5,145,66,211,0,0,157,54,0,0.8389720234222511,HIGH,4348119,0.16,REALITY_CALIBRATED_V2,PUBLIC_SCALE_PLUS_SYNTHETIC_PATTERN
2026-02-10,D02_CAI_MEP,20GP,BALANCED,333,185,9,11,131,54,185,0,0,185,0,335,1.01956745623069,HIGH,4348119,0.16,REALITY_CALIBRATED_V2,PUBLIC_SCALE_PLUS_SYNTHETIC_PATTERN
2026-02-10,D02_CAI_MEP,40GP,DEFICIT,0,88,4,4,67,14,81,0,0,81,0,7,0.7956777996070726,HIGH,4348119,0.16,REALITY_CALIBRATED_V2,PUBLIC_SCALE_PLUS_SYNTHETIC_PATTERN
2026-02-10,D02_CAI_MEP,40HC,SURPLUS,1950,180,7,8,133,70,203,0,0,203,0,1928,1.2718279569892472,HIGH,4348119,0.16,REALITY_CALIBRATED_V2,PUBLIC_SCALE_PLUS_SYNTHETIC_PATTERN
2026-02-10,D03_LONG_SON,20GP,SURPLUS,1814,157,8,9,82,41,123,0,0,123,0,1849,1.2269353128313891,HIGH,4348119,0.16,REALITY_CALIBRATED_V2,PUBLIC_SCALE_PLUS_SYNTHETIC_PATTERN
2026-02-10,D03_LONG_SON,40GP,BALANCED,399,83,4,5,76,14,90,0,0,90,0,393,1.0261194029850744,HIGH,4348119,0.16,REALITY_CALIBRATED_V2,PUBLIC_SCALE_PLUS_SYNTHETIC_PATTERN
2026-02-10,D03_LONG_SON,40HC,BALANCED,201,156,6,6,105,17,122,0,0,122,0,235,1.0514423076923078,HIGH,4348119,0.16,REALITY_CALIBRATED_V2,PUBLIC_SCALE_PLUS_SYNTHETIC_PATTERN
2026-02-11,D01_PHU_MY,20GP,DEFICIT,0,137,7,7,157,55,212,0,0,137,75,0,0.7976352887676216,HIGH,4348119,0.16,REALITY_CALIBRATED_V2,PUBLIC_SCALE_PLUS_SYNTHETIC_PATTERN
2026-02-11,D01_PHU_MY,40GP,SURPLUS,1490,140,6,6,89,13,102,0,0,102,0,1528,1.2831524303916944,HIGH,4348119,0.16,REALITY_CALIBRATED_V2,PUBLIC_SCALE_PLUS_SYNTHETIC_PATTERN
2026-02-11,D01_PHU_MY,40HC,DEFICIT,0,154,6,6,127,66,193,0,0,154,39,0,0.8389720234222511,HIGH,4348119,0.16,REALITY_CALIBRATED_V2,PUBLIC_SCALE_PLUS_SYNTHETIC_PATTERN
2026-02-11,D02_CAI_MEP,20GP,BALANCED,335,193,10,9,162,62,224,0,0,224,0,303,1.01956745623069,HIGH,4348119,0.16,REALITY_CALIBRATED_V2,PUBLIC_SCALE_PLUS_SYNTHETIC_PATTERN
2026-02-11,D02_CAI_MEP,40GP,DEFICIT,7,103,5,4,103,28,131,0,0,109,22,0,0.7956777996070726,HIGH,4348119,0.16,REALITY_CALIBRATED_V2,PUBLIC_SCALE_PLUS_SYNTHETIC_PATTERN
2026-02-11,D02_CAI_MEP,40HC,SURPLUS,1928,186,7,7,117,17,134,0,0,134,0,1980,1.2718279569892472,HIGH,4348119,0.16,REALITY_CALIBRATED_V2,PUBLIC_SCALE_PLUS_SYNTHETIC_PATTERN
2026-02-11,D03_LONG_SON,20GP,SURPLUS,1849,184,9,8,136,41,177,0,0,177,0,1855,1.2269353128313891,HIGH,4348119,0.16,REALITY_CALIBRATED_V2,PUBLIC_SCALE_PLUS_SYNTHETIC_PATTERN
2026-02-11,D03_LONG_SON,40GP,BALANCED,393,104,5,4,69,14,83,0,0,83,0,413,1.0261194029850744,HIGH,4348119,0.16,REALITY_CALIBRATED_V2,PUBLIC_SCALE_PLUS_SYNTHETIC_PATTERN
2026-02-11,D03_LONG_SON,40HC,BALANCED,235,139,6,6,100,17,117,0,0,117,0,257,1.0514423076923078,HIGH,4348119,0.16,REALITY_CALIBRATED_V2,PUBLIC_SCALE_PLUS_SYNTHETIC_PATTERN
2026-02-12,D01_PHU_MY,20GP,DEFICIT,0,157,8,7,129,55,184,0,0,156,28,0,0.7976352887676216,HIGH,4348119,0.16,REALITY_CALIBRATED_V2,PUBLIC_SCALE_PLUS_SYNTHETIC_PATTERN
2026-02-12,D01_PHU_MY,40GP,SURPLUS,1528,179,8,6,72,13,85,0,0,85,0,1620,1.2831524303916944,HIGH,4348119,0.16,REALITY_CALIBRATED_V2,PUBLIC_SCALE_PLUS_SYNTHETIC_PATTERN
2026-02-12,D01_PHU_MY,40HC,DEFICIT,0,202,8,6,136,62,198,0,0,198,0,2,0.8389720234222511,HIGH,4348119,0.16,REALITY_CALIBRATED_V2,PUBLIC_SCALE_PLUS_SYNTHETIC_PATTERN
2026-02-12,D02_CAI_MEP,20GP,BALANCED,303,209,10,10,163,77,240,0,0,240,0,272,1.01956745623069,HIGH,4348119,0.16,REALITY_CALIBRATED_V2,PUBLIC_SCALE_PLUS_SYNTHETIC_PATTERN
2026-02-12,D02_CAI_MEP,40GP,DEFICIT,0,78,4,5,53,18,71,0,0,71,0,8,0.7956777996070726,HIGH,4348119,0.16,REALITY_CALIBRATED_V2,PUBLIC_SCALE_PLUS_SYNTHETIC_PATTERN
2026-02-12,D02_CAI_MEP,40HC,SURPLUS,1980,192,8,7,127,41,168,0,0,168,0,2003,1.2718279569892472,HIGH,4348119,0.16,REALITY_CALIBRATED_V2,PUBLIC_SCALE_PLUS_SYNTHETIC_PATTERN
2026-02-12,D03_LONG_SON,20GP,SURPLUS,1855,211,11,9,143,14,157,0,0,157,0,1907,1.2269353128313891,HIGH,4348119,0.16,REALITY_CALIBRATED_V2,PUBLIC_SCALE_PLUS_SYNTHETIC_PATTERN
2026-02-12,D03_LONG_SON,40GP,BALANCED,413,104,5,5,94,25,119,0,0,119,0,398,1.0261194029850744,HIGH,4348119,0.16,REALITY_CALIBRATED_V2,PUBLIC_SCALE_PLUS_SYNTHETIC_PATTERN
2026-02-12,D03_LONG_SON,40HC,BALANCED,257,111,4,6,112,22,134,0,0,134,0,236,1.0514423076923078,HIGH,4348119,0.16,REALITY_CALIBRATED_V2,PUBLIC_SCALE_PLUS_SYNTHETIC_PATTERN
2026-02-13,D01_PHU_MY,20GP,DEFICIT,0,116,6,8,164,34,198,0,0,118,80,0,0.7976352887676216,HIGH,4348119,0.16,REALITY_CALIBRATED_V2,PUBLIC_SCALE_PLUS_SYNTHETIC_PATTERN
2026-02-13,D01_PHU_MY,40GP,SURPLUS,1620,170,8,8,89,30,119,0,0,119,0,1671,1.2831524303916944,HIGH,4348119,0.16,REALITY_CALIBRATED_V2,PUBLIC_SCALE_PLUS_SYNTHETIC_PATTERN
2026-02-13,D01_PHU_MY,40HC,DEFICIT,2,158,6,8,176,31,207,0,0,162,45,0,0.8389720234222511,HIGH,4348119,0.16,REALITY_CALIBRATED_V2,PUBLIC_SCALE_PLUS_SYNTHETIC_PATTERN
2026-02-13,D02_CAI_MEP,20GP,BALANCED,272,209,10,10,155,23,178,0,0,178,0,303,1.01956745623069,HIGH,4348119,0.16,REALITY_CALIBRATED_V2,PUBLIC_SCALE_PLUS_SYNTHETIC_PATTERN
2026-02-13,D02_CAI_MEP,40GP,DEFICIT,8,81,4,4,96,21,117,0,0,89,28,0,0.7956777996070726,HIGH,4348119,0.16,REALITY_CALIBRATED_V2,PUBLIC_SCALE_PLUS_SYNTHETIC_PATTERN
2026-02-13,D02_CAI_MEP,40HC,SURPLUS,2003,122,5,8,175,23,198,0,0,198,0,1930,1.2718279569892472,HIGH,4348119,0.16,REALITY_CALIBRATED_V2,PUBLIC_SCALE_PLUS_SYNTHETIC_PATTERN
2026-02-13,D03_LONG_SON,20GP,SURPLUS,1907,218,11,11,123,27,150,0,0,150,0,1975,1.2269353128313891,HIGH,4348119,0.16,REALITY_CALIBRATED_V2,PUBLIC_SCALE_PLUS_SYNTHETIC_PATTERN
2026-02-13,D03_LONG_SON,40GP,BALANCED,398,97,4,5,72,29,101,0,0,101,0,395,1.0261194029850744,HIGH,4348119,0.16,REALITY_CALIBRATED_V2,PUBLIC_SCALE_PLUS_SYNTHETIC_PATTERN
2026-02-13,D03_LONG_SON,40HC,BALANCED,236,122,5,4,100,17,117,0,0,117,0,240,1.0514423076923078,HIGH,4348119,0.16,REALITY_CALIBRATED_V2,PUBLIC_SCALE_PLUS_SYNTHETIC_PATTERN
2026-02-14,D01_PHU_MY,20GP,DEFICIT,0,164,8,6,123,27,150,0,0,150,0,12,0.7976352887676216,HIGH,4348119,0.16,REALITY_CALIBRATED_V2,PUBLIC_SCALE_PLUS_SYNTHETIC_PATTERN
2026-02-14,D01_PHU_MY,40GP,SURPLUS,1671,119,5,8,98,13,111,0,0,111,0,1682,1.2831524303916944,HIGH,4348119,0.16,REALITY_CALIBRATED_V2,PUBLIC_SCALE_PLUS_SYNTHETIC_PATTERN
2026-02-14,D01_PHU_MY,40HC,DEFICIT,0,75,3,6,118,31,149,0,0,78,71,0,0.8389720234222511,HIGH,4348119,0.16,REALITY_CALIBRATED_V2,PUBLIC_SCALE_PLUS_SYNTHETIC_PATTERN
2026-02-14,D02_CAI_MEP,20GP,BALANCED,303,185,9,10,131,31,162,0,0,162,0,327,1.01956745623069,HIGH,4348119,0.16,REALITY_CALIBRATED_V2,PUBLIC_SCALE_PLUS_SYNTHETIC_PATTERN
2026-02-14,D02_CAI_MEP,40GP,DEFICIT,0,92,4,4,70,18,88,0,0,88,0,4,0.7956777996070726,HIGH,4348119,0.16,REALITY_CALIBRATED_V2,PUBLIC_SCALE_PLUS_SYNTHETIC_PATTERN
2026-02-14,D02_CAI_MEP,40HC,SURPLUS,1930,227,9,5,87,29,116,0,0,116,0,2037,1.2718279569892472,HIGH,4348119,0.16,REALITY_CALIBRATED_V2,PUBLIC_SCALE_PLUS_SYNTHETIC_PATTERN
2026-02-14,D03_LONG_SON,20GP,SURPLUS,1975,171,9,11,96,27,123,0,0,123,0,2025,1.2269353128313891,HIGH,4348119,0.16,REALITY_CALIBRATED_V2,PUBLIC_SCALE_PLUS_SYNTHETIC_PATTERN
2026-02-14,D03_LONG_SON,40GP,BALANCED,395,133,6,4,69,25,94,0,0,94,0,432,1.0261194029850744,HIGH,4348119,0.16,REALITY_CALIBRATED_V2,PUBLIC_SCALE_PLUS_SYNTHETIC_PATTERN
2026-02-14,D03_LONG_SON,40HC,BALANCED,240,122,5,5,95,33,128,0,0,128,0,234,1.0514423076923078,HIGH,4348119,0.16,REALITY_CALIBRATED_V2,PUBLIC_SCALE_PLUS_SYNTHETIC_PATTERN
2026-02-15,D01_PHU_MY,20GP,DEFICIT,12,82,4,8,123,27,150,0,0,98,52,0,0.7976352887676216,HIGH,4348119,0.16,REALITY_CALIBRATED_V2,PUBLIC_SCALE_PLUS_SYNTHETIC_PATTERN
2026-02-15,D01_PHU_MY,40GP,SURPLUS,1682,77,3,5,64,13,77,0,0,77,0,1684,1.2831524303916944,HIGH,4348119,0.16,REALITY_CALIBRATED_V2,PUBLIC_SCALE_PLUS_SYNTHETIC_PATTERN
2026-02-15,D01_PHU_MY,40HC,DEFICIT,0,92,4,3,88,13,101,0,0,91,10,0,0.8389720234222511,HIGH,4348119,0.16,REALITY_CALIBRATED_V2,PUBLIC_SCALE_PLUS_SYNTHETIC_PATTERN
2026-02-15,D02_CAI_MEP,20GP,BALANCED,327,108,5,9,147,15,162,0,0,162,0,277,1.01956745623069,HIGH,4348119,0.16,REALITY_CALIBRATED_V2,PUBLIC_SCALE_PLUS_SYNTHETIC_PATTERN
2026-02-15,D02_CAI_MEP,40GP,DEFICIT,4,42,2,4,74,14,88,0,0,48,40,0,0.7956777996070726,HIGH,4348119,0.16,REALITY_CALIBRATED_V2,PUBLIC_SCALE_PLUS_SYNTHETIC_PATTERN
2026-02-15,D02_CAI_MEP,40HC,SURPLUS,2037,151,6,9,81,35,116,0,0,116,0,2075,1.2718279569892472,HIGH,4348119,0.16,REALITY_CALIBRATED_V2,PUBLIC_SCALE_PLUS_SYNTHETIC_PATTERN
2026-02-15,D03_LONG_SON,20GP,SURPLUS,2025,68,3,9,96,34,130,0,0,130,0,1969,1.2269353128313891,HIGH,4348119,0.16,REALITY_CALIBRATED_V2,PUBLIC_SCALE_PLUS_SYNTHETIC_PATTERN
2026-02-15,D03_LONG_SON,40GP,BALANCED,432,86,4,6,47,14,61,0,0,61,0,459,1.0261194029850744,HIGH,4348119,0.16,REALITY_CALIBRATED_V2,PUBLIC_SCALE_PLUS_SYNTHETIC_PATTERN
2026-02-15,D03_LONG_SON,40HC,BALANCED,234,122,5,5,67,33,100,0,0,100,0,256,1.0514423076923078,HIGH,4348119,0.16,REALITY_CALIBRATED_V2,PUBLIC_SCALE_PLUS_SYNTHETIC_PATTERN
2026-02-16,D01_PHU_MY,20GP,DEFICIT,0,82,4,4,129,55,184,0,0,82,102,0,0.7976352887676216,HIGH,4348119,0.16,REALITY_CALIBRATED_V2,PUBLIC_SCALE_PLUS_SYNTHETIC_PATTERN
2026-02-16,D01_PHU_MY,40GP,SURPLUS,1684,153,7,3,81,21,102,0,0,102,0,1731,1.2831524303916944,HIGH,4348119,0.16,REALITY_CALIBRATED_V2,PUBLIC_SCALE_PLUS_SYNTHETIC_PATTERN
2026-02-16,D01_PHU_MY,40HC,DEFICIT,0,132,5,4,114,53,167,0,0,131,36,0,0.8389720234222511,HIGH,4348119,0.16,REALITY_CALIBRATED_V2,PUBLIC_SCALE_PLUS_SYNTHETIC_PATTERN
2026-02-16,D02_CAI_MEP,20GP,BALANCED,277,216,11,5,170,70,240,0,0,240,0,247,1.01956745623069,HIGH,4348119,0.16,REALITY_CALIBRATED_V2,PUBLIC_SCALE_PLUS_SYNTHETIC_PATTERN
2026-02-16,D02_CAI_MEP,40GP,DEFICIT,0,99,4,2,43,14,57,0,0,57,0,40,0.7956777996070726,HIGH,4348119,0.16,REALITY_CALIBRATED_V2,PUBLIC_SCALE_PLUS_SYNTHETIC_PATTERN
2026-02-16,D02_CAI_MEP,40HC,SURPLUS,2075,168,7,6,105,46,151,0,0,151,0,2091,1.2718279569892472,HIGH,4348119,0.16,REALITY_CALIBRATED_V2,PUBLIC_SCALE_PLUS_SYNTHETIC_PATTERN
2026-02-16,D03_LONG_SON,20GP,SURPLUS,1969,198,10,3,95,14,109,0,0,109,0,2051,1.2269353128313891,HIGH,4348119,0.16,REALITY_CALIBRATED_V2,PUBLIC_SCALE_PLUS_SYNTHETIC_PATTERN
2026-02-16,D03_LONG_SON,40GP,BALANCED,459,61,3,4,50,29,79,0,0,79,0,442,1.0261194029850744,HIGH,4348119,0.16,REALITY_CALIBRATED_V2,PUBLIC_SCALE_PLUS_SYNTHETIC_PATTERN
2026-02-16,D03_LONG_SON,40HC,BALANCED,256,122,5,5,73,22,95,0,0,95,0,283,1.0514423076923078,HIGH,4348119,0.16,REALITY_CALIBRATED_V2,PUBLIC_SCALE_PLUS_SYNTHETIC_PATTERN
2026-02-17,D01_PHU_MY,20GP,DEFICIT,0,123,6,4,123,20,143,0,0,121,22,0,0.7976352887676216,HIGH,4348119,0.16,REALITY_CALIBRATED_V2,PUBLIC_SCALE_PLUS_SYNTHETIC_PATTERN
2026-02-17,D01_PHU_MY,40GP,SURPLUS,1731,128,6,7,102,43,145,0,0,145,0,1715,1.2831524303916944,HIGH,4348119,0.16,REALITY_CALIBRATED_V2,PUBLIC_SCALE_PLUS_SYNTHETIC_PATTERN
2026-02-17,D01_PHU_MY,40HC,DEFICIT,0,114,5,5,145,40,185,0,0,114,71,0,0.8389720234222511,HIGH,4348119,0.16,REALITY_CALIBRATED_V2,PUBLIC_SCALE_PLUS_SYNTHETIC_PATTERN
2026-02-17,D02_CAI_MEP,20GP,BALANCED,247,170,8,11,170,31,201,0,0,201,0,219,1.01956745623069,HIGH,4348119,0.16,REALITY_CALIBRATED_V2,PUBLIC_SCALE_PLUS_SYNTHETIC_PATTERN
2026-02-17,D02_CAI_MEP,40GP,DEFICIT,40,60,3,4,88,46,134,0,0,101,33,0,0.7956777996070726,HIGH,4348119,0.16,REALITY_CALIBRATED_V2,PUBLIC_SCALE_PLUS_SYNTHETIC_PATTERN
2026-02-17,D02_CAI_MEP,40HC,SURPLUS,2091,203,8,7,122,29,151,0,0,151,0,2142,1.2718279569892472,HIGH,4348119,0.16,REALITY_CALIBRATED_V2,PUBLIC_SCALE_PLUS_SYNTHETIC_PATTERN
2026-02-17,D03_LONG_SON,20GP,SURPLUS,2051,116,6,10,96,34,130,0,0,130,0,2041,1.2269353128313891,HIGH,4348119,0.16,REALITY_CALIBRATED_V2,PUBLIC_SCALE_PLUS_SYNTHETIC_PATTERN
2026-02-17,D03_LONG_SON,40GP,BALANCED,442,90,4,3,79,11,90,0,0,90,0,441,1.0261194029850744,HIGH,4348119,0.16,REALITY_CALIBRATED_V2,PUBLIC_SCALE_PLUS_SYNTHETIC_PATTERN
2026-02-17,D03_LONG_SON,40HC,BALANCED,283,156,6,5,61,28,89,0,0,89,0,349,1.0514423076923078,HIGH,4348119,0.16,REALITY_CALIBRATED_V2,PUBLIC_SCALE_PLUS_SYNTHETIC_PATTERN
2026-02-18,D01_PHU_MY,20GP,DEFICIT,0,102,5,6,95,48,143,0,0,103,40,0,0.7976352887676216,HIGH,4348119,0.16,REALITY_CALIBRATED_V2,PUBLIC_SCALE_PLUS_SYNTHETIC_PATTERN
2026-02-18,D01_PHU_MY,40GP,SURPLUS,1715,145,7,6,72,13,85,0,0,85,0,1774,1.2831524303916944,HIGH,4348119,0.16,REALITY_CALIBRATED_V2,PUBLIC_SCALE_PLUS_SYNTHETIC_PATTERN
2026-02-18,D01_PHU_MY,40HC,DEFICIT,0,110,4,5,62,35,97,0,0,97,0,14,0.8389720234222511,HIGH,4348119,0.16,REALITY_CALIBRATED_V2,PUBLIC_SCALE_PLUS_SYNTHETIC_PATTERN
2026-02-18,D02_CAI_MEP,20GP,BALANCED,219,162,8,8,154,70,224,0,0,224,0,157,1.01956745623069,HIGH,4348119,0.16,REALITY_CALIBRATED_V2,PUBLIC_SCALE_PLUS_SYNTHETIC_PATTERN
2026-02-18,D02_CAI_MEP,40GP,DEFICIT,0,53,2,3,88,32,120,0,0,54,66,0,0.7956777996070726,HIGH,4348119,0.16,REALITY_CALIBRATED_V2,PUBLIC_SCALE_PLUS_SYNTHETIC_PATTERN
2026-02-18,D02_CAI_MEP,40HC,SURPLUS,2142,186,7,8,93,46,139,0,0,139,0,2190,1.2718279569892472,HIGH,4348119,0.16,REALITY_CALIBRATED_V2,PUBLIC_SCALE_PLUS_SYNTHETIC_PATTERN
2026-02-18,D03_LONG_SON,20GP,SURPLUS,2041,198,10,6,116,20,136,0,0,136,0,2099,1.2269353128313891,HIGH,4348119,0.16,REALITY_CALIBRATED_V2,PUBLIC_SCALE_PLUS_SYNTHETIC_PATTERN
2026-02-18,D03_LONG_SON,40GP,BALANCED,441,61,3,4,68,22,90,0,0,90,0,413,1.0261194029850744,HIGH,4348119,0.16,REALITY_CALIBRATED_V2,PUBLIC_SCALE_PLUS_SYNTHETIC_PATTERN
2026-02-18,D03_LONG_SON,40HC,BALANCED,349,139,6,6,78,22,100,0,0,100,0,388,1.0514423076923078,HIGH,4348119,0.16,REALITY_CALIBRATED_V2,PUBLIC_SCALE_PLUS_SYNTHETIC_PATTERN
2026-02-19,D01_PHU_MY,20GP,DEFICIT,0,191,10,5,96,27,123,0,0,123,0,63,0.7976352887676216,HIGH,4348119,0.16,REALITY_CALIBRATED_V2,PUBLIC_SCALE_PLUS_SYNTHETIC_PATTERN
2026-02-19,D01_PHU_MY,40GP,SURPLUS,1774,111,5,7,68,21,89,0,0,89,0,1798,1.2831524303916944,HIGH,4348119,0.16,REALITY_CALIBRATED_V2,PUBLIC_SCALE_PLUS_SYNTHETIC_PATTERN
2026-02-19,D01_PHU_MY,40HC,DEFICIT,14,141,6,4,110,44,154,0,0,153,1,0,0.8389720234222511,HIGH,4348119,0.16,REALITY_CALIBRATED_V2,PUBLIC_SCALE_PLUS_SYNTHETIC_PATTERN
2026-02-19,D02_CAI_MEP,20GP,BALANCED,157,147,7,8,116,46,162,0,0,162,0,143,1.01956745623069,HIGH,4348119,0.16,REALITY_CALIBRATED_V2,PUBLIC_SCALE_PLUS_SYNTHETIC_PATTERN
2026-02-19,D02_CAI_MEP,40GP,DEFICIT,0,88,4,2,63,25,88,0,0,86,2,0,0.7956777996070726,HIGH,4348119,0.16,REALITY_CALIBRATED_V2,PUBLIC_SCALE_PLUS_SYNTHETIC_PATTERN
2026-02-19,D02_CAI_MEP,40HC,SURPLUS,2190,163,7,7,111,23,134,0,0,134,0,2219,1.2718279569892472,HIGH,4348119,0.16,REALITY_CALIBRATED_V2,PUBLIC_SCALE_PLUS_SYNTHETIC_PATTERN
2026-02-19,D03_LONG_SON,20GP,SURPLUS,2099,198,10,10,150,27,177,0,0,177,0,2120,1.2269353128313891,HIGH,4348119,0.16,REALITY_CALIBRATED_V2,PUBLIC_SCALE_PLUS_SYNTHETIC_PATTERN
2026-02-19,D03_LONG_SON,40GP,BALANCED,413,108,5,3,65,29,94,0,0,94,0,425,1.0261194029850744,HIGH,4348119,0.16,REALITY_CALIBRATED_V2,PUBLIC_SCALE_PLUS_SYNTHETIC_PATTERN
2026-02-19,D03_LONG_SON,40HC,BALANCED,388,122,5,6,67,11,78,0,0,78,0,433,1.0514423076923078,HIGH,4348119,0.16,REALITY_CALIBRATED_V2,PUBLIC_SCALE_PLUS_SYNTHETIC_PATTERN
2026-02-20,D01_PHU_MY,20GP,DEFICIT,63,96,5,10,164,34,198,0,0,164,34,0,0.7976352887676216,HIGH,4348119,0.16,REALITY_CALIBRATED_V2,PUBLIC_SCALE_PLUS_SYNTHETIC_PATTERN
2026-02-20,D01_PHU_MY,40GP,SURPLUS,1798,123,6,5,64,17,81,0,0,81,0,1839,1.2831524303916944,HIGH,4348119,0.16,REALITY_CALIBRATED_V2,PUBLIC_SCALE_PLUS_SYNTHETIC_PATTERN
2026-02-20,D01_PHU_MY,40HC,DEFICIT,0,158,6,6,149,40,189,0,0,158,31,0,0.8389720234222511,HIGH,4348119,0.16,REALITY_CALIBRATED_V2,PUBLIC_SCALE_PLUS_SYNTHETIC_PATTERN
2026-02-20,D02_CAI_MEP,20GP,BALANCED,143,170,8,7,170,46,216,0,0,216,0,96,1.01956745623069,HIGH,4348119,0.16,REALITY_CALIBRATED_V2,PUBLIC_SCALE_PLUS_SYNTHETIC_PATTERN
2026-02-20,D02_CAI_MEP,40GP,DEFICIT,0,106,5,4,89,28,117,0,0,105,12,0,0.7956777996070726,HIGH,4348119,0.16,REALITY_CALIBRATED_V2,PUBLIC_SCALE_PLUS_SYNTHETIC_PATTERN
2026-02-20,D02_CAI_MEP,40HC,SURPLUS,2219,186,7,7,87,29,116,0,0,116,0,2289,1.2718279569892472,HIGH,4348119,0.16,REALITY_CALIBRATED_V2,PUBLIC_SCALE_PLUS_SYNTHETIC_PATTERN
2026-02-20,D03_LONG_SON,20GP,SURPLUS,2120,123,6,10,116,27,143,0,0,143,0,2104,1.2269353128313891,HIGH,4348119,0.16,REALITY_CALIBRATED_V2,PUBLIC_SCALE_PLUS_SYNTHETIC_PATTERN
2026-02-20,D03_LONG_SON,40GP,BALANCED,425,108,5,5,47,18,65,0,0,65,0,468,1.0261194029850744,HIGH,4348119,0.16,REALITY_CALIBRATED_V2,PUBLIC_SCALE_PLUS_SYNTHETIC_PATTERN
2026-02-20,D03_LONG_SON,40HC,BALANCED,433,139,6,5,56,22,78,0,0,78,0,493,1.0514423076923078,HIGH,4348119,0.16,REALITY_CALIBRATED_V2,PUBLIC_SCALE_PLUS_SYNTHETIC_PATTERN
2026-02-21,D01_PHU_MY,20GP,DEFICIT,0,116,6,5,47,14,61,0,0,61,0,54,0.7976352887676216,HIGH,4348119,0.16,REALITY_CALIBRATED_V2,PUBLIC_SCALE_PLUS_SYNTHETIC_PATTERN
2026-02-21,D01_PHU_MY,40GP,SURPLUS,1839,81,4,6,64,21,85,0,0,85,0,1837,1.2831524303916944,HIGH,4348119,0.16,REALITY_CALIBRATED_V2,PUBLIC_SCALE_PLUS_SYNTHETIC_PATTERN
2026-02-21,D01_PHU_MY,40HC,DEFICIT,0,119,5,6,128,48,176,0,0,120,56,0,0.8389720234222511,HIGH,4348119,0.16,REALITY_CALIBRATED_V2,PUBLIC_SCALE_PLUS_SYNTHETIC_PATTERN
2026-02-21,D02_CAI_MEP,20GP,BALANCED,96,139,7,8,101,23,124,0,0,124,0,112,1.01956745623069,HIGH,4348119,0.16,REALITY_CALIBRATED_V2,PUBLIC_SCALE_PLUS_SYNTHETIC_PATTERN
2026-02-21,D02_CAI_MEP,40GP,DEFICIT,0,67,3,5,85,21,106,0,0,69,37,0,0.7956777996070726,HIGH,4348119,0.16,REALITY_CALIBRATED_V2,PUBLIC_SCALE_PLUS_SYNTHETIC_PATTERN
2026-02-21,D02_CAI_MEP,40HC,SURPLUS,2289,128,5,7,99,29,128,0,0,128,0,2291,1.2718279569892472,HIGH,4348119,0.16,REALITY_CALIBRATED_V2,PUBLIC_SCALE_PLUS_SYNTHETIC_PATTERN
2026-02-21,D03_LONG_SON,20GP,SURPLUS,2104,102,5,6,137,27,164,0,0,164,0,2043,1.2269353128313891,HIGH,4348119,0.16,REALITY_CALIBRATED_V2,PUBLIC_SCALE_PLUS_SYNTHETIC_PATTERN
2026-02-21,D03_LONG_SON,40GP,BALANCED,468,65,3,5,43,11,54,0,0,54,0,481,1.0261194029850744,HIGH,4348119,0.16,REALITY_CALIBRATED_V2,PUBLIC_SCALE_PLUS_SYNTHETIC_PATTERN
2026-02-21,D03_LONG_SON,40HC,BALANCED,493,156,6,6,100,34,134,0,0,134,0,515,1.0514423076923078,HIGH,4348119,0.16,REALITY_CALIBRATED_V2,PUBLIC_SCALE_PLUS_SYNTHETIC_PATTERN
2026-02-22,D01_PHU_MY,20GP,DEFICIT,54,150,8,6,109,21,130,0,0,130,0,72,0.7976352887676216,HIGH,4348119,0.16,REALITY_CALIBRATED_V2,PUBLIC_SCALE_PLUS_SYNTHETIC_PATTERN
2026-02-22,D01_PHU_MY,40GP,SURPLUS,1837,64,3,4,55,26,81,0,0,81,0,1821,1.2831524303916944,HIGH,4348119,0.16,REALITY_CALIBRATED_V2,PUBLIC_SCALE_PLUS_SYNTHETIC_PATTERN
2026-02-22,D01_PHU_MY,40HC,DEFICIT,0,75,3,5,79,31,110,0,0,77,33,0,0.8389720234222511,HIGH,4348119,0.16,REALITY_CALIBRATED_V2,PUBLIC_SCALE_PLUS_SYNTHETIC_PATTERN
2026-02-22,D02_CAI_MEP,20GP,BALANCED,112,124,6,7,93,31,124,0,0,124,0,113,1.01956745623069,HIGH,4348119,0.16,REALITY_CALIBRATED_V2,PUBLIC_SCALE_PLUS_SYNTHETIC_PATTERN
2026-02-22,D02_CAI_MEP,40GP,DEFICIT,0,60,3,3,75,21,96,0,0,60,36,0,0.7956777996070726,HIGH,4348119,0.16,REALITY_CALIBRATED_V2,PUBLIC_SCALE_PLUS_SYNTHETIC_PATTERN
2026-02-22,D02_CAI_MEP,40HC,SURPLUS,2291,116,5,5,58,29,87,0,0,87,0,2320,1.2718279569892472,HIGH,4348119,0.16,REALITY_CALIBRATED_V2,PUBLIC_SCALE_PLUS_SYNTHETIC_PATTERN
2026-02-22,D03_LONG_SON,20GP,SURPLUS,2043,150,8,5,41,20,61,0,0,61,0,2129,1.2269353128313891,HIGH,4348119,0.16,REALITY_CALIBRATED_V2,PUBLIC_SCALE_PLUS_SYNTHETIC_PATTERN
2026-02-22,D03_LONG_SON,40GP,BALANCED,481,68,3,3,29,11,40,0,0,40,0,509,1.0261194029850744,HIGH,4348119,0.16,REALITY_CALIBRATED_V2,PUBLIC_SCALE_PLUS_SYNTHETIC_PATTERN
2026-02-22,D03_LONG_SON,40HC,BALANCED,515,134,5,6,72,28,100,0,0,100,0,550,1.0514423076923078,HIGH,4348119,0.16,REALITY_CALIBRATED_V2,PUBLIC_SCALE_PLUS_SYNTHETIC_PATTERN
2026-02-23,D01_PHU_MY,20GP,DEFICIT,72,123,6,8,157,20,177,0,0,177,0,20,0.7976352887676216,HIGH,4348119,0.16,REALITY_CALIBRATED_V2,PUBLIC_SCALE_PLUS_SYNTHETIC_PATTERN
2026-02-23,D01_PHU_MY,40GP,SURPLUS,1821,102,5,3,47,21,68,0,0,68,0,1853,1.2831524303916944,HIGH,4348119,0.16,REALITY_CALIBRATED_V2,PUBLIC_SCALE_PLUS_SYNTHETIC_PATTERN
2026-02-23,D01_PHU_MY,40HC,DEFICIT,0,114,5,3,136,40,176,0,0,112,64,0,0.8389720234222511,HIGH,4348119,0.16,REALITY_CALIBRATED_V2,PUBLIC_SCALE_PLUS_SYNTHETIC_PATTERN
2026-02-23,D02_CAI_MEP,20GP,BALANCED,113,139,7,6,92,39,131,0,0,131,0,120,1.01956745623069,HIGH,4348119,0.16,REALITY_CALIBRATED_V2,PUBLIC_SCALE_PLUS_SYNTHETIC_PATTERN
2026-02-23,D02_CAI_MEP,40GP,DEFICIT,0,71,3,3,92,11,103,0,0,71,32,0,0.7956777996070726,HIGH,4348119,0.16,REALITY_CALIBRATED_V2,PUBLIC_SCALE_PLUS_SYNTHETIC_PATTERN
2026-02-23,D02_CAI_MEP,40HC,SURPLUS,2320,221,9,5,128,17,145,0,0,145,0,2392,1.2718279569892472,HIGH,4348119,0.16,REALITY_CALIBRATED_V2,PUBLIC_SCALE_PLUS_SYNTHETIC_PATTERN
2026-02-23,D03_LONG_SON,20GP,SURPLUS,2129,164,8,8,116,48,164,0,0,164,0,2129,1.2269353128313891,HIGH,4348119,0.16,REALITY_CALIBRATED_V2,PUBLIC_SCALE_PLUS_SYNTHETIC_PATTERN
2026-02-23,D03_LONG_SON,40GP,BALANCED,509,119,5,3,72,25,97,0,0,97,0,529,1.0261194029850744,HIGH,4348119,0.16,REALITY_CALIBRATED_V2,PUBLIC_SCALE_PLUS_SYNTHETIC_PATTERN
2026-02-23,D03_LONG_SON,40HC,BALANCED,550,100,4,5,78,28,106,0,0,106,0,545,1.0514423076923078,HIGH,4348119,0.16,REALITY_CALIBRATED_V2,PUBLIC_SCALE_PLUS_SYNTHETIC_PATTERN
2026-02-24,D01_PHU_MY,20GP,DEFICIT,20,109,5,6,144,27,171,0,0,130,41,0,0.7976352887676216,HIGH,4348119,0.16,REALITY_CALIBRATED_V2,PUBLIC_SCALE_PLUS_SYNTHETIC_PATTERN
2026-02-24,D01_PHU_MY,40GP,SURPLUS,1853,81,4,5,90,21,111,0,0,111,0,1824,1.2831524303916944,HIGH,4348119,0.16,REALITY_CALIBRATED_V2,PUBLIC_SCALE_PLUS_SYNTHETIC_PATTERN
2026-02-24,D01_PHU_MY,40HC,DEFICIT,0,101,4,5,115,26,141,0,0,102,39,0,0.8389720234222511,HIGH,4348119,0.16,REALITY_CALIBRATED_V2,PUBLIC_SCALE_PLUS_SYNTHETIC_PATTERN
2026-02-24,D02_CAI_MEP,20GP,BALANCED,120,147,7,7,124,46,170,0,0,170,0,97,1.01956745623069,HIGH,4348119,0.16,REALITY_CALIBRATED_V2,PUBLIC_SCALE_PLUS_SYNTHETIC_PATTERN
2026-02-24,D02_CAI_MEP,40GP,DEFICIT,0,71,3,3,60,28,88,0,0,71,17,0,0.7956777996070726,HIGH,4348119,0.16,REALITY_CALIBRATED_V2,PUBLIC_SCALE_PLUS_SYNTHETIC_PATTERN
2026-02-24,D02_CAI_MEP,40HC,SURPLUS,2392,203,8,9,93,35,128,0,0,128,0,2468,1.2718279569892472,HIGH,4348119,0.16,REALITY_CALIBRATED_V2,PUBLIC_SCALE_PLUS_SYNTHETIC_PATTERN
2026-02-24,D03_LONG_SON,20GP,SURPLUS,2129,191,10,8,130,27,157,0,0,157,0,2161,1.2269353128313891,HIGH,4348119,0.16,REALITY_CALIBRATED_V2,PUBLIC_SCALE_PLUS_SYNTHETIC_PATTERN
2026-02-24,D03_LONG_SON,40GP,BALANCED,529,76,3,5,65,14,79,0,0,79,0,528,1.0261194029850744,HIGH,4348119,0.16,REALITY_CALIBRATED_V2,PUBLIC_SCALE_PLUS_SYNTHETIC_PATTERN
2026-02-24,D03_LONG_SON,40HC,BALANCED,545,111,4,4,72,17,89,0,0,89,0,567,1.0514423076923078,HIGH,4348119,0.16,REALITY_CALIBRATED_V2,PUBLIC_SCALE_PLUS_SYNTHETIC_PATTERN
2026-02-25,D01_PHU_MY,20GP,DEFICIT,0,116,6,5,191,21,212,0,0,115,97,0,0.7976352887676216,HIGH,4348119,0.16,REALITY_CALIBRATED_V2,PUBLIC_SCALE_PLUS_SYNTHETIC_PATTERN
2026-02-25,D01_PHU_MY,40GP,SURPLUS,1824,128,6,4,119,26,145,0,0,145,0,1805,1.2831524303916944,HIGH,4348119,0.16,REALITY_CALIBRATED_V2,PUBLIC_SCALE_PLUS_SYNTHETIC_PATTERN
2026-02-25,D01_PHU_MY,40HC,DEFICIT,0,114,5,4,141,35,176,0,0,113,63,0,0.8389720234222511,HIGH,4348119,0.16,REALITY_CALIBRATED_V2,PUBLIC_SCALE_PLUS_SYNTHETIC_PATTERN
2026-02-25,D02_CAI_MEP,20GP,BALANCED,97,116,6,7,108,16,124,0,0,124,0,90,1.01956745623069,HIGH,4348119,0.16,REALITY_CALIBRATED_V2,PUBLIC_SCALE_PLUS_SYNTHETIC_PATTERN
2026-02-25,D02_CAI_MEP,40GP,DEFICIT,0,81,4,3,99,18,117,0,0,80,37,0,0.7956777996070726,HIGH,4348119,0.16,REALITY_CALIBRATED_V2,PUBLIC_SCALE_PLUS_SYNTHETIC_PATTERN
2026-02-25,D02_CAI_MEP,40HC,SURPLUS,2468,203,8,8,116,58,174,0,0,174,0,2497,1.2718279569892472,HIGH,4348119,0.16,REALITY_CALIBRATED_V2,PUBLIC_SCALE_PLUS_SYNTHETIC_PATTERN
2026-02-25,D03_LONG_SON,20GP,SURPLUS,2161,171,9,10,61,14,75,0,0,75,0,2258,1.2269353128313891,HIGH,4348119,0.16,REALITY_CALIBRATED_V2,PUBLIC_SCALE_PLUS_SYNTHETIC_PATTERN
2026-02-25,D03_LONG_SON,40GP,BALANCED,528,58,3,3,54,7,61,0,0,61,0,525,1.0261194029850744,HIGH,4348119,0.16,REALITY_CALIBRATED_V2,PUBLIC_SCALE_PLUS_SYNTHETIC_PATTERN
2026-02-25,D03_LONG_SON,40HC,BALANCED,567,128,5,4,122,17,139,0,0,139,0,555,1.0514423076923078,HIGH,4348119,0.16,REALITY_CALIBRATED_V2,PUBLIC_SCALE_PLUS_SYNTHETIC_PATTERN
2026-02-26,D01_PHU_MY,20GP,DEFICIT,0,184,9,6,157,68,225,0,0,181,44,0,0.7976352887676216,HIGH,4348119,0.16,REALITY_CALIBRATED_V2,PUBLIC_SCALE_PLUS_SYNTHETIC_PATTERN
2026-02-26,D01_PHU_MY,40GP,SURPLUS,1805,157,7,6,72,30,102,0,0,102,0,1859,1.2831524303916944,HIGH,4348119,0.16,REALITY_CALIBRATED_V2,PUBLIC_SCALE_PLUS_SYNTHETIC_PATTERN
2026-02-26,D01_PHU_MY,40HC,DEFICIT,0,145,6,5,119,26,145,0,0,144,1,0,0.8389720234222511,HIGH,4348119,0.16,REALITY_CALIBRATED_V2,PUBLIC_SCALE_PLUS_SYNTHETIC_PATTERN
2026-02-26,D02_CAI_MEP,20GP,BALANCED,90,224,11,6,116,31,147,0,0,147,0,162,1.01956745623069,HIGH,4348119,0.16,REALITY_CALIBRATED_V2,PUBLIC_SCALE_PLUS_SYNTHETIC_PATTERN
2026-02-26,D02_CAI_MEP,40GP,DEFICIT,0,92,4,4,67,25,92,0,0,92,0,0,0.7956777996070726,HIGH,4348119,0.16,REALITY_CALIBRATED_V2,PUBLIC_SCALE_PLUS_SYNTHETIC_PATTERN
2026-02-26,D02_CAI_MEP,40HC,SURPLUS,2497,186,7,8,197,35,232,0,0,232,0,2452,1.2718279569892472,HIGH,4348119,0.16,REALITY_CALIBRATED_V2,PUBLIC_SCALE_PLUS_SYNTHETIC_PATTERN
2026-02-26,D03_LONG_SON,20GP,SURPLUS,2258,232,12,9,82,34,116,0,0,116,0,2371,1.2269353128313891,HIGH,4348119,0.16,REALITY_CALIBRATED_V2,PUBLIC_SCALE_PLUS_SYNTHETIC_PATTERN
2026-02-26,D03_LONG_SON,40GP,BALANCED,525,83,4,3,76,18,94,0,0,94,0,513,1.0261194029850744,HIGH,4348119,0.16,REALITY_CALIBRATED_V2,PUBLIC_SCALE_PLUS_SYNTHETIC_PATTERN
2026-02-26,D03_LONG_SON,40HC,BALANCED,555,206,8,5,100,22,122,0,0,122,0,636,1.0514423076923078,HIGH,4348119,0.16,REALITY_CALIBRATED_V2,PUBLIC_SCALE_PLUS_SYNTHETIC_PATTERN
2026-02-27,D01_PHU_MY,20GP,DEFICIT,0,123,6,9,116,48,164,0,0,126,38,0,0.7976352887676216,HIGH,4348119,0.16,REALITY_CALIBRATED_V2,PUBLIC_SCALE_PLUS_SYNTHETIC_PATTERN
2026-02-27,D01_PHU_MY,40GP,SURPLUS,1859,123,6,7,68,26,94,0,0,94,0,1889,1.2831524303916944,HIGH,4348119,0.16,REALITY_CALIBRATED_V2,PUBLIC_SCALE_PLUS_SYNTHETIC_PATTERN
2026-02-27,D01_PHU_MY,40HC,DEFICIT,0,132,5,6,110,35,145,0,0,133,12,0,0.8389720234222511,HIGH,4348119,0.16,REALITY_CALIBRATED_V2,PUBLIC_SCALE_PLUS_SYNTHETIC_PATTERN
2026-02-27,D02_CAI_MEP,20GP,BALANCED,162,178,9,11,132,46,178,0,0,178,0,164,1.01956745623069,HIGH,4348119,0.16,REALITY_CALIBRATED_V2,PUBLIC_SCALE_PLUS_SYNTHETIC_PATTERN
2026-02-27,D02_CAI_MEP,40GP,DEFICIT,0,131,6,4,60,18,78,0,0,78,0,51,0.7956777996070726,HIGH,4348119,0.16,REALITY_CALIBRATED_V2,PUBLIC_SCALE_PLUS_SYNTHETIC_PATTERN
2026-02-27,D02_CAI_MEP,40HC,SURPLUS,2452,261,10,7,157,52,209,0,0,209,0,2501,1.2718279569892472,HIGH,4348119,0.16,REALITY_CALIBRATED_V2,PUBLIC_SCALE_PLUS_SYNTHETIC_PATTERN
2026-02-27,D03_LONG_SON,20GP,SURPLUS,2371,164,8,12,109,34,143,0,0,143,0,2396,1.2269353128313891,HIGH,4348119,0.16,REALITY_CALIBRATED_V2,PUBLIC_SCALE_PLUS_SYNTHETIC_PATTERN
2026-02-27,D03_LONG_SON,40GP,BALANCED,513,83,4,4,65,7,72,0,0,72,0,524,1.0261194029850744,HIGH,4348119,0.16,REALITY_CALIBRATED_V2,PUBLIC_SCALE_PLUS_SYNTHETIC_PATTERN
2026-02-27,D03_LONG_SON,40HC,BALANCED,636,156,6,8,78,28,106,0,0,106,0,688,1.0514423076923078,HIGH,4348119,0.16,REALITY_CALIBRATED_V2,PUBLIC_SCALE_PLUS_SYNTHETIC_PATTERN
2026-02-28,D01_PHU_MY,20GP,DEFICIT,0,143,7,6,109,34,143,0,0,142,1,0,0.7976352887676216,HIGH,4348119,0.16,REALITY_CALIBRATED_V2,PUBLIC_SCALE_PLUS_SYNTHETIC_PATTERN
2026-02-28,D01_PHU_MY,40GP,SURPLUS,1889,85,4,6,98,25,123,0,0,123,0,1853,1.2831524303916944,HIGH,4348119,0.16,REALITY_CALIBRATED_V2,PUBLIC_SCALE_PLUS_SYNTHETIC_PATTERN
2026-02-28,D01_PHU_MY,40HC,DEFICIT,0,97,4,5,101,31,132,0,0,98,34,0,0.8389720234222511,HIGH,4348119,0.16,REALITY_CALIBRATED_V2,PUBLIC_SCALE_PLUS_SYNTHETIC_PATTERN
2026-02-28,D02_CAI_MEP,20GP,BALANCED,164,155,8,9,85,8,93,0,0,93,0,227,1.01956745623069,HIGH,4348119,0.16,REALITY_CALIBRATED_V2,PUBLIC_SCALE_PLUS_SYNTHETIC_PATTERN
2026-02-28,D02_CAI_MEP,40GP,DEFICIT,51,42,2,6,63,11,74,0,0,74,0,23,0.7956777996070726,HIGH,4348119,0.16,REALITY_CALIBRATED_V2,PUBLIC_SCALE_PLUS_SYNTHETIC_PATTERN
2026-02-28,D02_CAI_MEP,40HC,SURPLUS,2501,128,5,10,104,35,139,0,0,139,0,2495,1.2718279569892472,HIGH,4348119,0.16,REALITY_CALIBRATED_V2,PUBLIC_SCALE_PLUS_SYNTHETIC_PATTERN
2026-02-28,D03_LONG_SON,20GP,SURPLUS,2396,171,9,8,89,41,130,0,0,130,0,2436,1.2269353128313891,HIGH,4348119,0.16,REALITY_CALIBRATED_V2,PUBLIC_SCALE_PLUS_SYNTHETIC_PATTERN
2026-02-28,D03_LONG_SON,40GP,BALANCED,524,122,5,4,87,14,101,0,0,101,0,544,1.0261194029850744,HIGH,4348119,0.16,REALITY_CALIBRATED_V2,PUBLIC_SCALE_PLUS_SYNTHETIC_PATTERN
2026-02-28,D03_LONG_SON,40HC,BALANCED,688,95,4,6,100,28,128,0,0,128,0,657,1.0514423076923078,HIGH,4348119,0.16,REALITY_CALIBRATED_V2,PUBLIC_SCALE_PLUS_SYNTHETIC_PATTERN
2026-03-01,D01_PHU_MY,20GP,DEFICIT,0,75,4,7,95,14,109,0,0,78,31,0,0.7976352887676216,HIGH,4348119,0.16,REALITY_CALIBRATED_V2,PUBLIC_SCALE_PLUS_SYNTHETIC_PATTERN
2026-03-01,D01_PHU_MY,40GP,SURPLUS,1853,136,6,4,55,9,64,0,0,64,0,1923,1.2831524303916944,HIGH,4348119,0.16,REALITY_CALIBRATED_V2,PUBLIC_SCALE_PLUS_SYNTHETIC_PATTERN
2026-03-01,D01_PHU_MY,40HC,DEFICIT,0,101,4,4,101,40,141,0,0,101,40,0,0.8389720234222511,HIGH,4348119,0.16,REALITY_CALIBRATED_V2,PUBLIC_SCALE_PLUS_SYNTHETIC_PATTERN
2026-03-01,D02_CAI_MEP,20GP,BALANCED,227,124,6,8,108,23,131,0,0,131,0,222,1.01956745623069,HIGH,4348119,0.16,REALITY_CALIBRATED_V2,PUBLIC_SCALE_PLUS_SYNTHETIC_PATTERN
2026-03-01,D02_CAI_MEP,40GP,DEFICIT,23,71,3,2,60,25,85,0,0,85,0,8,0.7956777996070726,HIGH,4348119,0.16,REALITY_CALIBRATED_V2,PUBLIC_SCALE_PLUS_SYNTHETIC_PATTERN
2026-03-01,D02_CAI_MEP,40HC,SURPLUS,2495,168,7,5,47,23,70,0,0,70,0,2591,1.2718279569892472,HIGH,4348119,0.16,REALITY_CALIBRATED_V2,PUBLIC_SCALE_PLUS_SYNTHETIC_PATTERN
2026-03-01,D03_LONG_SON,20GP,SURPLUS,2436,89,4,9,68,21,89,0,0,89,0,2441,1.2269353128313891,HIGH,4348119,0.16,REALITY_CALIBRATED_V2,PUBLIC_SCALE_PLUS_SYNTHETIC_PATTERN
2026-03-01,D03_LONG_SON,40GP,BALANCED,544,61,3,5,75,11,86,0,0,86,0,521,1.0261194029850744,HIGH,4348119,0.16,REALITY_CALIBRATED_V2,PUBLIC_SCALE_PLUS_SYNTHETIC_PATTERN
2026-03-01,D03_LONG_SON,40HC,BALANCED,657,111,4,4,78,11,89,0,0,89,0,679,1.0514423076923078,HIGH,4348119,0.16,REALITY_CALIBRATED_V2,PUBLIC_SCALE_PLUS_SYNTHETIC_PATTERN
2026-03-02,D01_PHU_MY,20GP,DEFICIT,0,75,4,4,109,41,150,0,0,75,75,0,0.7976352887676216,HIGH,4348119,0.16,REALITY_CALIBRATED_V2,PUBLIC_SCALE_PLUS_SYNTHETIC_PATTERN
2026-03-02,D01_PHU_MY,40GP,SURPLUS,1923,140,6,6,98,30,128,0,0,128,0,1935,1.2831524303916944,HIGH,4348119,0.16,REALITY_CALIBRATED_V2,PUBLIC_SCALE_PLUS_SYNTHETIC_PATTERN
2026-03-02,D01_PHU_MY,40HC,DEFICIT,0,154,6,4,114,18,132,0,0,132,0,20,0.8389720234222511,HIGH,4348119,0.16,REALITY_CALIBRATED_V2,PUBLIC_SCALE_PLUS_SYNTHETIC_PATTERN
2026-03-02,D02_CAI_MEP,20GP,BALANCED,222,193,10,6,131,62,193,0,0,193,0,218,1.01956745623069,HIGH,4348119,0.16,REALITY_CALIBRATED_V2,PUBLIC_SCALE_PLUS_SYNTHETIC_PATTERN
2026-03-02,D02_CAI_MEP,40GP,DEFICIT,8,78,4,3,85,32,117,0,0,85,32,0,0.7956777996070726,HIGH,4348119,0.16,REALITY_CALIBRATED_V2,PUBLIC_SCALE_PLUS_SYNTHETIC_PATTERN
2026-03-02,D02_CAI_MEP,40HC,SURPLUS,2591,256,10,7,105,46,151,0,0,151,0,2693,1.2718279569892472,HIGH,4348119,0.16,REALITY_CALIBRATED_V2,PUBLIC_SCALE_PLUS_SYNTHETIC_PATTERN
2026-03-02,D03_LONG_SON,20GP,SURPLUS,2441,218,11,4,89,20,109,0,0,109,0,2543,1.2269353128313891,HIGH,4348119,0.16,REALITY_CALIBRATED_V2,PUBLIC_SCALE_PLUS_SYNTHETIC_PATTERN
2026-03-02,D03_LONG_SON,40GP,BALANCED,521,94,4,3,54,25,79,0,0,79,0,535,1.0261194029850744,HIGH,4348119,0.16,REALITY_CALIBRATED_V2,PUBLIC_SCALE_PLUS_SYNTHETIC_PATTERN
2026-03-02,D03_LONG_SON,40HC,BALANCED,679,189,8,4,134,39,173,0,0,173,0,691,1.0514423076923078,HIGH,4348119,0.16,REALITY_CALIBRATED_V2,PUBLIC_SCALE_PLUS_SYNTHETIC_PATTERN
2026-03-03,D01_PHU_MY,20GP,DEFICIT,0,130,6,4,116,34,150,0,0,128,22,0,0.7976352887676216,HIGH,4348119,0.16,REALITY_CALIBRATED_V2,PUBLIC_SCALE_PLUS_SYNTHETIC_PATTERN
2026-03-03,D01_PHU_MY,40GP,SURPLUS,1935,115,5,6,111,34,145,0,0,145,0,1906,1.2831524303916944,HIGH,4348119,0.16,REALITY_CALIBRATED_V2,PUBLIC_SCALE_PLUS_SYNTHETIC_PATTERN
2026-03-03,D01_PHU_MY,40HC,DEFICIT,20,145,6,6,110,26,136,0,0,136,0,29,0.8389720234222511,HIGH,4348119,0.16,REALITY_CALIBRATED_V2,PUBLIC_SCALE_PLUS_SYNTHETIC_PATTERN
2026-03-03,D02_CAI_MEP,20GP,BALANCED,218,201,10,10,92,39,131,0,0,131,0,288,1.01956745623069,HIGH,4348119,0.16,REALITY_CALIBRATED_V2,PUBLIC_SCALE_PLUS_SYNTHETIC_PATTERN
2026-03-03,D02_CAI_MEP,40GP,DEFICIT,0,99,4,4,109,25,134,0,0,99,35,0,0.7956777996070726,HIGH,4348119,0.16,REALITY_CALIBRATED_V2,PUBLIC_SCALE_PLUS_SYNTHETIC_PATTERN
2026-03-03,D02_CAI_MEP,40HC,SURPLUS,2693,238,10,10,93,35,128,0,0,128,0,2803,1.2718279569892472,HIGH,4348119,0.16,REALITY_CALIBRATED_V2,PUBLIC_SCALE_PLUS_SYNTHETIC_PATTERN
2026-03-03,D03_LONG_SON,20GP,SURPLUS,2543,287,14,11,144,27,171,0,0,171,0,2656,1.2269353128313891,HIGH,4348119,0.16,REALITY_CALIBRATED_V2,PUBLIC_SCALE_PLUS_SYNTHETIC_PATTERN
2026-03-03,D03_LONG_SON,40GP,BALANCED,535,86,4,4,54,25,79,0,0,79,0,542,1.0261194029850744,HIGH,4348119,0.16,REALITY_CALIBRATED_V2,PUBLIC_SCALE_PLUS_SYNTHETIC_PATTERN
2026-03-03,D03_LONG_SON,40HC,BALANCED,691,156,6,8,95,33,128,0,0,128,0,721,1.0514423076923078,HIGH,4348119,0.16,REALITY_CALIBRATED_V2,PUBLIC_SCALE_PLUS_SYNTHETIC_PATTERN
2026-03-04,D01_PHU_MY,20GP,DEFICIT,0,116,6,6,150,48,198,0,0,116,82,0,0.7976352887676216,HIGH,4348119,0.16,REALITY_CALIBRATED_V2,PUBLIC_SCALE_PLUS_SYNTHETIC_PATTERN
2026-03-04,D01_PHU_MY,40GP,SURPLUS,1906,115,5,5,51,21,72,0,0,72,0,1949,1.2831524303916944,HIGH,4348119,0.16,REALITY_CALIBRATED_V2,PUBLIC_SCALE_PLUS_SYNTHETIC_PATTERN
2026-03-04,D01_PHU_MY,40HC,DEFICIT,29,105,4,6,110,57,167,0,0,136,31,0,0.8389720234222511,HIGH,4348119,0.16,REALITY_CALIBRATED_V2,PUBLIC_SCALE_PLUS_SYNTHETIC_PATTERN
2026-03-04,D02_CAI_MEP,20GP,BALANCED,288,224,11,10,116,62,178,0,0,178,0,333,1.01956745623069,HIGH,4348119,0.16,REALITY_CALIBRATED_V2,PUBLIC_SCALE_PLUS_SYNTHETIC_PATTERN
2026-03-04,D02_CAI_MEP,40GP,DEFICIT,0,85,4,4,77,11,88,0,0,85,3,0,0.7956777996070726,HIGH,4348119,0.16,REALITY_CALIBRATED_V2,PUBLIC_SCALE_PLUS_SYNTHETIC_PATTERN
2026-03-04,D02_CAI_MEP,40HC,SURPLUS,2803,198,8,10,174,29,203,0,0,203,0,2800,1.2718279569892472,HIGH,4348119,0.16,REALITY_CALIBRATED_V2,PUBLIC_SCALE_PLUS_SYNTHETIC_PATTERN
2026-03-04,D03_LONG_SON,20GP,SURPLUS,2656,191,10,14,143,41,184,0,0,184,0,2667,1.2269353128313891,HIGH,4348119,0.16,REALITY_CALIBRATED_V2,PUBLIC_SCALE_PLUS_SYNTHETIC_PATTERN
2026-03-04,D03_LONG_SON,40GP,BALANCED,542,126,6,4,90,25,115,0,0,115,0,551,1.0261194029850744,HIGH,4348119,0.16,REALITY_CALIBRATED_V2,PUBLIC_SCALE_PLUS_SYNTHETIC_PATTERN
2026-03-04,D03_LONG_SON,40HC,BALANCED,721,150,6,6,156,39,195,0,0,195,0,676,1.0514423076923078,HIGH,4348119,0.16,REALITY_CALIBRATED_V2,PUBLIC_SCALE_PLUS_SYNTHETIC_PATTERN
2026-03-05,D01_PHU_MY,20GP,DEFICIT,0,89,4,6,171,34,205,0,0,91,114,0,0.7976352887676216,HIGH,4348119,0.16,REALITY_CALIBRATED_V2,PUBLIC_SCALE_PLUS_SYNTHETIC_PATTERN
2026-03-05,D01_PHU_MY,40GP,SURPLUS,1949,136,6,5,98,42,140,0,0,140,0,1944,1.2831524303916944,HIGH,4348119,0.16,REALITY_CALIBRATED_V2,PUBLIC_SCALE_PLUS_SYNTHETIC_PATTERN
2026-03-05,D01_PHU_MY,40HC,DEFICIT,0,167,7,4,114,62,176,0,0,164,12,0,0.8389720234222511,HIGH,4348119,0.16,REALITY_CALIBRATED_V2,PUBLIC_SCALE_PLUS_SYNTHETIC_PATTERN
2026-03-05,D02_CAI_MEP,20GP,BALANCED,333,178,9,11,108,23,131,0,0,131,0,382,1.01956745623069,HIGH,4348119,0.16,REALITY_CALIBRATED_V2,PUBLIC_SCALE_PLUS_SYNTHETIC_PATTERN
2026-03-05,D02_CAI_MEP,40GP,DEFICIT,0,96,4,4,71,28,99,0,0,96,3,0,0.7956777996070726,HIGH,4348119,0.16,REALITY_CALIBRATED_V2,PUBLIC_SCALE_PLUS_SYNTHETIC_PATTERN
2026-03-05,D02_CAI_MEP,40HC,SURPLUS,2800,250,10,8,134,23,157,0,0,157,0,2891,1.2718279569892472,HIGH,4348119,0.16,REALITY_CALIBRATED_V2,PUBLIC_SCALE_PLUS_SYNTHETIC_PATTERN
2026-03-05,D03_LONG_SON,20GP,SURPLUS,2667,246,12,10,150,75,225,0,0,225,0,2686,1.2269353128313891,HIGH,4348119,0.16,REALITY_CALIBRATED_V2,PUBLIC_SCALE_PLUS_SYNTHETIC_PATTERN
2026-03-05,D03_LONG_SON,40GP,BALANCED,551,122,5,6,72,18,90,0,0,90,0,584,1.0261194029850744,HIGH,4348119,0.16,REALITY_CALIBRATED_V2,PUBLIC_SCALE_PLUS_SYNTHETIC_PATTERN
2026-03-05,D03_LONG_SON,40HC,BALANCED,676,200,8,6,133,56,189,0,0,189,0,685,1.0514423076923078,HIGH,4348119,0.16,REALITY_CALIBRATED_V2,PUBLIC_SCALE_PLUS_SYNTHETIC_PATTERN
2026-03-06,D01_PHU_MY,20GP,DEFICIT,0,96,5,4,123,27,150,0,0,95,55,0,0.7976352887676216,HIGH,4348119,0.16,REALITY_CALIBRATED_V2,PUBLIC_SCALE_PLUS_SYNTHETIC_PATTERN
2026-03-06,D01_PHU_MY,40GP,SURPLUS,1944,140,6,6,81,13,94,0,0,94,0,1990,1.2831524303916944,HIGH,4348119,0.16,REALITY_CALIBRATED_V2,PUBLIC_SCALE_PLUS_SYNTHETIC_PATTERN
2026-03-06,D01_PHU_MY,40HC,DEFICIT,0,171,7,7,123,44,167,0,0,167,0,4,0.8389720234222511,HIGH,4348119,0.16,REALITY_CALIBRATED_V2,PUBLIC_SCALE_PLUS_SYNTHETIC_PATTERN
2026-03-06,D02_CAI_MEP,20GP,BALANCED,382,185,9,9,139,46,185,0,0,185,0,382,1.01956745623069,HIGH,4348119,0.16,REALITY_CALIBRATED_V2,PUBLIC_SCALE_PLUS_SYNTHETIC_PATTERN
2026-03-06,D02_CAI_MEP,40GP,DEFICIT,0,57,3,4,95,39,134,0,0,58,76,0,0.7956777996070726,HIGH,4348119,0.16,REALITY_CALIBRATED_V2,PUBLIC_SCALE_PLUS_SYNTHETIC_PATTERN
2026-03-06,D02_CAI_MEP,40HC,SURPLUS,2891,256,10,10,157,75,232,0,0,232,0,2915,1.2718279569892472,HIGH,4348119,0.16,REALITY_CALIBRATED_V2,PUBLIC_SCALE_PLUS_SYNTHETIC_PATTERN
2026-03-06,D03_LONG_SON,20GP,SURPLUS,2686,211,11,12,136,55,191,0,0,191,0,2707,1.2269353128313891,HIGH,4348119,0.16,REALITY_CALIBRATED_V2,PUBLIC_SCALE_PLUS_SYNTHETIC_PATTERN
2026-03-06,D03_LONG_SON,40GP,BALANCED,584,101,5,5,79,22,101,0,0,101,0,584,1.0261194029850744,HIGH,4348119,0.16,REALITY_CALIBRATED_V2,PUBLIC_SCALE_PLUS_SYNTHETIC_PATTERN
2026-03-06,D03_LONG_SON,40HC,BALANCED,685,128,5,8,78,28,106,0,0,106,0,710,1.0514423076923078,HIGH,4348119,0.16,REALITY_CALIBRATED_V2,PUBLIC_SCALE_PLUS_SYNTHETIC_PATTERN
2026-03-07,D01_PHU_MY,20GP,DEFICIT,0,137,7,5,150,41,191,0,0,135,56,0,0.7976352887676216,HIGH,4348119,0.16,REALITY_CALIBRATED_V2,PUBLIC_SCALE_PLUS_SYNTHETIC_PATTERN
2026-03-07,D01_PHU_MY,40GP,SURPLUS,1990,102,5,6,64,17,81,0,0,81,0,2012,1.2831524303916944,HIGH,4348119,0.16,REALITY_CALIBRATED_V2,PUBLIC_SCALE_PLUS_SYNTHETIC_PATTERN
2026-03-07,D01_PHU_MY,40HC,DEFICIT,4,132,5,7,92,40,132,0,0,132,0,6,0.8389720234222511,HIGH,4348119,0.16,REALITY_CALIBRATED_V2,PUBLIC_SCALE_PLUS_SYNTHETIC_PATTERN
2026-03-07,D02_CAI_MEP,20GP,BALANCED,382,216,11,9,101,54,155,0,0,155,0,441,1.01956745623069,HIGH,4348119,0.16,REALITY_CALIBRATED_V2,PUBLIC_SCALE_PLUS_SYNTHETIC_PATTERN
2026-03-07,D02_CAI_MEP,40GP,DEFICIT,0,81,4,3,63,25,88,0,0,80,8,0,0.7956777996070726,HIGH,4348119,0.16,REALITY_CALIBRATED_V2,PUBLIC_SCALE_PLUS_SYNTHETIC_PATTERN
2026-03-07,D02_CAI_MEP,40HC,SURPLUS,2915,198,8,10,122,23,145,0,0,145,0,2970,1.2718279569892472,HIGH,4348119,0.16,REALITY_CALIBRATED_V2,PUBLIC_SCALE_PLUS_SYNTHETIC_PATTERN
2026-03-07,D03_LONG_SON,20GP,SURPLUS,2707,157,8,11,75,27,102,0,0,102,0,2765,1.2269353128313891,HIGH,4348119,0.16,REALITY_CALIBRATED_V2,PUBLIC_SCALE_PLUS_SYNTHETIC_PATTERN
2026-03-07,D03_LONG_SON,40GP,BALANCED,584,58,3,5,72,25,97,0,0,97,0,547,1.0261194029850744,HIGH,4348119,0.16,REALITY_CALIBRATED_V2,PUBLIC_SCALE_PLUS_SYNTHETIC_PATTERN
2026-03-07,D03_LONG_SON,40HC,BALANCED,710,111,4,5,94,17,111,0,0,111,0,711,1.0514423076923078,HIGH,4348119,0.16,REALITY_CALIBRATED_V2,PUBLIC_SCALE_PLUS_SYNTHETIC_PATTERN
2026-03-08,D01_PHU_MY,20GP,DEFICIT,0,82,4,7,110,27,137,0,0,85,52,0,0.7976352887676216,HIGH,4348119,0.16,REALITY_CALIBRATED_V2,PUBLIC_SCALE_PLUS_SYNTHETIC_PATTERN
2026-03-08,D01_PHU_MY,40GP,SURPLUS,2012,98,4,5,56,21,77,0,0,77,0,2034,1.2831524303916944,HIGH,4348119,0.16,REALITY_CALIBRATED_V2,PUBLIC_SCALE_PLUS_SYNTHETIC_PATTERN
2026-03-08,D01_PHU_MY,40HC,DEFICIT,6,92,4,5,101,18,119,0,0,99,20,0,0.8389720234222511,HIGH,4348119,0.16,REALITY_CALIBRATED_V2,PUBLIC_SCALE_PLUS_SYNTHETIC_PATTERN
2026-03-08,D02_CAI_MEP,20GP,BALANCED,441,131,7,11,85,23,108,0,0,108,0,468,1.01956745623069,HIGH,4348119,0.16,REALITY_CALIBRATED_V2,PUBLIC_SCALE_PLUS_SYNTHETIC_PATTERN
2026-03-08,D02_CAI_MEP,40GP,DEFICIT,0,81,4,4,92,14,106,0,0,81,25,0,0.7956777996070726,HIGH,4348119,0.16,REALITY_CALIBRATED_V2,PUBLIC_SCALE_PLUS_SYNTHETIC_PATTERN
2026-03-08,D02_CAI_MEP,40HC,SURPLUS,2970,157,6,8,99,35,134,0,0,134,0,2995,1.2718279569892472,HIGH,4348119,0.16,REALITY_CALIBRATED_V2,PUBLIC_SCALE_PLUS_SYNTHETIC_PATTERN
2026-03-08,D03_LONG_SON,20GP,SURPLUS,2765,102,5,8,96,20,116,0,0,116,0,2754,1.2269353128313891,HIGH,4348119,0.16,REALITY_CALIBRATED_V2,PUBLIC_SCALE_PLUS_SYNTHETIC_PATTERN
2026-03-08,D03_LONG_SON,40GP,BALANCED,547,65,3,3,36,4,40,0,0,40,0,572,1.0261194029850744,HIGH,4348119,0.16,REALITY_CALIBRATED_V2,PUBLIC_SCALE_PLUS_SYNTHETIC_PATTERN
2026-03-08,D03_LONG_SON,40HC,BALANCED,711,106,4,4,73,33,106,0,0,106,0,711,1.0514423076923078,HIGH,4348119,0.16,REALITY_CALIBRATED_V2,PUBLIC_SCALE_PLUS_SYNTHETIC_PATTERN
2026-03-09,D01_PHU_MY,20GP,DEFICIT,0,184,9,4,136,55,191,0,0,179,12,0,0.7976352887676216,HIGH,4348119,0.16,REALITY_CALIBRATED_V2,PUBLIC_SCALE_PLUS_SYNTHETIC_PATTERN
2026-03-09,D01_PHU_MY,40GP,SURPLUS,2034,183,8,4,60,21,81,0,0,81,0,2132,1.2831524303916944,HIGH,4348119,0.16,REALITY_CALIBRATED_V2,PUBLIC_SCALE_PLUS_SYNTHETIC_PATTERN
2026-03-09,D01_PHU_MY,40HC,DEFICIT,0,145,6,4,105,18,123,0,0,123,0,20,0.8389720234222511,HIGH,4348119,0.16,REALITY_CALIBRATED_V2,PUBLIC_SCALE_PLUS_SYNTHETIC_PATTERN
2026-03-09,D02_CAI_MEP,20GP,BALANCED,468,155,8,7,131,70,201,0,0,201,0,421,1.01956745623069,HIGH,4348119,0.16,REALITY_CALIBRATED_V2,PUBLIC_SCALE_PLUS_SYNTHETIC_PATTERN
2026-03-09,D02_CAI_MEP,40GP,DEFICIT,0,103,5,4,75,28,103,0,0,102,1,0,0.7956777996070726,HIGH,4348119,0.16,REALITY_CALIBRATED_V2,PUBLIC_SCALE_PLUS_SYNTHETIC_PATTERN
2026-03-09,D02_CAI_MEP,40HC,SURPLUS,2995,198,8,6,105,46,151,0,0,151,0,3040,1.2718279569892472,HIGH,4348119,0.16,REALITY_CALIBRATED_V2,PUBLIC_SCALE_PLUS_SYNTHETIC_PATTERN
2026-03-09,D03_LONG_SON,20GP,SURPLUS,2754,232,12,5,123,54,177,0,0,177,0,2802,1.2269353128313891,HIGH,4348119,0.16,REALITY_CALIBRATED_V2,PUBLIC_SCALE_PLUS_SYNTHETIC_PATTERN
2026-03-09,D03_LONG_SON,40GP,BALANCED,572,58,3,3,93,29,122,0,0,122,0,508,1.0261194029850744,HIGH,4348119,0.16,REALITY_CALIBRATED_V2,PUBLIC_SCALE_PLUS_SYNTHETIC_PATTERN
2026-03-09,D03_LONG_SON,40HC,BALANCED,711,139,6,4,123,22,145,0,0,145,0,703,1.0514423076923078,HIGH,4348119,0.16,REALITY_CALIBRATED_V2,PUBLIC_SCALE_PLUS_SYNTHETIC_PATTERN
2026-03-10,D01_PHU_MY,20GP,DEFICIT,0,198,10,9,136,41,177,0,0,177,0,20,0.7976352887676216,HIGH,4348119,0.16,REALITY_CALIBRATED_V2,PUBLIC_SCALE_PLUS_SYNTHETIC_PATTERN
2026-03-10,D01_PHU_MY,40GP,SURPLUS,2132,187,8,8,111,55,166,0,0,166,0,2153,1.2831524303916944,HIGH,4348119,0.16,REALITY_CALIBRATED_V2,PUBLIC_SCALE_PLUS_SYNTHETIC_PATTERN
2026-03-10,D01_PHU_MY,40HC,DEFICIT,20,149,6,6,115,48,163,0,0,163,0,6,0.8389720234222511,HIGH,4348119,0.16,REALITY_CALIBRATED_V2,PUBLIC_SCALE_PLUS_SYNTHETIC_PATTERN
2026-03-10,D02_CAI_MEP,20GP,BALANCED,421,247,12,8,146,39,185,0,0,185,0,479,1.01956745623069,HIGH,4348119,0.16,REALITY_CALIBRATED_V2,PUBLIC_SCALE_PLUS_SYNTHETIC_PATTERN
2026-03-10,D02_CAI_MEP,40GP,DEFICIT,0,117,5,5,92,28,120,0,0,117,3,0,0.7956777996070726,HIGH,4348119,0.16,REALITY_CALIBRATED_V2,PUBLIC_SCALE_PLUS_SYNTHETIC_PATTERN
2026-03-10,D02_CAI_MEP,40HC,SURPLUS,3040,221,9,8,157,46,203,0,0,203,0,3057,1.2718279569892472,HIGH,4348119,0.16,REALITY_CALIBRATED_V2,PUBLIC_SCALE_PLUS_SYNTHETIC_PATTERN
2026-03-10,D03_LONG_SON,20GP,SURPLUS,2802,218,11,12,178,20,198,0,0,198,0,2823,1.2269353128313891,HIGH,4348119,0.16,REALITY_CALIBRATED_V2,PUBLIC_SCALE_PLUS_SYNTHETIC_PATTERN
2026-03-10,D03_LONG_SON,40GP,BALANCED,508,108,5,3,86,29,115,0,0,115,0,499,1.0261194029850744,HIGH,4348119,0.16,REALITY_CALIBRATED_V2,PUBLIC_SCALE_PLUS_SYNTHETIC_PATTERN
2026-03-10,D03_LONG_SON,40HC,BALANCED,703,134,5,6,156,28,184,0,0,184,0,654,1.0514423076923078,HIGH,4348119,0.16,REALITY_CALIBRATED_V2,PUBLIC_SCALE_PLUS_SYNTHETIC_PATTERN
2026-03-11,D01_PHU_MY,20GP,DEFICIT,20,123,6,10,143,75,218,0,0,147,71,0,0.7976352887676216,HIGH,4348119,0.16,REALITY_CALIBRATED_V2,PUBLIC_SCALE_PLUS_SYNTHETIC_PATTERN
2026-03-11,D01_PHU_MY,40GP,SURPLUS,2153,136,6,8,89,13,102,0,0,102,0,2189,1.2831524303916944,HIGH,4348119,0.16,REALITY_CALIBRATED_V2,PUBLIC_SCALE_PLUS_SYNTHETIC_PATTERN
2026-03-11,D01_PHU_MY,40HC,DEFICIT,6,127,5,6,79,35,114,0,0,114,0,20,0.8389720234222511,HIGH,4348119,0.16,REALITY_CALIBRATED_V2,PUBLIC_SCALE_PLUS_SYNTHETIC_PATTERN
2026-03-11,D02_CAI_MEP,20GP,BALANCED,479,209,10,12,170,39,209,0,0,209,0,481,1.01956745623069,HIGH,4348119,0.16,REALITY_CALIBRATED_V2,PUBLIC_SCALE_PLUS_SYNTHETIC_PATTERN
2026-03-11,D02_CAI_MEP,40GP,DEFICIT,0,99,4,5,99,18,117,0,0,100,17,0,0.7956777996070726,HIGH,4348119,0.16,REALITY_CALIBRATED_V2,PUBLIC_SCALE_PLUS_SYNTHETIC_PATTERN
2026-03-11,D02_CAI_MEP,40HC,SURPLUS,3057,151,6,9,93,23,116,0,0,116,0,3095,1.2718279569892472,HIGH,4348119,0.16,REALITY_CALIBRATED_V2,PUBLIC_SCALE_PLUS_SYNTHETIC_PATTERN
2026-03-11,D03_LONG_SON,20GP,SURPLUS,2823,157,8,11,123,54,177,0,0,177,0,2806,1.2269353128313891,HIGH,4348119,0.16,REALITY_CALIBRATED_V2,PUBLIC_SCALE_PLUS_SYNTHETIC_PATTERN
2026-03-11,D03_LONG_SON,40GP,BALANCED,499,122,5,5,57,29,86,0,0,86,0,535,1.0261194029850744,HIGH,4348119,0.16,REALITY_CALIBRATED_V2,PUBLIC_SCALE_PLUS_SYNTHETIC_PATTERN
2026-03-11,D03_LONG_SON,40HC,BALANCED,654,189,8,5,83,28,111,0,0,111,0,729,1.0514423076923078,HIGH,4348119,0.16,REALITY_CALIBRATED_V2,PUBLIC_SCALE_PLUS_SYNTHETIC_PATTERN
2026-03-12,D01_PHU_MY,20GP,DEFICIT,0,150,8,6,198,68,266,0,0,148,118,0,0.7976352887676216,HIGH,4348119,0.16,REALITY_CALIBRATED_V2,PUBLIC_SCALE_PLUS_SYNTHETIC_PATTERN
2026-03-12,D01_PHU_MY,40GP,SURPLUS,2189,174,8,6,115,25,140,0,0,140,0,2221,1.2831524303916944,HIGH,4348119,0.16,REALITY_CALIBRATED_V2,PUBLIC_SCALE_PLUS_SYNTHETIC_PATTERN
2026-03-12,D01_PHU_MY,40HC,DEFICIT,20,171,7,5,158,22,180,0,0,180,0,9,0.8389720234222511,HIGH,4348119,0.16,REALITY_CALIBRATED_V2,PUBLIC_SCALE_PLUS_SYNTHETIC_PATTERN
2026-03-12,D02_CAI_MEP,20GP,BALANCED,481,271,14,10,147,23,170,0,0,170,0,578,1.01956745623069,HIGH,4348119,0.16,REALITY_CALIBRATED_V2,PUBLIC_SCALE_PLUS_SYNTHETIC_PATTERN
2026-03-12,D02_CAI_MEP,40GP,DEFICIT,0,99,4,4,56,32,88,0,0,88,0,11,0.7956777996070726,HIGH,4348119,0.16,REALITY_CALIBRATED_V2,PUBLIC_SCALE_PLUS_SYNTHETIC_PATTERN
2026-03-12,D02_CAI_MEP,40HC,SURPLUS,3095,273,11,6,110,47,157,0,0,157,0,3206,1.2718279569892472,HIGH,4348119,0.16,REALITY_CALIBRATED_V2,PUBLIC_SCALE_PLUS_SYNTHETIC_PATTERN
2026-03-12,D03_LONG_SON,20GP,SURPLUS,2806,259,13,8,177,41,218,0,0,218,0,2842,1.2269353128313891,HIGH,4348119,0.16,REALITY_CALIBRATED_V2,PUBLIC_SCALE_PLUS_SYNTHETIC_PATTERN
2026-03-12,D03_LONG_SON,40GP,BALANCED,535,90,4,5,57,22,79,0,0,79,0,547,1.0261194029850744,HIGH,4348119,0.16,REALITY_CALIBRATED_V2,PUBLIC_SCALE_PLUS_SYNTHETIC_PATTERN
2026-03-12,D03_LONG_SON,40HC,BALANCED,729,206,8,8,95,39,134,0,0,134,0,801,1.0514423076923078,HIGH,4348119,0.16,REALITY_CALIBRATED_V2,PUBLIC_SCALE_PLUS_SYNTHETIC_PATTERN
2026-03-13,D01_PHU_MY,20GP,DEFICIT,0,150,8,8,232,55,287,0,0,150,137,0,0.7976352887676216,HIGH,4348119,0.16,REALITY_CALIBRATED_V2,PUBLIC_SCALE_PLUS_SYNTHETIC_PATTERN
2026-03-13,D01_PHU_MY,40GP,SURPLUS,2221,123,6,8,94,21,115,0,0,115,0,2231,1.2831524303916944,HIGH,4348119,0.16,REALITY_CALIBRATED_V2,PUBLIC_SCALE_PLUS_SYNTHETIC_PATTERN
2026-03-13,D01_PHU_MY,40HC,DEFICIT,9,158,6,7,145,40,185,0,0,168,17,0,0.8389720234222511,HIGH,4348119,0.16,REALITY_CALIBRATED_V2,PUBLIC_SCALE_PLUS_SYNTHETIC_PATTERN
2026-03-13,D02_CAI_MEP,20GP,BALANCED,578,193,10,14,116,62,178,0,0,178,0,597,1.01956745623069,HIGH,4348119,0.16,REALITY_CALIBRATED_V2,PUBLIC_SCALE_PLUS_SYNTHETIC_PATTERN
2026-03-13,D02_CAI_MEP,40GP,DEFICIT,11,85,4,4,92,11,103,0,0,96,7,0,0.7956777996070726,HIGH,4348119,0.16,REALITY_CALIBRATED_V2,PUBLIC_SCALE_PLUS_SYNTHETIC_PATTERN
2026-03-13,D02_CAI_MEP,40HC,SURPLUS,3206,209,8,11,116,35,151,0,0,151,0,3267,1.2718279569892472,HIGH,4348119,0.16,REALITY_CALIBRATED_V2,PUBLIC_SCALE_PLUS_SYNTHETIC_PATTERN
2026-03-13,D03_LONG_SON,20GP,SURPLUS,2842,218,11,13,102,48,150,0,0,150,0,2912,1.2269353128313891,HIGH,4348119,0.16,REALITY_CALIBRATED_V2,PUBLIC_SCALE_PLUS_SYNTHETIC_PATTERN
2026-03-13,D03_LONG_SON,40GP,BALANCED,547,122,5,4,101,47,148,0,0,148,0,520,1.0261194029850744,HIGH,4348119,0.16,REALITY_CALIBRATED_V2,PUBLIC_SCALE_PLUS_SYNTHETIC_PATTERN
2026-03-13,D03_LONG_SON,40HC,BALANCED,801,139,6,8,78,33,111,0,0,111,0,831,1.0514423076923078,HIGH,4348119,0.16,REALITY_CALIBRATED_V2,PUBLIC_SCALE_PLUS_SYNTHETIC_PATTERN
2026-03-14,D01_PHU_MY,20GP,DEFICIT,0,137,7,8,109,55,164,0,0,138,26,0,0.7976352887676216,HIGH,4348119,0.16,REALITY_CALIBRATED_V2,PUBLIC_SCALE_PLUS_SYNTHETIC_PATTERN
2026-03-14,D01_PHU_MY,40GP,SURPLUS,2231,145,7,6,64,21,85,0,0,85,0,2290,1.2831524303916944,HIGH,4348119,0.16,REALITY_CALIBRATED_V2,PUBLIC_SCALE_PLUS_SYNTHETIC_PATTERN
2026-03-14,D01_PHU_MY,40HC,DEFICIT,0,123,5,6,105,44,149,0,0,124,25,0,0.8389720234222511,HIGH,4348119,0.16,REALITY_CALIBRATED_V2,PUBLIC_SCALE_PLUS_SYNTHETIC_PATTERN
2026-03-14,D02_CAI_MEP,20GP,BALANCED,597,185,9,10,116,15,131,0,0,131,0,652,1.01956745623069,HIGH,4348119,0.16,REALITY_CALIBRATED_V2,PUBLIC_SCALE_PLUS_SYNTHETIC_PATTERN
2026-03-14,D02_CAI_MEP,40GP,DEFICIT,0,96,4,4,88,25,113,0,0,96,17,0,0.7956777996070726,HIGH,4348119,0.16,REALITY_CALIBRATED_V2,PUBLIC_SCALE_PLUS_SYNTHETIC_PATTERN
2026-03-14,D02_CAI_MEP,40HC,SURPLUS,3267,139,6,8,116,41,157,0,0,157,0,3251,1.2718279569892472,HIGH,4348119,0.16,REALITY_CALIBRATED_V2,PUBLIC_SCALE_PLUS_SYNTHETIC_PATTERN
2026-03-14,D03_LONG_SON,20GP,SURPLUS,2912,177,9,11,95,14,109,0,0,109,0,2982,1.2269353128313891,HIGH,4348119,0.16,REALITY_CALIBRATED_V2,PUBLIC_SCALE_PLUS_SYNTHETIC_PATTERN
2026-03-14,D03_LONG_SON,40GP,BALANCED,520,94,4,5,72,18,90,0,0,90,0,525,1.0261194029850744,HIGH,4348119,0.16,REALITY_CALIBRATED_V2,PUBLIC_SCALE_PLUS_SYNTHETIC_PATTERN
2026-03-14,D03_LONG_SON,40HC,BALANCED,831,139,6,6,83,45,128,0,0,128,0,842,1.0514423076923078,HIGH,4348119,0.16,REALITY_CALIBRATED_V2,PUBLIC_SCALE_PLUS_SYNTHETIC_PATTERN
2026-03-15,D01_PHU_MY,20GP,DEFICIT,0,123,6,7,116,27,143,0,0,124,19,0,0.7976352887676216,HIGH,4348119,0.16,REALITY_CALIBRATED_V2,PUBLIC_SCALE_PLUS_SYNTHETIC_PATTERN
2026-03-15,D01_PHU_MY,40GP,SURPLUS,2290,106,5,7,59,13,72,0,0,72,0,2326,1.2831524303916944,HIGH,4348119,0.16,REALITY_CALIBRATED_V2,PUBLIC_SCALE_PLUS_SYNTHETIC_PATTERN
2026-03-15,D01_PHU_MY,40HC,DEFICIT,0,105,4,5,84,35,119,0,0,106,13,0,0.8389720234222511,HIGH,4348119,0.16,REALITY_CALIBRATED_V2,PUBLIC_SCALE_PLUS_SYNTHETIC_PATTERN
2026-03-15,D02_CAI_MEP,20GP,BALANCED,652,124,6,9,85,39,124,0,0,124,0,655,1.01956745623069,HIGH,4348119,0.16,REALITY_CALIBRATED_V2,PUBLIC_SCALE_PLUS_SYNTHETIC_PATTERN
2026-03-15,D02_CAI_MEP,40GP,DEFICIT,0,71,3,4,60,11,71,0,0,71,0,1,0.7956777996070726,HIGH,4348119,0.16,REALITY_CALIBRATED_V2,PUBLIC_SCALE_PLUS_SYNTHETIC_PATTERN
2026-03-15,D02_CAI_MEP,40HC,SURPLUS,3251,145,6,6,87,41,128,0,0,128,0,3268,1.2718279569892472,HIGH,4348119,0.16,REALITY_CALIBRATED_V2,PUBLIC_SCALE_PLUS_SYNTHETIC_PATTERN
2026-03-15,D03_LONG_SON,20GP,SURPLUS,2982,143,7,9,89,20,109,0,0,109,0,3018,1.2269353128313891,HIGH,4348119,0.16,REALITY_CALIBRATED_V2,PUBLIC_SCALE_PLUS_SYNTHETIC_PATTERN
2026-03-15,D03_LONG_SON,40GP,BALANCED,525,72,3,4,54,18,72,0,0,72,0,526,1.0261194029850744,HIGH,4348119,0.16,REALITY_CALIBRATED_V2,PUBLIC_SCALE_PLUS_SYNTHETIC_PATTERN
2026-03-15,D03_LONG_SON,40HC,BALANCED,842,78,3,6,89,28,117,0,0,117,0,806,1.0514423076923078,HIGH,4348119,0.16,REALITY_CALIBRATED_V2,PUBLIC_SCALE_PLUS_SYNTHETIC_PATTERN
2026-03-16,D01_PHU_MY,20GP,DEFICIT,0,157,8,6,137,68,205,0,0,155,50,0,0.7976352887676216,HIGH,4348119,0.16,REALITY_CALIBRATED_V2,PUBLIC_SCALE_PLUS_SYNTHETIC_PATTERN
2026-03-16,D01_PHU_MY,40GP,SURPLUS,2326,174,8,5,102,34,136,0,0,136,0,2361,1.2831524303916944,HIGH,4348119,0.16,REALITY_CALIBRATED_V2,PUBLIC_SCALE_PLUS_SYNTHETIC_PATTERN
2026-03-16,D01_PHU_MY,40HC,DEFICIT,0,141,6,4,137,48,185,0,0,139,46,0,0.8389720234222511,HIGH,4348119,0.16,REALITY_CALIBRATED_V2,PUBLIC_SCALE_PLUS_SYNTHETIC_PATTERN
2026-03-16,D02_CAI_MEP,20GP,BALANCED,655,155,8,6,116,54,170,0,0,170,0,638,1.01956745623069,HIGH,4348119,0.16,REALITY_CALIBRATED_V2,PUBLIC_SCALE_PLUS_SYNTHETIC_PATTERN
2026-03-16,D02_CAI_MEP,40GP,DEFICIT,1,88,4,3,74,25,99,0,0,88,11,0,0.7956777996070726,HIGH,4348119,0.16,REALITY_CALIBRATED_V2,PUBLIC_SCALE_PLUS_SYNTHETIC_PATTERN
2026-03-16,D02_CAI_MEP,40HC,SURPLUS,3268,227,9,6,134,64,198,0,0,198,0,3294,1.2718279569892472,HIGH,4348119,0.16,REALITY_CALIBRATED_V2,PUBLIC_SCALE_PLUS_SYNTHETIC_PATTERN
2026-03-16,D03_LONG_SON,20GP,SURPLUS,3018,177,9,7,191,27,218,0,0,218,0,2975,1.2269353128313891,HIGH,4348119,0.16,REALITY_CALIBRATED_V2,PUBLIC_SCALE_PLUS_SYNTHETIC_PATTERN
2026-03-16,D03_LONG_SON,40GP,BALANCED,526,104,5,3,90,25,115,0,0,115,0,513,1.0261194029850744,HIGH,4348119,0.16,REALITY_CALIBRATED_V2,PUBLIC_SCALE_PLUS_SYNTHETIC_PATTERN
2026-03-16,D03_LONG_SON,40HC,BALANCED,806,128,5,3,89,39,128,0,0,128,0,804,1.0514423076923078,HIGH,4348119,0.16,REALITY_CALIBRATED_V2,PUBLIC_SCALE_PLUS_SYNTHETIC_PATTERN
2026-03-17,D01_PHU_MY,20GP,DEFICIT,0,150,8,8,191,41,232,0,0,150,82,0,0.7976352887676216,HIGH,4348119,0.16,REALITY_CALIBRATED_V2,PUBLIC_SCALE_PLUS_SYNTHETIC_PATTERN
2026-03-17,D01_PHU_MY,40GP,SURPLUS,2361,85,4,8,42,13,55,0,0,55,0,2395,1.2831524303916944,HIGH,4348119,0.16,REALITY_CALIBRATED_V2,PUBLIC_SCALE_PLUS_SYNTHETIC_PATTERN
2026-03-17,D01_PHU_MY,40HC,DEFICIT,0,127,5,6,110,48,158,0,0,128,30,0,0.8389720234222511,HIGH,4348119,0.16,REALITY_CALIBRATED_V2,PUBLIC_SCALE_PLUS_SYNTHETIC_PATTERN
2026-03-17,D02_CAI_MEP,20GP,BALANCED,638,201,10,8,131,39,170,0,0,170,0,667,1.01956745623069,HIGH,4348119,0.16,REALITY_CALIBRATED_V2,PUBLIC_SCALE_PLUS_SYNTHETIC_PATTERN
2026-03-17,D02_CAI_MEP,40GP,DEFICIT,0,64,3,4,92,39,131,0,0,65,66,0,0.7956777996070726,HIGH,4348119,0.16,REALITY_CALIBRATED_V2,PUBLIC_SCALE_PLUS_SYNTHETIC_PATTERN
2026-03-17,D02_CAI_MEP,40HC,SURPLUS,3294,203,8,9,116,23,139,0,0,139,0,3359,1.2718279569892472,HIGH,4348119,0.16,REALITY_CALIBRATED_V2,PUBLIC_SCALE_PLUS_SYNTHETIC_PATTERN
2026-03-17,D03_LONG_SON,20GP,SURPLUS,2975,164,8,9,150,34,184,0,0,184,0,2956,1.2269353128313891,HIGH,4348119,0.16,REALITY_CALIBRATED_V2,PUBLIC_SCALE_PLUS_SYNTHETIC_PATTERN
2026-03-17,D03_LONG_SON,40GP,BALANCED,513,83,4,5,72,18,90,0,0,90,0,507,1.0261194029850744,HIGH,4348119,0.16,REALITY_CALIBRATED_V2,PUBLIC_SCALE_PLUS_SYNTHETIC_PATTERN
2026-03-17,D03_LONG_SON,40HC,BALANCED,804,128,5,5,100,45,145,0,0,145,0,787,1.0514423076923078,HIGH,4348119,0.16,REALITY_CALIBRATED_V2,PUBLIC_SCALE_PLUS_SYNTHETIC_PATTERN
2026-03-18,D01_PHU_MY,20GP,DEFICIT,0,96,5,8,150,21,171,0,0,99,72,0,0.7976352887676216,HIGH,4348119,0.16,REALITY_CALIBRATED_V2,PUBLIC_SCALE_PLUS_SYNTHETIC_PATTERN
2026-03-18,D01_PHU_MY,40GP,SURPLUS,2395,119,5,4,110,13,123,0,0,123,0,2390,1.2831524303916944,HIGH,4348119,0.16,REALITY_CALIBRATED_V2,PUBLIC_SCALE_PLUS_SYNTHETIC_PATTERN
2026-03-18,D01_PHU_MY,40HC,DEFICIT,0,136,5,5,114,53,167,0,0,136,31,0,0.8389720234222511,HIGH,4348119,0.16,REALITY_CALIBRATED_V2,PUBLIC_SCALE_PLUS_SYNTHETIC_PATTERN
2026-03-18,D02_CAI_MEP,20GP,BALANCED,667,178,9,10,93,15,108,0,0,108,0,738,1.01956745623069,HIGH,4348119,0.16,REALITY_CALIBRATED_V2,PUBLIC_SCALE_PLUS_SYNTHETIC_PATTERN
2026-03-18,D02_CAI_MEP,40GP,DEFICIT,0,92,4,3,74,32,106,0,0,91,15,0,0.7956777996070726,HIGH,4348119,0.16,REALITY_CALIBRATED_V2,PUBLIC_SCALE_PLUS_SYNTHETIC_PATTERN
2026-03-18,D02_CAI_MEP,40HC,SURPLUS,3359,198,8,8,82,23,105,0,0,105,0,3452,1.2718279569892472,HIGH,4348119,0.16,REALITY_CALIBRATED_V2,PUBLIC_SCALE_PLUS_SYNTHETIC_PATTERN
2026-03-18,D03_LONG_SON,20GP,SURPLUS,2956,164,8,8,102,41,143,0,0,143,0,2977,1.2269353128313891,HIGH,4348119,0.16,REALITY_CALIBRATED_V2,PUBLIC_SCALE_PLUS_SYNTHETIC_PATTERN
2026-03-18,D03_LONG_SON,40GP,BALANCED,507,83,4,4,54,7,61,0,0,61,0,529,1.0261194029850744,HIGH,4348119,0.16,REALITY_CALIBRATED_V2,PUBLIC_SCALE_PLUS_SYNTHETIC_PATTERN
2026-03-18,D03_LONG_SON,40HC,BALANCED,787,111,4,5,100,50,150,0,0,150,0,749,1.0514423076923078,HIGH,4348119,0.16,REALITY_CALIBRATED_V2,PUBLIC_SCALE_PLUS_SYNTHETIC_PATTERN
2026-03-19,D01_PHU_MY,20GP,DEFICIT,0,212,11,5,150,48,198,0,0,198,0,8,0.7976352887676216,HIGH,4348119,0.16,REALITY_CALIBRATED_V2,PUBLIC_SCALE_PLUS_SYNTHETIC_PATTERN
2026-03-19,D01_PHU_MY,40GP,SURPLUS,2390,174,8,5,59,30,89,0,0,89,0,2472,1.2831524303916944,HIGH,4348119,0.16,REALITY_CALIBRATED_V2,PUBLIC_SCALE_PLUS_SYNTHETIC_PATTERN
2026-03-19,D01_PHU_MY,40HC,DEFICIT,0,198,8,5,154,39,193,0,0,193,0,2,0.8389720234222511,HIGH,4348119,0.16,REALITY_CALIBRATED_V2,PUBLIC_SCALE_PLUS_SYNTHETIC_PATTERN
2026-03-19,D02_CAI_MEP,20GP,BALANCED,738,162,8,9,170,31,201,0,0,201,0,700,1.01956745623069,HIGH,4348119,0.16,REALITY_CALIBRATED_V2,PUBLIC_SCALE_PLUS_SYNTHETIC_PATTERN
2026-03-19,D02_CAI_MEP,40GP,DEFICIT,0,99,4,4,75,35,110,0,0,99,11,0,0.7956777996070726,HIGH,4348119,0.16,REALITY_CALIBRATED_V2,PUBLIC_SCALE_PLUS_SYNTHETIC_PATTERN
2026-03-19,D02_CAI_MEP,40HC,SURPLUS,3452,186,7,8,111,52,163,0,0,163,0,3476,1.2718279569892472,HIGH,4348119,0.16,REALITY_CALIBRATED_V2,PUBLIC_SCALE_PLUS_SYNTHETIC_PATTERN
2026-03-19,D03_LONG_SON,20GP,SURPLUS,2977,184,9,8,116,27,143,0,0,143,0,3017,1.2269353128313891,HIGH,4348119,0.16,REALITY_CALIBRATED_V2,PUBLIC_SCALE_PLUS_SYNTHETIC_PATTERN
2026-03-19,D03_LONG_SON,40GP,BALANCED,529,61,3,4,79,11,90,0,0,90,0,501,1.0261194029850744,HIGH,4348119,0.16,REALITY_CALIBRATED_V2,PUBLIC_SCALE_PLUS_SYNTHETIC_PATTERN
2026-03-19,D03_LONG_SON,40HC,BALANCED,749,67,3,4,84,22,106,0,0,106,0,711,1.0514423076923078,HIGH,4348119,0.16,REALITY_CALIBRATED_V2,PUBLIC_SCALE_PLUS_SYNTHETIC_PATTERN
2026-03-20,D01_PHU_MY,20GP,DEFICIT,8,191,10,11,103,27,130,0,0,130,0,70,0.7976352887676216,HIGH,4348119,0.16,REALITY_CALIBRATED_V2,PUBLIC_SCALE_PLUS_SYNTHETIC_PATTERN
2026-03-20,D01_PHU_MY,40GP,SURPLUS,2472,179,8,8,68,26,94,0,0,94,0,2557,1.2831524303916944,HIGH,4348119,0.16,REALITY_CALIBRATED_V2,PUBLIC_SCALE_PLUS_SYNTHETIC_PATTERN
2026-03-20,D01_PHU_MY,40HC,DEFICIT,2,176,7,8,128,26,154,0,0,154,0,25,0.8389720234222511,HIGH,4348119,0.16,REALITY_CALIBRATED_V2,PUBLIC_SCALE_PLUS_SYNTHETIC_PATTERN
2026-03-20,D02_CAI_MEP,20GP,BALANCED,700,131,7,8,139,23,162,0,0,162,0,670,1.01956745623069,HIGH,4348119,0.16,REALITY_CALIBRATED_V2,PUBLIC_SCALE_PLUS_SYNTHETIC_PATTERN
2026-03-20,D02_CAI_MEP,40GP,DEFICIT,0,46,2,4,74,25,99,0,0,48,51,0,0.7956777996070726,HIGH,4348119,0.16,REALITY_CALIBRATED_V2,PUBLIC_SCALE_PLUS_SYNTHETIC_PATTERN
2026-03-20,D02_CAI_MEP,40HC,SURPLUS,3476,227,9,7,127,41,168,0,0,168,0,3533,1.2718279569892472,HIGH,4348119,0.16,REALITY_CALIBRATED_V2,PUBLIC_SCALE_PLUS_SYNTHETIC_PATTERN
2026-03-20,D03_LONG_SON,20GP,SURPLUS,3017,198,10,9,143,14,157,0,0,157,0,3057,1.2269353128313891,HIGH,4348119,0.16,REALITY_CALIBRATED_V2,PUBLIC_SCALE_PLUS_SYNTHETIC_PATTERN
2026-03-20,D03_LONG_SON,40GP,BALANCED,501,108,5,3,57,22,79,0,0,79,0,528,1.0261194029850744,HIGH,4348119,0.16,REALITY_CALIBRATED_V2,PUBLIC_SCALE_PLUS_SYNTHETIC_PATTERN
2026-03-20,D03_LONG_SON,40HC,BALANCED,711,150,6,3,95,22,117,0,0,117,0,741,1.0514423076923078,HIGH,4348119,0.16,REALITY_CALIBRATED_V2,PUBLIC_SCALE_PLUS_SYNTHETIC_PATTERN
2026-03-21,D01_PHU_MY,20GP,DEFICIT,70,89,4,10,130,27,157,0,0,157,0,8,0.7976352887676216,HIGH,4348119,0.16,REALITY_CALIBRATED_V2,PUBLIC_SCALE_PLUS_SYNTHETIC_PATTERN
2026-03-21,D01_PHU_MY,40GP,SURPLUS,2557,81,4,8,47,25,72,0,0,72,0,2570,1.2831524303916944,HIGH,4348119,0.16,REALITY_CALIBRATED_V2,PUBLIC_SCALE_PLUS_SYNTHETIC_PATTERN
2026-03-21,D01_PHU_MY,40HC,DEFICIT,25,79,3,7,88,44,132,0,0,108,24,0,0.8389720234222511,HIGH,4348119,0.16,REALITY_CALIBRATED_V2,PUBLIC_SCALE_PLUS_SYNTHETIC_PATTERN
2026-03-21,D02_CAI_MEP,20GP,BALANCED,670,224,11,7,162,54,216,0,0,216,0,674,1.01956745623069,HIGH,4348119,0.16,REALITY_CALIBRATED_V2,PUBLIC_SCALE_PLUS_SYNTHETIC_PATTERN
2026-03-21,D02_CAI_MEP,40GP,DEFICIT,0,74,3,2,71,14,85,0,0,73,12,0,0.7956777996070726,HIGH,4348119,0.16,REALITY_CALIBRATED_V2,PUBLIC_SCALE_PLUS_SYNTHETIC_PATTERN
2026-03-21,D02_CAI_MEP,40HC,SURPLUS,3533,163,7,9,111,17,128,0,0,128,0,3570,1.2718279569892472,HIGH,4348119,0.16,REALITY_CALIBRATED_V2,PUBLIC_SCALE_PLUS_SYNTHETIC_PATTERN
2026-03-21,D03_LONG_SON,20GP,SURPLUS,3057,157,8,10,96,20,116,0,0,116,0,3100,1.2269353128313891,HIGH,4348119,0.16,REALITY_CALIBRATED_V2,PUBLIC_SCALE_PLUS_SYNTHETIC_PATTERN
2026-03-21,D03_LONG_SON,40GP,BALANCED,528,68,3,5,72,29,101,0,0,101,0,497,1.0261194029850744,HIGH,4348119,0.16,REALITY_CALIBRATED_V2,PUBLIC_SCALE_PLUS_SYNTHETIC_PATTERN
2026-03-21,D03_LONG_SON,40HC,BALANCED,741,139,6,6,112,22,134,0,0,134,0,746,1.0514423076923078,HIGH,4348119,0.16,REALITY_CALIBRATED_V2,PUBLIC_SCALE_PLUS_SYNTHETIC_PATTERN
2026-03-22,D01_PHU_MY,20GP,DEFICIT,8,82,4,4,82,34,116,0,0,90,26,0,0.7976352887676216,HIGH,4348119,0.16,REALITY_CALIBRATED_V2,PUBLIC_SCALE_PLUS_SYNTHETIC_PATTERN
2026-03-22,D01_PHU_MY,40GP,SURPLUS,2570,85,4,4,60,17,77,0,0,77,0,2578,1.2831524303916944,HIGH,4348119,0.16,REALITY_CALIBRATED_V2,PUBLIC_SCALE_PLUS_SYNTHETIC_PATTERN
2026-03-22,D01_PHU_MY,40HC,DEFICIT,0,101,4,3,88,17,105,0,0,100,5,0,0.8389720234222511,HIGH,4348119,0.16,REALITY_CALIBRATED_V2,PUBLIC_SCALE_PLUS_SYNTHETIC_PATTERN
2026-03-22,D02_CAI_MEP,20GP,BALANCED,674,70,4,11,62,31,93,0,0,93,0,658,1.01956745623069,HIGH,4348119,0.16,REALITY_CALIBRATED_V2,PUBLIC_SCALE_PLUS_SYNTHETIC_PATTERN
2026-03-22,D02_CAI_MEP,40GP,DEFICIT,0,35,2,3,64,28,92,0,0,36,56,0,0.7956777996070726,HIGH,4348119,0.16,REALITY_CALIBRATED_V2,PUBLIC_SCALE_PLUS_SYNTHETIC_PATTERN
2026-03-22,D02_CAI_MEP,40HC,SURPLUS,3570,157,6,7,99,23,122,0,0,122,0,3606,1.2718279569892472,HIGH,4348119,0.16,REALITY_CALIBRATED_V2,PUBLIC_SCALE_PLUS_SYNTHETIC_PATTERN
2026-03-22,D03_LONG_SON,20GP,SURPLUS,3100,130,6,8,69,27,96,0,0,96,0,3136,1.2269353128313891,HIGH,4348119,0.16,REALITY_CALIBRATED_V2,PUBLIC_SCALE_PLUS_SYNTHETIC_PATTERN
2026-03-22,D03_LONG_SON,40GP,BALANCED,497,65,3,3,40,18,58,0,0,58,0,504,1.0261194029850744,HIGH,4348119,0.16,REALITY_CALIBRATED_V2,PUBLIC_SCALE_PLUS_SYNTHETIC_PATTERN
2026-03-22,D03_LONG_SON,40HC,BALANCED,746,84,3,6,45,22,67,0,0,67,0,766,1.0514423076923078,HIGH,4348119,0.16,REALITY_CALIBRATED_V2,PUBLIC_SCALE_PLUS_SYNTHETIC_PATTERN
2026-03-23,D01_PHU_MY,20GP,DEFICIT,0,123,6,4,123,14,137,0,0,121,16,0,0.7976352887676216,HIGH,4348119,0.16,REALITY_CALIBRATED_V2,PUBLIC_SCALE_PLUS_SYNTHETIC_PATTERN
2026-03-23,D01_PHU_MY,40GP,SURPLUS,2578,123,6,4,72,9,81,0,0,81,0,2618,1.2831524303916944,HIGH,4348119,0.16,REALITY_CALIBRATED_V2,PUBLIC_SCALE_PLUS_SYNTHETIC_PATTERN
2026-03-23,D01_PHU_MY,40HC,DEFICIT,0,119,5,4,127,18,145,0,0,118,27,0,0.8389720234222511,HIGH,4348119,0.16,REALITY_CALIBRATED_V2,PUBLIC_SCALE_PLUS_SYNTHETIC_PATTERN
2026-03-23,D02_CAI_MEP,20GP,BALANCED,658,124,6,4,124,23,147,0,0,147,0,633,1.01956745623069,HIGH,4348119,0.16,REALITY_CALIBRATED_V2,PUBLIC_SCALE_PLUS_SYNTHETIC_PATTERN
2026-03-23,D02_CAI_MEP,40GP,DEFICIT,0,88,4,2,89,21,110,0,0,86,24,0,0.7956777996070726,HIGH,4348119,0.16,REALITY_CALIBRATED_V2,PUBLIC_SCALE_PLUS_SYNTHETIC_PATTERN
2026-03-23,D02_CAI_MEP,40HC,SURPLUS,3606,209,8,6,93,29,122,0,0,122,0,3691,1.2718279569892472,HIGH,4348119,0.16,REALITY_CALIBRATED_V2,PUBLIC_SCALE_PLUS_SYNTHETIC_PATTERN
2026-03-23,D03_LONG_SON,20GP,SURPLUS,3136,130,6,6,95,41,136,0,0,136,0,3130,1.2269353128313891,HIGH,4348119,0.16,REALITY_CALIBRATED_V2,PUBLIC_SCALE_PLUS_SYNTHETIC_PATTERN
2026-03-23,D03_LONG_SON,40GP,BALANCED,504,72,3,3,98,14,112,0,0,112,0,464,1.0261194029850744,HIGH,4348119,0.16,REALITY_CALIBRATED_V2,PUBLIC_SCALE_PLUS_SYNTHETIC_PATTERN
2026-03-23,D03_LONG_SON,40HC,BALANCED,766,134,5,3,84,11,95,0,0,95,0,803,1.0514423076923078,HIGH,4348119,0.16,REALITY_CALIBRATED_V2,PUBLIC_SCALE_PLUS_SYNTHETIC_PATTERN
2026-03-24,D01_PHU_MY,20GP,DEFICIT,0,116,6,6,109,21,130,0,0,116,14,0,0.7976352887676216,HIGH,4348119,0.16,REALITY_CALIBRATED_V2,PUBLIC_SCALE_PLUS_SYNTHETIC_PATTERN
2026-03-24,D01_PHU_MY,40GP,SURPLUS,2618,140,6,6,64,8,72,0,0,72,0,2686,1.2831524303916944,HIGH,4348119,0.16,REALITY_CALIBRATED_V2,PUBLIC_SCALE_PLUS_SYNTHETIC_PATTERN
2026-03-24,D01_PHU_MY,40HC,DEFICIT,0,97,4,5,128,13,141,0,0,98,43,0,0.8389720234222511,HIGH,4348119,0.16,REALITY_CALIBRATED_V2,PUBLIC_SCALE_PLUS_SYNTHETIC_PATTERN
2026-03-24,D02_CAI_MEP,20GP,BALANCED,633,193,10,6,155,23,178,0,0,178,0,644,1.01956745623069,HIGH,4348119,0.16,REALITY_CALIBRATED_V2,PUBLIC_SCALE_PLUS_SYNTHETIC_PATTERN
2026-03-24,D02_CAI_MEP,40GP,DEFICIT,0,74,3,4,81,11,92,0,0,75,17,0,0.7956777996070726,HIGH,4348119,0.16,REALITY_CALIBRATED_V2,PUBLIC_SCALE_PLUS_SYNTHETIC_PATTERN
2026-03-24,D02_CAI_MEP,40HC,SURPLUS,3691,157,6,8,87,12,99,0,0,99,0,3751,1.2718279569892472,HIGH,4348119,0.16,REALITY_CALIBRATED_V2,PUBLIC_SCALE_PLUS_SYNTHETIC_PATTERN
2026-03-24,D03_LONG_SON,20GP,SURPLUS,3130,184,9,6,164,34,198,0,0,198,0,3113,1.2269353128313891,HIGH,4348119,0.16,REALITY_CALIBRATED_V2,PUBLIC_SCALE_PLUS_SYNTHETIC_PATTERN
2026-03-24,D03_LONG_SON,40GP,BALANCED,464,90,4,3,57,29,86,0,0,86,0,467,1.0261194029850744,HIGH,4348119,0.16,REALITY_CALIBRATED_V2,PUBLIC_SCALE_PLUS_SYNTHETIC_PATTERN
2026-03-24,D03_LONG_SON,40HC,BALANCED,803,106,4,5,112,33,145,0,0,145,0,765,1.0514423076923078,HIGH,4348119,0.16,REALITY_CALIBRATED_V2,PUBLIC_SCALE_PLUS_SYNTHETIC_PATTERN
2026-03-25,D01_PHU_MY,20GP,DEFICIT,0,123,6,6,123,27,150,0,0,123,27,0,0.7976352887676216,HIGH,4348119,0.16,REALITY_CALIBRATED_V2,PUBLIC_SCALE_PLUS_SYNTHETIC_PATTERN
2026-03-25,D01_PHU_MY,40GP,SURPLUS,2686,85,4,6,102,34,136,0,0,136,0,2637,1.2831524303916944,HIGH,4348119,0.16,REALITY_CALIBRATED_V2,PUBLIC_SCALE_PLUS_SYNTHETIC_PATTERN
2026-03-25,D01_PHU_MY,40HC,DEFICIT,0,180,7,4,97,44,141,0,0,141,0,36,0.8389720234222511,HIGH,4348119,0.16,REALITY_CALIBRATED_V2,PUBLIC_SCALE_PLUS_SYNTHETIC_PATTERN
2026-03-25,D02_CAI_MEP,20GP,BALANCED,644,240,12,10,116,31,147,0,0,147,0,735,1.01956745623069,HIGH,4348119,0.16,REALITY_CALIBRATED_V2,PUBLIC_SCALE_PLUS_SYNTHETIC_PATTERN
2026-03-25,D02_CAI_MEP,40GP,DEFICIT,0,99,4,3,46,18,64,0,0,64,0,34,0.7956777996070726,HIGH,4348119,0.16,REALITY_CALIBRATED_V2,PUBLIC_SCALE_PLUS_SYNTHETIC_PATTERN
2026-03-25,D02_CAI_MEP,40HC,SURPLUS,3751,215,9,6,110,12,122,0,0,122,0,3841,1.2718279569892472,HIGH,4348119,0.16,REALITY_CALIBRATED_V2,PUBLIC_SCALE_PLUS_SYNTHETIC_PATTERN
2026-03-25,D03_LONG_SON,20GP,SURPLUS,3113,211,11,9,89,41,130,0,0,130,0,3192,1.2269353128313891,HIGH,4348119,0.16,REALITY_CALIBRATED_V2,PUBLIC_SCALE_PLUS_SYNTHETIC_PATTERN
2026-03-25,D03_LONG_SON,40GP,BALANCED,467,68,3,4,54,14,68,0,0,68,0,468,1.0261194029850744,HIGH,4348119,0.16,REALITY_CALIBRATED_V2,PUBLIC_SCALE_PLUS_SYNTHETIC_PATTERN
2026-03-25,D03_LONG_SON,40HC,BALANCED,765,89,4,4,66,6,72,0,0,72,0,782,1.0514423076923078,HIGH,4348119,0.16,REALITY_CALIBRATED_V2,PUBLIC_SCALE_PLUS_SYNTHETIC_PATTERN
2026-03-26,D01_PHU_MY,20GP,DEFICIT,0,171,9,6,123,27,150,0,0,150,0,18,0.7976352887676216,HIGH,4348119,0.16,REALITY_CALIBRATED_V2,PUBLIC_SCALE_PLUS_SYNTHETIC_PATTERN
2026-03-26,D01_PHU_MY,40GP,SURPLUS,2637,174,8,4,51,26,77,0,0,77,0,2730,1.2831524303916944,HIGH,4348119,0.16,REALITY_CALIBRATED_V2,PUBLIC_SCALE_PLUS_SYNTHETIC_PATTERN
2026-03-26,D01_PHU_MY,40HC,DEFICIT,36,105,4,7,83,44,127,0,0,127,0,17,0.8389720234222511,HIGH,4348119,0.16,REALITY_CALIBRATED_V2,PUBLIC_SCALE_PLUS_SYNTHETIC_PATTERN
2026-03-26,D02_CAI_MEP,20GP,BALANCED,735,147,7,12,108,16,124,0,0,124,0,763,1.01956745623069,HIGH,4348119,0.16,REALITY_CALIBRATED_V2,PUBLIC_SCALE_PLUS_SYNTHETIC_PATTERN
2026-03-26,D02_CAI_MEP,40GP,DEFICIT,34,71,3,4,82,28,110,0,0,106,4,0,0.7956777996070726,HIGH,4348119,0.16,REALITY_CALIBRATED_V2,PUBLIC_SCALE_PLUS_SYNTHETIC_PATTERN
2026-03-26,D02_CAI_MEP,40HC,SURPLUS,3841,180,7,9,88,17,105,0,0,105,0,3918,1.2718279569892472,HIGH,4348119,0.16,REALITY_CALIBRATED_V2,PUBLIC_SCALE_PLUS_SYNTHETIC_PATTERN
2026-03-26,D03_LONG_SON,20GP,SURPLUS,3192,184,9,11,96,34,130,0,0,130,0,3248,1.2269353128313891,HIGH,4348119,0.16,REALITY_CALIBRATED_V2,PUBLIC_SCALE_PLUS_SYNTHETIC_PATTERN
2026-03-26,D03_LONG_SON,40GP,BALANCED,468,86,4,3,68,36,104,0,0,104,0,449,1.0261194029850744,HIGH,4348119,0.16,REALITY_CALIBRATED_V2,PUBLIC_SCALE_PLUS_SYNTHETIC_PATTERN
2026-03-26,D03_LONG_SON,40HC,BALANCED,782,173,7,4,78,17,95,0,0,95,0,857,1.0514423076923078,HIGH,4348119,0.16,REALITY_CALIBRATED_V2,PUBLIC_SCALE_PLUS_SYNTHETIC_PATTERN
2026-03-27,D01_PHU_MY,20GP,DEFICIT,18,116,6,9,89,20,109,0,0,109,0,28,0.7976352887676216,HIGH,4348119,0.16,REALITY_CALIBRATED_V2,PUBLIC_SCALE_PLUS_SYNTHETIC_PATTERN
2026-03-27,D01_PHU_MY,40GP,SURPLUS,2730,98,4,8,51,9,60,0,0,60,0,2772,1.2831524303916944,HIGH,4348119,0.16,REALITY_CALIBRATED_V2,PUBLIC_SCALE_PLUS_SYNTHETIC_PATTERN
2026-03-27,D01_PHU_MY,40HC,DEFICIT,17,119,5,4,83,40,123,0,0,123,0,12,0.8389720234222511,HIGH,4348119,0.16,REALITY_CALIBRATED_V2,PUBLIC_SCALE_PLUS_SYNTHETIC_PATTERN
2026-03-27,D02_CAI_MEP,20GP,BALANCED,763,240,12,7,139,46,185,0,0,185,0,813,1.01956745623069,HIGH,4348119,0.16,REALITY_CALIBRATED_V2,PUBLIC_SCALE_PLUS_SYNTHETIC_PATTERN
2026-03-27,D02_CAI_MEP,40GP,DEFICIT,0,92,4,3,78,28,106,0,0,91,15,0,0.7956777996070726,HIGH,4348119,0.16,REALITY_CALIBRATED_V2,PUBLIC_SCALE_PLUS_SYNTHETIC_PATTERN
2026-03-27,D02_CAI_MEP,40HC,SURPLUS,3918,238,10,7,169,23,192,0,0,192,0,3961,1.2718279569892472,HIGH,4348119,0.16,REALITY_CALIBRATED_V2,PUBLIC_SCALE_PLUS_SYNTHETIC_PATTERN
2026-03-27,D03_LONG_SON,20GP,SURPLUS,3248,130,6,9,109,55,164,0,0,164,0,3217,1.2269353128313891,HIGH,4348119,0.16,REALITY_CALIBRATED_V2,PUBLIC_SCALE_PLUS_SYNTHETIC_PATTERN
2026-03-27,D03_LONG_SON,40GP,BALANCED,449,97,4,4,47,18,65,0,0,65,0,481,1.0261194029850744,HIGH,4348119,0.16,REALITY_CALIBRATED_V2,PUBLIC_SCALE_PLUS_SYNTHETIC_PATTERN
2026-03-27,D03_LONG_SON,40HC,BALANCED,857,134,5,7,94,28,122,0,0,122,0,871,1.0514423076923078,HIGH,4348119,0.16,REALITY_CALIBRATED_V2,PUBLIC_SCALE_PLUS_SYNTHETIC_PATTERN
2026-03-28,D01_PHU_MY,20GP,DEFICIT,28,130,6,6,68,34,102,0,0,102,0,56,0.7976352887676216,HIGH,4348119,0.16,REALITY_CALIBRATED_V2,PUBLIC_SCALE_PLUS_SYNTHETIC_PATTERN
2026-03-28,D01_PHU_MY,40GP,SURPLUS,2772,94,4,4,60,21,81,0,0,81,0,2785,1.2831524303916944,HIGH,4348119,0.16,REALITY_CALIBRATED_V2,PUBLIC_SCALE_PLUS_SYNTHETIC_PATTERN
2026-03-28,D01_PHU_MY,40HC,DEFICIT,12,149,6,5,97,35,132,0,0,132,0,28,0.8389720234222511,HIGH,4348119,0.16,REALITY_CALIBRATED_V2,PUBLIC_SCALE_PLUS_SYNTHETIC_PATTERN
2026-03-28,D02_CAI_MEP,20GP,BALANCED,813,170,8,12,100,31,131,0,0,131,0,856,1.01956745623069,HIGH,4348119,0.16,REALITY_CALIBRATED_V2,PUBLIC_SCALE_PLUS_SYNTHETIC_PATTERN
2026-03-28,D02_CAI_MEP,40GP,DEFICIT,0,67,3,4,75,21,96,0,0,68,28,0,0.7956777996070726,HIGH,4348119,0.16,REALITY_CALIBRATED_V2,PUBLIC_SCALE_PLUS_SYNTHETIC_PATTERN
2026-03-28,D02_CAI_MEP,40HC,SURPLUS,3961,157,6,10,93,17,110,0,0,110,0,4012,1.2718279569892472,HIGH,4348119,0.16,REALITY_CALIBRATED_V2,PUBLIC_SCALE_PLUS_SYNTHETIC_PATTERN
2026-03-28,D03_LONG_SON,20GP,SURPLUS,3217,143,7,6,68,7,75,0,0,75,0,3284,1.2269353128313891,HIGH,4348119,0.16,REALITY_CALIBRATED_V2,PUBLIC_SCALE_PLUS_SYNTHETIC_PATTERN
2026-03-28,D03_LONG_SON,40GP,BALANCED,481,54,2,4,65,32,97,0,0,97,0,440,1.0261194029850744,HIGH,4348119,0.16,REALITY_CALIBRATED_V2,PUBLIC_SCALE_PLUS_SYNTHETIC_PATTERN
2026-03-28,D03_LONG_SON,40HC,BALANCED,871,156,6,5,78,11,89,0,0,89,0,937,1.0514423076923078,HIGH,4348119,0.16,REALITY_CALIBRATED_V2,PUBLIC_SCALE_PLUS_SYNTHETIC_PATTERN
2026-03-29,D01_PHU_MY,20GP,DEFICIT,56,82,4,6,75,34,109,0,0,109,0,31,0.7976352887676216,HIGH,4348119,0.16,REALITY_CALIBRATED_V2,PUBLIC_SCALE_PLUS_SYNTHETIC_PATTERN
2026-03-29,D01_PHU_MY,40GP,SURPLUS,2785,77,3,4,72,13,85,0,0,85,0,2778,1.2831524303916944,HIGH,4348119,0.16,REALITY_CALIBRATED_V2,PUBLIC_SCALE_PLUS_SYNTHETIC_PATTERN
2026-03-29,D01_PHU_MY,40HC,DEFICIT,28,105,4,6,105,22,127,0,0,127,0,8,0.8389720234222511,HIGH,4348119,0.16,REALITY_CALIBRATED_V2,PUBLIC_SCALE_PLUS_SYNTHETIC_PATTERN
2026-03-29,D02_CAI_MEP,20GP,BALANCED,856,77,4,8,85,31,116,0,0,116,0,821,1.01956745623069,HIGH,4348119,0.16,REALITY_CALIBRATED_V2,PUBLIC_SCALE_PLUS_SYNTHETIC_PATTERN
2026-03-29,D02_CAI_MEP,40GP,DEFICIT,0,42,2,3,64,14,78,0,0,43,35,0,0.7956777996070726,HIGH,4348119,0.16,REALITY_CALIBRATED_V2,PUBLIC_SCALE_PLUS_SYNTHETIC_PATTERN
2026-03-29,D02_CAI_MEP,40HC,SURPLUS,4012,110,4,6,110,12,122,0,0,122,0,4002,1.2718279569892472,HIGH,4348119,0.16,REALITY_CALIBRATED_V2,PUBLIC_SCALE_PLUS_SYNTHETIC_PATTERN
2026-03-29,D03_LONG_SON,20GP,SURPLUS,3284,116,6,7,68,14,82,0,0,82,0,3319,1.2269353128313891,HIGH,4348119,0.16,REALITY_CALIBRATED_V2,PUBLIC_SCALE_PLUS_SYNTHETIC_PATTERN
2026-03-29,D03_LONG_SON,40GP,BALANCED,440,76,3,2,36,7,43,0,0,43,0,472,1.0261194029850744,HIGH,4348119,0.16,REALITY_CALIBRATED_V2,PUBLIC_SCALE_PLUS_SYNTHETIC_PATTERN
2026-03-29,D03_LONG_SON,40HC,BALANCED,937,67,3,6,78,39,117,0,0,117,0,890,1.0514423076923078,HIGH,4348119,0.16,REALITY_CALIBRATED_V2,PUBLIC_SCALE_PLUS_SYNTHETIC_PATTERN
2026-03-30,D01_PHU_MY,20GP,DEFICIT,31,137,7,4,177,41,218,0,0,165,53,0,0.7976352887676216,HIGH,4348119,0.16,REALITY_CALIBRATED_V2,PUBLIC_SCALE_PLUS_SYNTHETIC_PATTERN
2026-03-30,D01_PHU_MY,40GP,SURPLUS,2778,119,5,3,55,13,68,0,0,68,0,2827,1.2831524303916944,HIGH,4348119,0.16,REALITY_CALIBRATED_V2,PUBLIC_SCALE_PLUS_SYNTHETIC_PATTERN
2026-03-30,D01_PHU_MY,40HC,DEFICIT,8,92,4,4,149,18,167,0,0,100,67,0,0.8389720234222511,HIGH,4348119,0.16,REALITY_CALIBRATED_V2,PUBLIC_SCALE_PLUS_SYNTHETIC_PATTERN
2026-03-30,D02_CAI_MEP,20GP,BALANCED,821,131,7,4,93,46,139,0,0,139,0,810,1.01956745623069,HIGH,4348119,0.16,REALITY_CALIBRATED_V2,PUBLIC_SCALE_PLUS_SYNTHETIC_PATTERN
2026-03-30,D02_CAI_MEP,40GP,DEFICIT,0,74,3,2,74,18,92,0,0,73,19,0,0.7956777996070726,HIGH,4348119,0.16,REALITY_CALIBRATED_V2,PUBLIC_SCALE_PLUS_SYNTHETIC_PATTERN
2026-03-30,D02_CAI_MEP,40HC,SURPLUS,4002,238,10,4,122,23,145,0,0,145,0,4089,1.2718279569892472,HIGH,4348119,0.16,REALITY_CALIBRATED_V2,PUBLIC_SCALE_PLUS_SYNTHETIC_PATTERN
2026-03-30,D03_LONG_SON,20GP,SURPLUS,3319,177,9,6,130,34,164,0,0,164,0,3329,1.2269353128313891,HIGH,4348119,0.16,REALITY_CALIBRATED_V2,PUBLIC_SCALE_PLUS_SYNTHETIC_PATTERN
2026-03-30,D03_LONG_SON,40GP,BALANCED,472,58,3,3,51,14,65,0,0,65,0,465,1.0261194029850744,HIGH,4348119,0.16,REALITY_CALIBRATED_V2,PUBLIC_SCALE_PLUS_SYNTHETIC_PATTERN
2026-03-30,D03_LONG_SON,40HC,BALANCED,890,122,5,3,100,17,117,0,0,117,0,893,1.0514423076923078,HIGH,4348119,0.16,REALITY_CALIBRATED_V2,PUBLIC_SCALE_PLUS_SYNTHETIC_PATTERN
2026-03-31,D01_PHU_MY,20GP,DEFICIT,0,89,4,7,130,68,198,0,0,92,106,0,0.7976352887676216,HIGH,4348119,0.16,REALITY_CALIBRATED_V2,PUBLIC_SCALE_PLUS_SYNTHETIC_PATTERN
2026-03-31,D01_PHU_MY,40GP,SURPLUS,2827,132,6,5,98,21,119,0,0,119,0,2839,1.2831524303916944,HIGH,4348119,0.16,REALITY_CALIBRATED_V2,PUBLIC_SCALE_PLUS_SYNTHETIC_PATTERN
2026-03-31,D01_PHU_MY,40HC,DEFICIT,0,101,4,4,193,22,215,0,0,101,114,0,0.8389720234222511,HIGH,4348119,0.16,REALITY_CALIBRATED_V2,PUBLIC_SCALE_PLUS_SYNTHETIC_PATTERN
2026-03-31,D02_CAI_MEP,20GP,BALANCED,810,162,8,7,139,46,185,0,0,185,0,786,1.01956745623069,HIGH,4348119,0.16,REALITY_CALIBRATED_V2,PUBLIC_SCALE_PLUS_SYNTHETIC_PATTERN
2026-03-31,D02_CAI_MEP,40GP,DEFICIT,0,64,3,3,106,14,120,0,0,64,56,0,0.7956777996070726,HIGH,4348119,0.16,REALITY_CALIBRATED_V2,PUBLIC_SCALE_PLUS_SYNTHETIC_PATTERN
2026-03-31,D02_CAI_MEP,40HC,SURPLUS,4089,180,7,10,122,35,157,0,0,157,0,4115,1.2718279569892472,HIGH,4348119,0.16,REALITY_CALIBRATED_V2,PUBLIC_SCALE_PLUS_SYNTHETIC_PATTERN
2026-03-31,D03_LONG_SON,20GP,SURPLUS,3329,177,9,9,144,20,164,0,0,164,0,3342,1.2269353128313891,HIGH,4348119,0.16,REALITY_CALIBRATED_V2,PUBLIC_SCALE_PLUS_SYNTHETIC_PATTERN
2026-03-31,D03_LONG_SON,40GP,BALANCED,465,79,4,3,68,22,90,0,0,90,0,453,1.0261194029850744,HIGH,4348119,0.16,REALITY_CALIBRATED_V2,PUBLIC_SCALE_PLUS_SYNTHETIC_PATTERN
2026-03-31,D03_LONG_SON,40HC,BALANCED,893,189,8,5,78,33,111,0,0,111,0,968,1.0514423076923078,HIGH,4348119,0.16,REALITY_CALIBRATED_V2,PUBLIC_SCALE_PLUS_SYNTHETIC_PATTERN
