Date,Depot_ID,Container_Type,Spatial_Role,Opening_Available,Empty_Return,Repair_In,Repair_Out,Confirmed_Booking,Forecast_Demand,Total_Demand,ECR_In,ECR_Out,Empty_Release,Shortage,Closing_Available,Imbalance_Ratio,Calibration_Scenario,Reference_TEU_Year,Relevant_Empty_Ratio,Data_Source,Data_Quality
2026-01-01,D01_PHU_MY,20GP,DEFICIT,250,48,2,0,88,14,102,0,0,102,0,194,0.7976352887676216,LOW,4348119,0.08,REALITY_CALIBRATED_V2,PUBLIC_SCALE_PLUS_SYNTHETIC_PATTERN
2026-01-01,D01_PHU_MY,40GP,SURPLUS,150,62,3,0,42,13,55,0,0,55,0,154,1.2831524303916944,LOW,4348119,0.08,REALITY_CALIBRATED_V2,PUBLIC_SCALE_PLUS_SYNTHETIC_PATTERN
2026-01-01,D01_PHU_MY,40HC,DEFICIT,225,62,2,0,68,11,79,0,0,79,0,206,0.8389720234222511,LOW,4348119,0.08,REALITY_CALIBRATED_V2,PUBLIC_SCALE_PLUS_SYNTHETIC_PATTERN
2026-01-01,D02_CAI_MEP,20GP,BALANCED,250,97,5,0,97,15,112,0,0,112,0,230,1.01956745623069,LOW,4348119,0.08,REALITY_CALIBRATED_V2,PUBLIC_SCALE_PLUS_SYNTHETIC_PATTERN
2026-01-01,D02_CAI_MEP,40GP,DEFICIT,150,42,2,0,41,14,55,0,0,55,0,135,0.7956777996070726,LOW,4348119,0.08,REALITY_CALIBRATED_V2,PUBLIC_SCALE_PLUS_SYNTHETIC_PATTERN
2026-01-01,D02_CAI_MEP,40HC,SURPLUS,225,113,5,0,53,23,76,0,0,76,0,257,1.2718279569892472,LOW,4348119,0.08,REALITY_CALIBRATED_V2,PUBLIC_SCALE_PLUS_SYNTHETIC_PATTERN
2026-01-01,D03_LONG_SON,20GP,SURPLUS,215,85,4,0,75,10,85,0,0,85,0,211,1.2269353128313891,LOW,4348119,0.08,REALITY_CALIBRATED_V2,PUBLIC_SCALE_PLUS_SYNTHETIC_PATTERN
2026-01-01,D03_LONG_SON,40GP,BALANCED,129,27,1,0,32,9,41,0,0,41,0,114,1.0261194029850744,LOW,4348119,0.08,REALITY_CALIBRATED_V2,PUBLIC_SCALE_PLUS_SYNTHETIC_PATTERN
2026-01-01,D03_LONG_SON,40HC,BALANCED,193,56,2,0,84,22,106,0,0,106,0,141,1.0514423076923078,LOW,4348119,0.08,REALITY_CALIBRATED_V2,PUBLIC_SCALE_PLUS_SYNTHETIC_PATTERN
2026-01-02,D01_PHU_MY,20GP,DEFICIT,194,85,4,2,58,10,68,0,0,68,0,209,0.7976352887676216,LOW,4348119,0.08,REALITY_CALIBRATED_V2,PUBLIC_SCALE_PLUS_SYNTHETIC_PATTERN
2026-01-02,D01_PHU_MY,40GP,SURPLUS,154,77,3,3,40,13,53,0,0,53,0,178,1.2831524303916944,LOW,4348119,0.08,REALITY_CALIBRATED_V2,PUBLIC_SCALE_PLUS_SYNTHETIC_PATTERN
2026-01-02,D01_PHU_MY,40HC,DEFICIT,206,77,3,2,59,9,68,0,0,68,0,214,0.8389720234222511,LOW,4348119,0.08,REALITY_CALIBRATED_V2,PUBLIC_SCALE_PLUS_SYNTHETIC_PATTERN
2026-01-02,D02_CAI_MEP,20GP,BALANCED,230,147,7,5,100,12,112,0,0,112,0,263,1.01956745623069,LOW,4348119,0.08,REALITY_CALIBRATED_V2,PUBLIC_SCALE_PLUS_SYNTHETIC_PATTERN
2026-01-02,D02_CAI_MEP,40GP,DEFICIT,135,53,2,2,39,14,53,0,0,53,0,135,0.7956777996070726,LOW,4348119,0.08,REALITY_CALIBRATED_V2,PUBLIC_SCALE_PLUS_SYNTHETIC_PATTERN
2026-01-02,D02_CAI_MEP,40HC,SURPLUS,257,102,4,5,61,17,78,0,0,78,0,282,1.2718279569892472,LOW,4348119,0.08,REALITY_CALIBRATED_V2,PUBLIC_SCALE_PLUS_SYNTHETIC_PATTERN
2026-01-02,D03_LONG_SON,20GP,SURPLUS,211,126,6,4,55,17,72,0,0,72,0,263,1.2269353128313891,LOW,4348119,0.08,REALITY_CALIBRATED_V2,PUBLIC_SCALE_PLUS_SYNTHETIC_PATTERN
2026-01-02,D03_LONG_SON,40GP,BALANCED,114,54,2,1,29,7,36,0,0,36,0,131,1.0261194029850744,LOW,4348119,0.08,REALITY_CALIBRATED_V2,PUBLIC_SCALE_PLUS_SYNTHETIC_PATTERN
2026-01-02,D03_LONG_SON,40HC,BALANCED,141,72,3,2,67,19,86,0,0,86,0,126,1.0514423076923078,LOW,4348119,0.08,REALITY_CALIBRATED_V2,PUBLIC_SCALE_PLUS_SYNTHETIC_PATTERN
2026-01-03,D01_PHU_MY,20GP,DEFICIT,209,51,3,4,51,17,68,0,0,68,0,193,0.7976352887676216,LOW,4348119,0.08,REALITY_CALIBRATED_V2,PUBLIC_SCALE_PLUS_SYNTHETIC_PATTERN
2026-01-03,D01_PHU_MY,40GP,SURPLUS,178,57,3,3,30,8,38,0,0,38,0,197,1.2831524303916944,LOW,4348119,0.08,REALITY_CALIBRATED_V2,PUBLIC_SCALE_PLUS_SYNTHETIC_PATTERN
2026-01-03,D01_PHU_MY,40HC,DEFICIT,214,64,3,3,51,11,62,0,0,62,0,216,0.8389720234222511,LOW,4348119,0.08,REALITY_CALIBRATED_V2,PUBLIC_SCALE_PLUS_SYNTHETIC_PATTERN
2026-01-03,D02_CAI_MEP,20GP,BALANCED,263,62,3,7,96,35,131,0,0,131,0,198,1.01956745623069,LOW,4348119,0.08,REALITY_CALIBRATED_V2,PUBLIC_SCALE_PLUS_SYNTHETIC_PATTERN
2026-01-03,D02_CAI_MEP,40GP,DEFICIT,135,41,2,2,37,9,46,0,0,46,0,130,0.7956777996070726,LOW,4348119,0.08,REALITY_CALIBRATED_V2,PUBLIC_SCALE_PLUS_SYNTHETIC_PATTERN
2026-01-03,D02_CAI_MEP,40HC,SURPLUS,282,70,3,4,49,9,58,0,0,58,0,295,1.2718279569892472,LOW,4348119,0.08,REALITY_CALIBRATED_V2,PUBLIC_SCALE_PLUS_SYNTHETIC_PATTERN
2026-01-03,D03_LONG_SON,20GP,SURPLUS,263,96,5,6,51,14,65,0,0,65,0,295,1.2269353128313891,LOW,4348119,0.08,REALITY_CALIBRATED_V2,PUBLIC_SCALE_PLUS_SYNTHETIC_PATTERN
2026-01-03,D03_LONG_SON,40GP,BALANCED,131,36,2,2,23,9,32,0,0,32,0,135,1.0261194029850744,LOW,4348119,0.08,REALITY_CALIBRATED_V2,PUBLIC_SCALE_PLUS_SYNTHETIC_PATTERN
2026-01-03,D03_LONG_SON,40HC,BALANCED,126,45,2,3,45,11,56,0,0,56,0,116,1.0514423076923078,LOW,4348119,0.08,REALITY_CALIBRATED_V2,PUBLIC_SCALE_PLUS_SYNTHETIC_PATTERN
2026-01-04,D01_PHU_MY,20GP,DEFICIT,193,51,3,3,41,14,55,0,0,55,0,189,0.7976352887676216,LOW,4348119,0.08,REALITY_CALIBRATED_V2,PUBLIC_SCALE_PLUS_SYNTHETIC_PATTERN
2026-01-04,D01_PHU_MY,40GP,SURPLUS,197,40,2,3,30,8,38,0,0,38,0,200,1.2831524303916944,LOW,4348119,0.08,REALITY_CALIBRATED_V2,PUBLIC_SCALE_PLUS_SYNTHETIC_PATTERN
2026-01-04,D01_PHU_MY,40HC,DEFICIT,216,79,3,3,74,9,83,0,0,83,0,212,0.8389720234222511,LOW,4348119,0.08,REALITY_CALIBRATED_V2,PUBLIC_SCALE_PLUS_SYNTHETIC_PATTERN
2026-01-04,D02_CAI_MEP,20GP,BALANCED,198,27,1,3,35,8,43,0,0,43,0,184,1.01956745623069,LOW,4348119,0.08,REALITY_CALIBRATED_V2,PUBLIC_SCALE_PLUS_SYNTHETIC_PATTERN
2026-01-04,D02_CAI_MEP,40GP,DEFICIT,130,21,1,2,30,12,42,0,0,42,0,110,0.7956777996070726,LOW,4348119,0.08,REALITY_CALIBRATED_V2,PUBLIC_SCALE_PLUS_SYNTHETIC_PATTERN
2026-01-04,D02_CAI_MEP,40HC,SURPLUS,295,93,4,3,52,15,67,0,0,67,0,320,1.2718279569892472,LOW,4348119,0.08,REALITY_CALIBRATED_V2,PUBLIC_SCALE_PLUS_SYNTHETIC_PATTERN
2026-01-04,D03_LONG_SON,20GP,SURPLUS,295,65,3,5,51,24,75,0,0,75,0,287,1.2269353128313891,LOW,4348119,0.08,REALITY_CALIBRATED_V2,PUBLIC_SCALE_PLUS_SYNTHETIC_PATTERN
2026-01-04,D03_LONG_SON,40GP,BALANCED,135,38,2,2,27,9,36,0,0,36,0,137,1.0261194029850744,LOW,4348119,0.08,REALITY_CALIBRATED_V2,PUBLIC_SCALE_PLUS_SYNTHETIC_PATTERN
2026-01-04,D03_LONG_SON,40HC,BALANCED,116,58,2,2,48,22,70,0,0,70,0,104,1.0514423076923078,LOW,4348119,0.08,REALITY_CALIBRATED_V2,PUBLIC_SCALE_PLUS_SYNTHETIC_PATTERN
2026-01-05,D01_PHU_MY,20GP,DEFICIT,189,78,4,3,61,31,92,0,0,92,0,174,0.7976352887676216,LOW,4348119,0.08,REALITY_CALIBRATED_V2,PUBLIC_SCALE_PLUS_SYNTHETIC_PATTERN
2026-01-05,D01_PHU_MY,40GP,SURPLUS,200,77,3,2,59,11,70,0,0,70,0,206,1.2831524303916944,LOW,4348119,0.08,REALITY_CALIBRATED_V2,PUBLIC_SCALE_PLUS_SYNTHETIC_PATTERN
2026-01-05,D01_PHU_MY,40HC,DEFICIT,212,68,3,3,55,13,68,0,0,68,0,212,0.8389720234222511,LOW,4348119,0.08,REALITY_CALIBRATED_V2,PUBLIC_SCALE_PLUS_SYNTHETIC_PATTERN
2026-01-05,D02_CAI_MEP,20GP,BALANCED,184,81,4,1,77,23,100,0,0,100,0,162,1.01956745623069,LOW,4348119,0.08,REALITY_CALIBRATED_V2,PUBLIC_SCALE_PLUS_SYNTHETIC_PATTERN
2026-01-05,D02_CAI_MEP,40GP,DEFICIT,110,51,2,1,41,9,50,0,0,50,0,110,0.7956777996070726,LOW,4348119,0.08,REALITY_CALIBRATED_V2,PUBLIC_SCALE_PLUS_SYNTHETIC_PATTERN
2026-01-05,D02_CAI_MEP,40HC,SURPLUS,320,122,5,4,55,12,67,0,0,67,0,374,1.2718279569892472,LOW,4348119,0.08,REALITY_CALIBRATED_V2,PUBLIC_SCALE_PLUS_SYNTHETIC_PATTERN
2026-01-05,D03_LONG_SON,20GP,SURPLUS,287,96,5,3,51,10,61,0,0,61,0,320,1.2269353128313891,LOW,4348119,0.08,REALITY_CALIBRATED_V2,PUBLIC_SCALE_PLUS_SYNTHETIC_PATTERN
2026-01-05,D03_LONG_SON,40GP,BALANCED,137,50,2,2,39,13,52,0,0,52,0,135,1.0261194029850744,LOW,4348119,0.08,REALITY_CALIBRATED_V2,PUBLIC_SCALE_PLUS_SYNTHETIC_PATTERN
2026-01-05,D03_LONG_SON,40HC,BALANCED,104,61,2,2,64,11,75,0,0,75,0,90,1.0514423076923078,LOW,4348119,0.08,REALITY_CALIBRATED_V2,PUBLIC_SCALE_PLUS_SYNTHETIC_PATTERN
2026-01-06,D01_PHU_MY,20GP,DEFICIT,174,55,3,4,68,21,89,0,0,89,0,141,0.7976352887676216,LOW,4348119,0.08,REALITY_CALIBRATED_V2,PUBLIC_SCALE_PLUS_SYNTHETIC_PATTERN
2026-01-06,D01_PHU_MY,40GP,SURPLUS,206,77,3,3,40,17,57,0,0,57,0,226,1.2831524303916944,LOW,4348119,0.08,REALITY_CALIBRATED_V2,PUBLIC_SCALE_PLUS_SYNTHETIC_PATTERN
2026-01-06,D01_PHU_MY,40HC,DEFICIT,212,81,3,3,70,20,90,0,0,90,0,203,0.8389720234222511,LOW,4348119,0.08,REALITY_CALIBRATED_V2,PUBLIC_SCALE_PLUS_SYNTHETIC_PATTERN
2026-01-06,D02_CAI_MEP,20GP,BALANCED,162,85,4,4,70,27,97,0,0,97,0,150,1.01956745623069,LOW,4348119,0.08,REALITY_CALIBRATED_V2,PUBLIC_SCALE_PLUS_SYNTHETIC_PATTERN
2026-01-06,D02_CAI_MEP,40GP,DEFICIT,110,65,3,2,37,16,53,0,0,53,0,121,0.7956777996070726,LOW,4348119,0.08,REALITY_CALIBRATED_V2,PUBLIC_SCALE_PLUS_SYNTHETIC_PATTERN
2026-01-06,D02_CAI_MEP,40HC,SURPLUS,374,70,3,5,85,20,105,0,0,105,0,341,1.2718279569892472,LOW,4348119,0.08,REALITY_CALIBRATED_V2,PUBLIC_SCALE_PLUS_SYNTHETIC_PATTERN
2026-01-06,D03_LONG_SON,20GP,SURPLUS,320,96,5,5,58,24,82,0,0,82,0,334,1.2269353128313891,LOW,4348119,0.08,REALITY_CALIBRATED_V2,PUBLIC_SCALE_PLUS_SYNTHETIC_PATTERN
2026-01-06,D03_LONG_SON,40GP,BALANCED,135,47,2,2,29,5,34,0,0,34,0,148,1.0261194029850744,LOW,4348119,0.08,REALITY_CALIBRATED_V2,PUBLIC_SCALE_PLUS_SYNTHETIC_PATTERN
2026-01-06,D03_LONG_SON,40HC,BALANCED,90,47,2,2,55,6,61,0,0,61,0,76,1.0514423076923078,LOW,4348119,0.08,REALITY_CALIBRATED_V2,PUBLIC_SCALE_PLUS_SYNTHETIC_PATTERN
2026-01-07,D01_PHU_MY,20GP,DEFICIT,141,92,5,3,72,17,89,0,0,89,0,142,0.7976352887676216,LOW,4348119,0.08,REALITY_CALIBRATED_V2,PUBLIC_SCALE_PLUS_SYNTHETIC_PATTERN
2026-01-07,D01_PHU_MY,40GP,SURPLUS,226,83,4,3,36,19,55,0,0,55,0,253,1.2831524303916944,LOW,4348119,0.08,REALITY_CALIBRATED_V2,PUBLIC_SCALE_PLUS_SYNTHETIC_PATTERN
2026-01-07,D01_PHU_MY,40HC,DEFICIT,203,64,3,3,66,17,83,0,0,83,0,184,0.8389720234222511,LOW,4348119,0.08,REALITY_CALIBRATED_V2,PUBLIC_SCALE_PLUS_SYNTHETIC_PATTERN
2026-01-07,D02_CAI_MEP,20GP,BALANCED,150,70,4,4,62,23,85,0,0,85,0,135,1.01956745623069,LOW,4348119,0.08,REALITY_CALIBRATED_V2,PUBLIC_SCALE_PLUS_SYNTHETIC_PATTERN
2026-01-07,D02_CAI_MEP,40GP,DEFICIT,121,41,2,3,51,18,69,0,0,69,0,94,0.7956777996070726,LOW,4348119,0.08,REALITY_CALIBRATED_V2,PUBLIC_SCALE_PLUS_SYNTHETIC_PATTERN
2026-01-07,D02_CAI_MEP,40HC,SURPLUS,341,99,4,3,64,26,90,0,0,90,0,349,1.2718279569892472,LOW,4348119,0.08,REALITY_CALIBRATED_V2,PUBLIC_SCALE_PLUS_SYNTHETIC_PATTERN
2026-01-07,D03_LONG_SON,20GP,SURPLUS,334,82,4,5,51,10,61,0,0,61,0,356,1.2269353128313891,LOW,4348119,0.08,REALITY_CALIBRATED_V2,PUBLIC_SCALE_PLUS_SYNTHETIC_PATTERN
2026-01-07,D03_LONG_SON,40GP,BALANCED,148,32,1,2,47,7,54,0,0,54,0,127,1.0261194029850744,LOW,4348119,0.08,REALITY_CALIBRATED_V2,PUBLIC_SCALE_PLUS_SYNTHETIC_PATTERN
2026-01-07,D03_LONG_SON,40HC,BALANCED,76,84,3,2,56,19,75,0,0,75,0,84,1.0514423076923078,LOW,4348119,0.08,REALITY_CALIBRATED_V2,PUBLIC_SCALE_PLUS_SYNTHETIC_PATTERN
2026-01-08,D01_PHU_MY,20GP,DEFICIT,142,58,3,5,79,10,89,0,0,89,0,113,0.7976352887676216,LOW,4348119,0.08,REALITY_CALIBRATED_V2,PUBLIC_SCALE_PLUS_SYNTHETIC_PATTERN
2026-01-08,D01_PHU_MY,40GP,SURPLUS,253,72,3,4,64,8,72,0,0,72,0,254,1.2831524303916944,LOW,4348119,0.08,REALITY_CALIBRATED_V2,PUBLIC_SCALE_PLUS_SYNTHETIC_PATTERN
2026-01-08,D01_PHU_MY,40HC,DEFICIT,184,53,2,3,57,18,75,0,0,75,0,163,0.8389720234222511,LOW,4348119,0.08,REALITY_CALIBRATED_V2,PUBLIC_SCALE_PLUS_SYNTHETIC_PATTERN
2026-01-08,D02_CAI_MEP,20GP,BALANCED,135,108,5,4,85,19,104,0,0,104,0,138,1.01956745623069,LOW,4348119,0.08,REALITY_CALIBRATED_V2,PUBLIC_SCALE_PLUS_SYNTHETIC_PATTERN
2026-01-08,D02_CAI_MEP,40GP,DEFICIT,94,65,3,2,43,5,48,0,0,48,0,110,0.7956777996070726,LOW,4348119,0.08,REALITY_CALIBRATED_V2,PUBLIC_SCALE_PLUS_SYNTHETIC_PATTERN
2026-01-08,D02_CAI_MEP,40HC,SURPLUS,349,110,4,4,72,15,87,0,0,87,0,372,1.2718279569892472,LOW,4348119,0.08,REALITY_CALIBRATED_V2,PUBLIC_SCALE_PLUS_SYNTHETIC_PATTERN
2026-01-08,D03_LONG_SON,20GP,SURPLUS,356,89,4,4,55,20,75,0,0,75,0,370,1.2269353128313891,LOW,4348119,0.08,REALITY_CALIBRATED_V2,PUBLIC_SCALE_PLUS_SYNTHETIC_PATTERN
2026-01-08,D03_LONG_SON,40GP,BALANCED,127,59,3,1,45,14,59,0,0,59,0,125,1.0261194029850744,LOW,4348119,0.08,REALITY_CALIBRATED_V2,PUBLIC_SCALE_PLUS_SYNTHETIC_PATTERN
2026-01-08,D03_LONG_SON,40HC,BALANCED,84,111,4,3,72,14,86,0,0,86,0,108,1.0514423076923078,LOW,4348119,0.08,REALITY_CALIBRATED_V2,PUBLIC_SCALE_PLUS_SYNTHETIC_PATTERN
2026-01-09,D01_PHU_MY,20GP,DEFICIT,113,75,4,3,78,24,102,0,0,102,0,85,0.7976352887676216,LOW,4348119,0.08,REALITY_CALIBRATED_V2,PUBLIC_SCALE_PLUS_SYNTHETIC_PATTERN
2026-01-09,D01_PHU_MY,40GP,SURPLUS,254,57,3,3,41,19,60,0,0,60,0,251,1.2831524303916944,LOW,4348119,0.08,REALITY_CALIBRATED_V2,PUBLIC_SCALE_PLUS_SYNTHETIC_PATTERN
2026-01-09,D01_PHU_MY,40HC,DEFICIT,163,75,3,2,68,22,90,0,0,90,0,147,0.8389720234222511,LOW,4348119,0.08,REALITY_CALIBRATED_V2,PUBLIC_SCALE_PLUS_SYNTHETIC_PATTERN
2026-01-09,D02_CAI_MEP,20GP,BALANCED,138,158,8,5,73,12,85,0,0,85,0,208,1.01956745623069,LOW,4348119,0.08,REALITY_CALIBRATED_V2,PUBLIC_SCALE_PLUS_SYNTHETIC_PATTERN
2026-01-09,D02_CAI_MEP,40GP,DEFICIT,110,58,3,3,29,12,41,0,0,41,0,127,0.7956777996070726,LOW,4348119,0.08,REALITY_CALIBRATED_V2,PUBLIC_SCALE_PLUS_SYNTHETIC_PATTERN
2026-01-09,D02_CAI_MEP,40HC,SURPLUS,372,84,3,4,52,26,78,0,0,78,0,379,1.2718279569892472,LOW,4348119,0.08,REALITY_CALIBRATED_V2,PUBLIC_SCALE_PLUS_SYNTHETIC_PATTERN
2026-01-09,D03_LONG_SON,20GP,SURPLUS,370,96,5,4,51,17,68,0,0,68,0,397,1.2269353128313891,LOW,4348119,0.08,REALITY_CALIBRATED_V2,PUBLIC_SCALE_PLUS_SYNTHETIC_PATTERN
2026-01-09,D03_LONG_SON,40GP,BALANCED,125,58,3,3,48,11,59,0,0,59,0,124,1.0261194029850744,LOW,4348119,0.08,REALITY_CALIBRATED_V2,PUBLIC_SCALE_PLUS_SYNTHETIC_PATTERN
2026-01-09,D03_LONG_SON,40HC,BALANCED,108,95,4,4,47,11,58,0,0,58,0,145,1.0514423076923078,LOW,4348119,0.08,REALITY_CALIBRATED_V2,PUBLIC_SCALE_PLUS_SYNTHETIC_PATTERN
2026-01-10,D01_PHU_MY,20GP,DEFICIT,85,68,3,4,44,7,51,0,0,51,0,103,0.7976352887676216,LOW,4348119,0.08,REALITY_CALIBRATED_V2,PUBLIC_SCALE_PLUS_SYNTHETIC_PATTERN
2026-01-10,D01_PHU_MY,40GP,SURPLUS,251,62,3,3,32,11,43,0,0,43,0,270,1.2831524303916944,LOW,4348119,0.08,REALITY_CALIBRATED_V2,PUBLIC_SCALE_PLUS_SYNTHETIC_PATTERN
2026-01-10,D01_PHU_MY,40HC,DEFICIT,147,55,2,3,50,7,57,0,0,57,0,146,0.8389720234222511,LOW,4348119,0.08,REALITY_CALIBRATED_V2,PUBLIC_SCALE_PLUS_SYNTHETIC_PATTERN
2026-01-10,D02_CAI_MEP,20GP,BALANCED,208,73,4,8,54,8,62,0,0,62,0,223,1.01956745623069,LOW,4348119,0.08,REALITY_CALIBRATED_V2,PUBLIC_SCALE_PLUS_SYNTHETIC_PATTERN
2026-01-10,D02_CAI_MEP,40GP,DEFICIT,127,35,2,3,27,5,32,0,0,32,0,131,0.7956777996070726,LOW,4348119,0.08,REALITY_CALIBRATED_V2,PUBLIC_SCALE_PLUS_SYNTHETIC_PATTERN
2026-01-10,D02_CAI_MEP,40HC,SURPLUS,379,84,3,3,40,12,52,0,0,52,0,411,1.2718279569892472,LOW,4348119,0.08,REALITY_CALIBRATED_V2,PUBLIC_SCALE_PLUS_SYNTHETIC_PATTERN
2026-01-10,D03_LONG_SON,20GP,SURPLUS,397,92,5,5,48,20,68,0,0,68,0,421,1.2269353128313891,LOW,4348119,0.08,REALITY_CALIBRATED_V2,PUBLIC_SCALE_PLUS_SYNTHETIC_PATTERN
2026-01-10,D03_LONG_SON,40GP,BALANCED,124,63,3,3,43,13,56,0,0,56,0,131,1.0261194029850744,LOW,4348119,0.08,REALITY_CALIBRATED_V2,PUBLIC_SCALE_PLUS_SYNTHETIC_PATTERN
2026-01-10,D03_LONG_SON,40HC,BALANCED,145,67,3,4,58,20,78,0,0,78,0,135,1.0514423076923078,LOW,4348119,0.08,REALITY_CALIBRATED_V2,PUBLIC_SCALE_PLUS_SYNTHETIC_PATTERN
2026-01-11,D01_PHU_MY,20GP,DEFICIT,103,48,2,3,44,21,65,0,0,65,0,87,0.7976352887676216,LOW,4348119,0.08,REALITY_CALIBRATED_V2,PUBLIC_SCALE_PLUS_SYNTHETIC_PATTERN
2026-01-11,D01_PHU_MY,40GP,SURPLUS,270,40,2,3,34,17,51,0,0,51,0,260,1.2831524303916944,LOW,4348119,0.08,REALITY_CALIBRATED_V2,PUBLIC_SCALE_PLUS_SYNTHETIC_PATTERN
2026-01-11,D01_PHU_MY,40HC,DEFICIT,146,44,2,2,49,24,73,0,0,73,0,117,0.8389720234222511,LOW,4348119,0.08,REALITY_CALIBRATED_V2,PUBLIC_SCALE_PLUS_SYNTHETIC_PATTERN
2026-01-11,D02_CAI_MEP,20GP,BALANCED,223,39,2,4,69,8,77,0,0,77,0,187,1.01956745623069,LOW,4348119,0.08,REALITY_CALIBRATED_V2,PUBLIC_SCALE_PLUS_SYNTHETIC_PATTERN
2026-01-11,D02_CAI_MEP,40GP,DEFICIT,131,42,2,2,35,7,42,0,0,42,0,131,0.7956777996070726,LOW,4348119,0.08,REALITY_CALIBRATED_V2,PUBLIC_SCALE_PLUS_SYNTHETIC_PATTERN
2026-01-11,D02_CAI_MEP,40HC,SURPLUS,411,81,3,3,32,9,41,0,0,41,0,451,1.2718279569892472,LOW,4348119,0.08,REALITY_CALIBRATED_V2,PUBLIC_SCALE_PLUS_SYNTHETIC_PATTERN
2026-01-11,D03_LONG_SON,20GP,SURPLUS,421,78,4,5,44,7,51,0,0,51,0,449,1.2269353128313891,LOW,4348119,0.08,REALITY_CALIBRATED_V2,PUBLIC_SCALE_PLUS_SYNTHETIC_PATTERN
2026-01-11,D03_LONG_SON,40GP,BALANCED,131,20,1,3,18,9,27,0,0,27,0,126,1.0261194029850744,LOW,4348119,0.08,REALITY_CALIBRATED_V2,PUBLIC_SCALE_PLUS_SYNTHETIC_PATTERN
2026-01-11,D03_LONG_SON,40HC,BALANCED,135,72,3,3,45,22,67,0,0,67,0,140,1.0514423076923078,LOW,4348119,0.08,REALITY_CALIBRATED_V2,PUBLIC_SCALE_PLUS_SYNTHETIC_PATTERN
2026-01-12,D01_PHU_MY,20GP,DEFICIT,87,82,4,2,89,34,123,0,0,123,0,44,0.7976352887676216,LOW,4348119,0.08,REALITY_CALIBRATED_V2,PUBLIC_SCALE_PLUS_SYNTHETIC_PATTERN
2026-01-12,D01_PHU_MY,40GP,SURPLUS,260,81,4,2,49,21,70,0,0,70,0,269,1.2831524303916944,LOW,4348119,0.08,REALITY_CALIBRATED_V2,PUBLIC_SCALE_PLUS_SYNTHETIC_PATTERN
2026-01-12,D01_PHU_MY,40HC,DEFICIT,117,73,3,2,44,13,57,0,0,57,0,132,0.8389720234222511,LOW,4348119,0.08,REALITY_CALIBRATED_V2,PUBLIC_SCALE_PLUS_SYNTHETIC_PATTERN
2026-01-12,D02_CAI_MEP,20GP,BALANCED,187,93,5,2,62,27,89,0,0,89,0,188,1.01956745623069,LOW,4348119,0.08,REALITY_CALIBRATED_V2,PUBLIC_SCALE_PLUS_SYNTHETIC_PATTERN
2026-01-12,D02_CAI_MEP,40GP,DEFICIT,131,35,2,2,41,19,60,0,0,60,0,106,0.7956777996070726,LOW,4348119,0.08,REALITY_CALIBRATED_V2,PUBLIC_SCALE_PLUS_SYNTHETIC_PATTERN
2026-01-12,D02_CAI_MEP,40HC,SURPLUS,451,131,5,3,76,20,96,0,0,96,0,484,1.2718279569892472,LOW,4348119,0.08,REALITY_CALIBRATED_V2,PUBLIC_SCALE_PLUS_SYNTHETIC_PATTERN
2026-01-12,D03_LONG_SON,20GP,SURPLUS,449,116,6,4,89,17,106,0,0,106,0,457,1.2269353128313891,LOW,4348119,0.08,REALITY_CALIBRATED_V2,PUBLIC_SCALE_PLUS_SYNTHETIC_PATTERN
2026-01-12,D03_LONG_SON,40GP,BALANCED,126,49,2,1,45,11,56,0,0,56,0,118,1.0261194029850744,LOW,4348119,0.08,REALITY_CALIBRATED_V2,PUBLIC_SCALE_PLUS_SYNTHETIC_PATTERN
2026-01-12,D03_LONG_SON,40HC,BALANCED,140,58,2,3,81,14,95,0,0,95,0,104,1.0514423076923078,LOW,4348119,0.08,REALITY_CALIBRATED_V2,PUBLIC_SCALE_PLUS_SYNTHETIC_PATTERN
2026-01-13,D01_PHU_MY,20GP,DEFICIT,44,78,4,4,68,14,82,0,0,82,0,40,0.7976352887676216,LOW,4348119,0.08,REALITY_CALIBRATED_V2,PUBLIC_SCALE_PLUS_SYNTHETIC_PATTERN
2026-01-13,D01_PHU_MY,40GP,SURPLUS,269,57,3,4,38,9,47,0,0,47,0,280,1.2831524303916944,LOW,4348119,0.08,REALITY_CALIBRATED_V2,PUBLIC_SCALE_PLUS_SYNTHETIC_PATTERN
2026-01-13,D01_PHU_MY,40HC,DEFICIT,132,70,3,3,64,11,75,0,0,75,0,127,0.8389720234222511,LOW,4348119,0.08,REALITY_CALIBRATED_V2,PUBLIC_SCALE_PLUS_SYNTHETIC_PATTERN
2026-01-13,D02_CAI_MEP,20GP,BALANCED,188,62,3,5,81,12,93,0,0,93,0,159,1.01956745623069,LOW,4348119,0.08,REALITY_CALIBRATED_V2,PUBLIC_SCALE_PLUS_SYNTHETIC_PATTERN
2026-01-13,D02_CAI_MEP,40GP,DEFICIT,106,35,2,2,44,11,55,0,0,55,0,86,0.7956777996070726,LOW,4348119,0.08,REALITY_CALIBRATED_V2,PUBLIC_SCALE_PLUS_SYNTHETIC_PATTERN
2026-01-13,D02_CAI_MEP,40HC,SURPLUS,484,99,4,5,87,12,99,0,0,99,0,485,1.2718279569892472,LOW,4348119,0.08,REALITY_CALIBRATED_V2,PUBLIC_SCALE_PLUS_SYNTHETIC_PATTERN
2026-01-13,D03_LONG_SON,20GP,SURPLUS,457,96,5,6,61,17,78,0,0,78,0,476,1.2269353128313891,LOW,4348119,0.08,REALITY_CALIBRATED_V2,PUBLIC_SCALE_PLUS_SYNTHETIC_PATTERN
2026-01-13,D03_LONG_SON,40GP,BALANCED,118,54,2,2,61,9,70,0,0,70,0,102,1.0261194029850744,LOW,4348119,0.08,REALITY_CALIBRATED_V2,PUBLIC_SCALE_PLUS_SYNTHETIC_PATTERN
2026-01-13,D03_LONG_SON,40HC,BALANCED,104,70,3,2,86,25,111,0,0,111,0,62,1.0514423076923078,LOW,4348119,0.08,REALITY_CALIBRATED_V2,PUBLIC_SCALE_PLUS_SYNTHETIC_PATTERN
2026-01-14,D01_PHU_MY,20GP,DEFICIT,40,85,4,4,48,24,72,0,0,72,0,53,0.7976352887676216,LOW,4348119,0.08,REALITY_CALIBRATED_V2,PUBLIC_SCALE_PLUS_SYNTHETIC_PATTERN
2026-01-14,D01_PHU_MY,40GP,SURPLUS,280,77,3,3,47,6,53,0,0,53,0,304,1.2831524303916944,LOW,4348119,0.08,REALITY_CALIBRATED_V2,PUBLIC_SCALE_PLUS_SYNTHETIC_PATTERN
2026-01-14,D01_PHU_MY,40HC,DEFICIT,127,55,2,3,46,24,70,0,0,70,0,113,0.8389720234222511,LOW,4348119,0.08,REALITY_CALIBRATED_V2,PUBLIC_SCALE_PLUS_SYNTHETIC_PATTERN
2026-01-14,D02_CAI_MEP,20GP,BALANCED,159,93,5,3,81,12,93,0,0,93,0,157,1.01956745623069,LOW,4348119,0.08,REALITY_CALIBRATED_V2,PUBLIC_SCALE_PLUS_SYNTHETIC_PATTERN
2026-01-14,D02_CAI_MEP,40GP,DEFICIT,86,37,2,2,30,14,44,0,0,44,0,79,0.7956777996070726,LOW,4348119,0.08,REALITY_CALIBRATED_V2,PUBLIC_SCALE_PLUS_SYNTHETIC_PATTERN
2026-01-14,D02_CAI_MEP,40HC,SURPLUS,485,96,4,4,70,35,105,0,0,105,0,476,1.2718279569892472,LOW,4348119,0.08,REALITY_CALIBRATED_V2,PUBLIC_SCALE_PLUS_SYNTHETIC_PATTERN
2026-01-14,D03_LONG_SON,20GP,SURPLUS,476,102,5,5,79,10,89,0,0,89,0,489,1.2269353128313891,LOW,4348119,0.08,REALITY_CALIBRATED_V2,PUBLIC_SCALE_PLUS_SYNTHETIC_PATTERN
2026-01-14,D03_LONG_SON,40GP,BALANCED,102,49,2,2,23,4,27,0,0,27,0,124,1.0261194029850744,LOW,4348119,0.08,REALITY_CALIBRATED_V2,PUBLIC_SCALE_PLUS_SYNTHETIC_PATTERN
2026-01-14,D03_LONG_SON,40HC,BALANCED,62,86,3,3,45,8,53,0,0,53,0,95,1.0514423076923078,LOW,4348119,0.08,REALITY_CALIBRATED_V2,PUBLIC_SCALE_PLUS_SYNTHETIC_PATTERN
2026-01-15,D01_PHU_MY,20GP,DEFICIT,53,61,3,4,71,14,85,0,0,85,0,30,0.7976352887676216,LOW,4348119,0.08,REALITY_CALIBRATED_V2,PUBLIC_SCALE_PLUS_SYNTHETIC_PATTERN
2026-01-15,D01_PHU_MY,40GP,SURPLUS,304,62,3,3,34,17,51,0,0,51,0,315,1.2831524303916944,LOW,4348119,0.08,REALITY_CALIBRATED_V2,PUBLIC_SCALE_PLUS_SYNTHETIC_PATTERN
2026-01-15,D01_PHU_MY,40HC,DEFICIT,113,70,3,2,75,11,86,0,0,86,0,96,0.8389720234222511,LOW,4348119,0.08,REALITY_CALIBRATED_V2,PUBLIC_SCALE_PLUS_SYNTHETIC_PATTERN
2026-01-15,D02_CAI_MEP,20GP,BALANCED,157,62,3,5,70,23,93,0,0,93,0,128,1.01956745623069,LOW,4348119,0.08,REALITY_CALIBRATED_V2,PUBLIC_SCALE_PLUS_SYNTHETIC_PATTERN
2026-01-15,D02_CAI_MEP,40GP,DEFICIT,79,34,2,2,28,14,42,0,0,42,0,71,0.7956777996070726,LOW,4348119,0.08,REALITY_CALIBRATED_V2,PUBLIC_SCALE_PLUS_SYNTHETIC_PATTERN
2026-01-15,D02_CAI_MEP,40HC,SURPLUS,476,78,3,4,55,26,81,0,0,81,0,474,1.2718279569892472,LOW,4348119,0.08,REALITY_CALIBRATED_V2,PUBLIC_SCALE_PLUS_SYNTHETIC_PATTERN
2026-01-15,D03_LONG_SON,20GP,SURPLUS,489,89,4,5,51,17,68,0,0,68,0,511,1.2269353128313891,LOW,4348119,0.08,REALITY_CALIBRATED_V2,PUBLIC_SCALE_PLUS_SYNTHETIC_PATTERN
2026-01-15,D03_LONG_SON,40GP,BALANCED,124,63,3,2,38,11,49,0,0,49,0,137,1.0261194029850744,LOW,4348119,0.08,REALITY_CALIBRATED_V2,PUBLIC_SCALE_PLUS_SYNTHETIC_PATTERN
2026-01-15,D03_LONG_SON,40HC,BALANCED,95,109,4,3,70,25,95,0,0,95,0,108,1.0514423076923078,LOW,4348119,0.08,REALITY_CALIBRATED_V2,PUBLIC_SCALE_PLUS_SYNTHETIC_PATTERN
2026-01-16,D01_PHU_MY,20GP,DEFICIT,30,75,4,3,55,17,72,0,0,72,0,32,0.7976352887676216,LOW,4348119,0.08,REALITY_CALIBRATED_V2,PUBLIC_SCALE_PLUS_SYNTHETIC_PATTERN
2026-01-16,D01_PHU_MY,40GP,SURPLUS,315,74,3,3,42,13,55,0,0,55,0,334,1.2831524303916944,LOW,4348119,0.08,REALITY_CALIBRATED_V2,PUBLIC_SCALE_PLUS_SYNTHETIC_PATTERN
2026-01-16,D01_PHU_MY,40HC,DEFICIT,96,42,2,3,60,15,75,0,0,75,0,64,0.8389720234222511,LOW,4348119,0.08,REALITY_CALIBRATED_V2,PUBLIC_SCALE_PLUS_SYNTHETIC_PATTERN
2026-01-16,D02_CAI_MEP,20GP,BALANCED,128,100,5,3,77,23,100,0,0,100,0,126,1.01956745623069,LOW,4348119,0.08,REALITY_CALIBRATED_V2,PUBLIC_SCALE_PLUS_SYNTHETIC_PATTERN
2026-01-16,D02_CAI_MEP,40GP,DEFICIT,71,55,2,2,39,11,50,0,0,50,0,76,0.7956777996070726,LOW,4348119,0.08,REALITY_CALIBRATED_V2,PUBLIC_SCALE_PLUS_SYNTHETIC_PATTERN
2026-01-16,D02_CAI_MEP,40HC,SURPLUS,474,93,4,3,50,26,76,0,0,76,0,490,1.2718279569892472,LOW,4348119,0.08,REALITY_CALIBRATED_V2,PUBLIC_SCALE_PLUS_SYNTHETIC_PATTERN
2026-01-16,D03_LONG_SON,20GP,SURPLUS,511,96,5,4,65,24,89,0,0,89,0,517,1.2269353128313891,LOW,4348119,0.08,REALITY_CALIBRATED_V2,PUBLIC_SCALE_PLUS_SYNTHETIC_PATTERN
2026-01-16,D03_LONG_SON,40GP,BALANCED,137,49,2,3,36,7,43,0,0,43,0,144,1.0261194029850744,LOW,4348119,0.08,REALITY_CALIBRATED_V2,PUBLIC_SCALE_PLUS_SYNTHETIC_PATTERN
2026-01-16,D03_LONG_SON,40HC,BALANCED,108,64,3,4,48,22,70,0,0,70,0,103,1.0514423076923078,LOW,4348119,0.08,REALITY_CALIBRATED_V2,PUBLIC_SCALE_PLUS_SYNTHETIC_PATTERN
2026-01-17,D01_PHU_MY,20GP,DEFICIT,32,68,3,4,58,10,68,0,0,68,0,33,0.7976352887676216,LOW,4348119,0.08,REALITY_CALIBRATED_V2,PUBLIC_SCALE_PLUS_SYNTHETIC_PATTERN
2026-01-17,D01_PHU_MY,40GP,SURPLUS,334,62,3,3,38,17,55,0,0,55,0,341,1.2831524303916944,LOW,4348119,0.08,REALITY_CALIBRATED_V2,PUBLIC_SCALE_PLUS_SYNTHETIC_PATTERN
2026-01-17,D01_PHU_MY,40HC,DEFICIT,64,55,2,2,57,20,77,0,0,77,0,42,0.8389720234222511,LOW,4348119,0.08,REALITY_CALIBRATED_V2,PUBLIC_SCALE_PLUS_SYNTHETIC_PATTERN
2026-01-17,D02_CAI_MEP,20GP,BALANCED,126,62,3,5,42,8,50,0,0,50,0,140,1.01956745623069,LOW,4348119,0.08,REALITY_CALIBRATED_V2,PUBLIC_SCALE_PLUS_SYNTHETIC_PATTERN
2026-01-17,D02_CAI_MEP,40GP,DEFICIT,76,34,2,2,28,9,37,0,0,37,0,73,0.7956777996070726,LOW,4348119,0.08,REALITY_CALIBRATED_V2,PUBLIC_SCALE_PLUS_SYNTHETIC_PATTERN
2026-01-17,D02_CAI_MEP,40HC,SURPLUS,490,87,3,4,56,20,76,0,0,76,0,502,1.2718279569892472,LOW,4348119,0.08,REALITY_CALIBRATED_V2,PUBLIC_SCALE_PLUS_SYNTHETIC_PATTERN
2026-01-17,D03_LONG_SON,20GP,SURPLUS,517,109,5,5,55,20,75,0,0,75,0,551,1.2269353128313891,LOW,4348119,0.08,REALITY_CALIBRATED_V2,PUBLIC_SCALE_PLUS_SYNTHETIC_PATTERN
2026-01-17,D03_LONG_SON,40GP,BALANCED,144,49,2,2,31,9,40,0,0,40,0,153,1.0261194029850744,LOW,4348119,0.08,REALITY_CALIBRATED_V2,PUBLIC_SCALE_PLUS_SYNTHETIC_PATTERN
2026-01-17,D03_LONG_SON,40HC,BALANCED,103,89,4,3,53,19,72,0,0,72,0,119,1.0514423076923078,LOW,4348119,0.08,REALITY_CALIBRATED_V2,PUBLIC_SCALE_PLUS_SYNTHETIC_PATTERN
2026-01-18,D01_PHU_MY,20GP,DEFICIT,33,51,3,3,61,7,68,0,0,68,0,16,0.7976352887676216,LOW,4348119,0.08,REALITY_CALIBRATED_V2,PUBLIC_SCALE_PLUS_SYNTHETIC_PATTERN
2026-01-18,D01_PHU_MY,40GP,SURPLUS,341,51,2,3,46,11,57,0,0,57,0,336,1.2831524303916944,LOW,4348119,0.08,REALITY_CALIBRATED_V2,PUBLIC_SCALE_PLUS_SYNTHETIC_PATTERN
2026-01-18,D01_PHU_MY,40HC,DEFICIT,42,22,1,2,46,9,55,0,0,55,0,10,0.8389720234222511,LOW,4348119,0.08,REALITY_CALIBRATED_V2,PUBLIC_SCALE_PLUS_SYNTHETIC_PATTERN
2026-01-18,D02_CAI_MEP,20GP,BALANCED,140,58,3,3,27,4,31,0,0,31,0,167,1.01956745623069,LOW,4348119,0.08,REALITY_CALIBRATED_V2,PUBLIC_SCALE_PLUS_SYNTHETIC_PATTERN
2026-01-18,D02_CAI_MEP,40GP,DEFICIT,73,39,2,2,33,9,42,0,0,42,0,70,0.7956777996070726,LOW,4348119,0.08,REALITY_CALIBRATED_V2,PUBLIC_SCALE_PLUS_SYNTHETIC_PATTERN
2026-01-18,D02_CAI_MEP,40HC,SURPLUS,502,58,2,3,49,12,61,0,0,61,0,500,1.2718279569892472,LOW,4348119,0.08,REALITY_CALIBRATED_V2,PUBLIC_SCALE_PLUS_SYNTHETIC_PATTERN
2026-01-18,D03_LONG_SON,20GP,SURPLUS,551,27,1,5,34,7,41,0,0,41,0,541,1.2269353128313891,LOW,4348119,0.08,REALITY_CALIBRATED_V2,PUBLIC_SCALE_PLUS_SYNTHETIC_PATTERN
2026-01-18,D03_LONG_SON,40GP,BALANCED,153,38,2,2,23,4,27,0,0,27,0,164,1.0261194029850744,LOW,4348119,0.08,REALITY_CALIBRATED_V2,PUBLIC_SCALE_PLUS_SYNTHETIC_PATTERN
2026-01-18,D03_LONG_SON,40HC,BALANCED,119,61,2,4,47,6,53,0,0,53,0,129,1.0514423076923078,LOW,4348119,0.08,REALITY_CALIBRATED_V2,PUBLIC_SCALE_PLUS_SYNTHETIC_PATTERN
2026-01-19,D01_PHU_MY,20GP,DEFICIT,16,92,5,3,58,20,78,0,0,78,0,28,0.7976352887676216,LOW,4348119,0.08,REALITY_CALIBRATED_V2,PUBLIC_SCALE_PLUS_SYNTHETIC_PATTERN
2026-01-19,D01_PHU_MY,40GP,SURPLUS,336,68,3,2,34,13,47,0,0,47,0,356,1.2831524303916944,LOW,4348119,0.08,REALITY_CALIBRATED_V2,PUBLIC_SCALE_PLUS_SYNTHETIC_PATTERN
2026-01-19,D01_PHU_MY,40HC,DEFICIT,10,42,2,1,57,7,64,0,0,51,13,0,0.8389720234222511,LOW,4348119,0.08,REALITY_CALIBRATED_V2,PUBLIC_SCALE_PLUS_SYNTHETIC_PATTERN
2026-01-19,D02_CAI_MEP,20GP,BALANCED,167,100,5,3,43,19,62,0,0,62,0,203,1.01956745623069,LOW,4348119,0.08,REALITY_CALIBRATED_V2,PUBLIC_SCALE_PLUS_SYNTHETIC_PATTERN
2026-01-19,D02_CAI_MEP,40GP,DEFICIT,70,39,2,2,35,9,44,0,0,44,0,65,0.7956777996070726,LOW,4348119,0.08,REALITY_CALIBRATED_V2,PUBLIC_SCALE_PLUS_SYNTHETIC_PATTERN
2026-01-19,D02_CAI_MEP,40HC,SURPLUS,500,78,3,2,50,23,73,0,0,73,0,504,1.2718279569892472,LOW,4348119,0.08,REALITY_CALIBRATED_V2,PUBLIC_SCALE_PLUS_SYNTHETIC_PATTERN
2026-01-19,D03_LONG_SON,20GP,SURPLUS,541,65,3,1,79,10,89,0,0,89,0,515,1.2269353128313891,LOW,4348119,0.08,REALITY_CALIBRATED_V2,PUBLIC_SCALE_PLUS_SYNTHETIC_PATTERN
2026-01-19,D03_LONG_SON,40GP,BALANCED,164,41,2,2,32,13,45,0,0,45,0,160,1.0261194029850744,LOW,4348119,0.08,REALITY_CALIBRATED_V2,PUBLIC_SCALE_PLUS_SYNTHETIC_PATTERN
2026-01-19,D03_LONG_SON,40HC,BALANCED,129,58,2,2,50,11,61,0,0,61,0,126,1.0514423076923078,LOW,4348119,0.08,REALITY_CALIBRATED_V2,PUBLIC_SCALE_PLUS_SYNTHETIC_PATTERN
2026-01-20,D01_PHU_MY,20GP,DEFICIT,28,61,3,5,68,10,78,0,0,78,0,13,0.7976352887676216,LOW,4348119,0.08,REALITY_CALIBRATED_V2,PUBLIC_SCALE_PLUS_SYNTHETIC_PATTERN
2026-01-20,D01_PHU_MY,40GP,SURPLUS,356,51,2,3,47,8,55,0,0,55,0,353,1.2831524303916944,LOW,4348119,0.08,REALITY_CALIBRATED_V2,PUBLIC_SCALE_PLUS_SYNTHETIC_PATTERN
2026-01-20,D01_PHU_MY,40HC,DEFICIT,0,57,2,2,53,26,79,0,0,57,22,0,0.8389720234222511,LOW,4348119,0.08,REALITY_CALIBRATED_V2,PUBLIC_SCALE_PLUS_SYNTHETIC_PATTERN
2026-01-20,D02_CAI_MEP,20GP,BALANCED,203,66,3,5,62,27,89,0,0,89,0,182,1.01956745623069,LOW,4348119,0.08,REALITY_CALIBRATED_V2,PUBLIC_SCALE_PLUS_SYNTHETIC_PATTERN
2026-01-20,D02_CAI_MEP,40GP,DEFICIT,65,32,1,2,55,9,64,0,0,64,0,34,0.7956777996070726,LOW,4348119,0.08,REALITY_CALIBRATED_V2,PUBLIC_SCALE_PLUS_SYNTHETIC_PATTERN
2026-01-20,D02_CAI_MEP,40HC,SURPLUS,504,99,4,3,79,17,96,0,0,96,0,506,1.2718279569892472,LOW,4348119,0.08,REALITY_CALIBRATED_V2,PUBLIC_SCALE_PLUS_SYNTHETIC_PATTERN
2026-01-20,D03_LONG_SON,20GP,SURPLUS,515,102,5,3,82,10,92,0,0,92,0,523,1.2269353128313891,LOW,4348119,0.08,REALITY_CALIBRATED_V2,PUBLIC_SCALE_PLUS_SYNTHETIC_PATTERN
2026-01-20,D03_LONG_SON,40GP,BALANCED,160,40,2,2,34,4,38,0,0,38,0,162,1.0261194029850744,LOW,4348119,0.08,REALITY_CALIBRATED_V2,PUBLIC_SCALE_PLUS_SYNTHETIC_PATTERN
2026-01-20,D03_LONG_SON,40HC,BALANCED,126,84,3,2,42,8,50,0,0,50,0,159,1.0514423076923078,LOW,4348119,0.08,REALITY_CALIBRATED_V2,PUBLIC_SCALE_PLUS_SYNTHETIC_PATTERN
2026-01-21,D01_PHU_MY,20GP,DEFICIT,13,113,6,3,48,24,72,0,0,72,0,51,0.7976352887676216,LOW,4348119,0.08,REALITY_CALIBRATED_V2,PUBLIC_SCALE_PLUS_SYNTHETIC_PATTERN
2026-01-21,D01_PHU_MY,40GP,SURPLUS,353,91,4,2,29,11,40,0,0,40,0,402,1.2831524303916944,LOW,4348119,0.08,REALITY_CALIBRATED_V2,PUBLIC_SCALE_PLUS_SYNTHETIC_PATTERN
2026-01-21,D01_PHU_MY,40HC,DEFICIT,0,68,3,2,61,18,79,0,0,67,12,0,0.8389720234222511,LOW,4348119,0.08,REALITY_CALIBRATED_V2,PUBLIC_SCALE_PLUS_SYNTHETIC_PATTERN
2026-01-21,D02_CAI_MEP,20GP,BALANCED,182,97,5,3,73,31,104,0,0,104,0,173,1.01956745623069,LOW,4348119,0.08,REALITY_CALIBRATED_V2,PUBLIC_SCALE_PLUS_SYNTHETIC_PATTERN
2026-01-21,D02_CAI_MEP,40GP,DEFICIT,34,41,2,1,50,12,62,0,0,62,0,12,0.7956777996070726,LOW,4348119,0.08,REALITY_CALIBRATED_V2,PUBLIC_SCALE_PLUS_SYNTHETIC_PATTERN
2026-01-21,D02_CAI_MEP,40HC,SURPLUS,506,119,5,4,64,14,78,0,0,78,0,546,1.2718279569892472,LOW,4348119,0.08,REALITY_CALIBRATED_V2,PUBLIC_SCALE_PLUS_SYNTHETIC_PATTERN
2026-01-21,D03_LONG_SON,20GP,SURPLUS,523,78,4,5,58,24,82,0,0,82,0,520,1.2269353128313891,LOW,4348119,0.08,REALITY_CALIBRATED_V2,PUBLIC_SCALE_PLUS_SYNTHETIC_PATTERN
2026-01-21,D03_LONG_SON,40GP,BALANCED,162,47,2,2,29,16,45,0,0,45,0,164,1.0261194029850744,LOW,4348119,0.08,REALITY_CALIBRATED_V2,PUBLIC_SCALE_PLUS_SYNTHETIC_PATTERN
2026-01-21,D03_LONG_SON,40HC,BALANCED,159,78,3,3,62,8,70,0,0,70,0,167,1.0514423076923078,LOW,4348119,0.08,REALITY_CALIBRATED_V2,PUBLIC_SCALE_PLUS_SYNTHETIC_PATTERN
2026-01-22,D01_PHU_MY,20GP,DEFICIT,51,96,5,6,82,20,102,0,0,102,0,46,0.7976352887676216,LOW,4348119,0.08,REALITY_CALIBRATED_V2,PUBLIC_SCALE_PLUS_SYNTHETIC_PATTERN
2026-01-22,D01_PHU_MY,40GP,SURPLUS,402,81,4,4,44,13,57,0,0,57,0,426,1.2831524303916944,LOW,4348119,0.08,REALITY_CALIBRATED_V2,PUBLIC_SCALE_PLUS_SYNTHETIC_PATTERN
2026-01-22,D01_PHU_MY,40HC,DEFICIT,0,42,2,3,59,22,81,0,0,43,38,0,0.8389720234222511,LOW,4348119,0.08,REALITY_CALIBRATED_V2,PUBLIC_SCALE_PLUS_SYNTHETIC_PATTERN
2026-01-22,D02_CAI_MEP,20GP,BALANCED,173,62,3,5,54,16,70,0,0,70,0,167,1.01956745623069,LOW,4348119,0.08,REALITY_CALIBRATED_V2,PUBLIC_SCALE_PLUS_SYNTHETIC_PATTERN
2026-01-22,D02_CAI_MEP,40GP,DEFICIT,12,27,1,2,37,7,44,0,0,40,4,0,0.7956777996070726,LOW,4348119,0.08,REALITY_CALIBRATED_V2,PUBLIC_SCALE_PLUS_SYNTHETIC_PATTERN
2026-01-22,D02_CAI_MEP,40HC,SURPLUS,546,90,4,5,73,17,90,0,0,90,0,547,1.2718279569892472,LOW,4348119,0.08,REALITY_CALIBRATED_V2,PUBLIC_SCALE_PLUS_SYNTHETIC_PATTERN
2026-01-22,D03_LONG_SON,20GP,SURPLUS,520,113,6,4,34,14,48,0,0,48,0,583,1.2269353128313891,LOW,4348119,0.08,REALITY_CALIBRATED_V2,PUBLIC_SCALE_PLUS_SYNTHETIC_PATTERN
2026-01-22,D03_LONG_SON,40GP,BALANCED,164,40,2,2,27,11,38,0,0,38,0,166,1.0261194029850744,LOW,4348119,0.08,REALITY_CALIBRATED_V2,PUBLIC_SCALE_PLUS_SYNTHETIC_PATTERN
2026-01-22,D03_LONG_SON,40HC,BALANCED,167,33,1,3,50,8,58,0,0,58,0,144,1.0514423076923078,LOW,4348119,0.08,REALITY_CALIBRATED_V2,PUBLIC_SCALE_PLUS_SYNTHETIC_PATTERN
2026-01-23,D01_PHU_MY,20GP,DEFICIT,46,68,3,5,71,31,102,0,0,102,0,14,0.7976352887676216,LOW,4348119,0.08,REALITY_CALIBRATED_V2,PUBLIC_SCALE_PLUS_SYNTHETIC_PATTERN
2026-01-23,D01_PHU_MY,40GP,SURPLUS,426,77,3,4,47,6,53,0,0,53,0,451,1.2831524303916944,LOW,4348119,0.08,REALITY_CALIBRATED_V2,PUBLIC_SCALE_PLUS_SYNTHETIC_PATTERN
2026-01-23,D01_PHU_MY,40HC,DEFICIT,0,62,2,2,57,26,83,0,0,62,21,0,0.8389720234222511,LOW,4348119,0.08,REALITY_CALIBRATED_V2,PUBLIC_SCALE_PLUS_SYNTHETIC_PATTERN
2026-01-23,D02_CAI_MEP,20GP,BALANCED,167,108,5,3,69,8,77,0,0,77,0,196,1.01956745623069,LOW,4348119,0.08,REALITY_CALIBRATED_V2,PUBLIC_SCALE_PLUS_SYNTHETIC_PATTERN
2026-01-23,D02_CAI_MEP,40GP,DEFICIT,0,42,2,1,42,18,60,0,0,41,19,0,0.7956777996070726,LOW,4348119,0.08,REALITY_CALIBRATED_V2,PUBLIC_SCALE_PLUS_SYNTHETIC_PATTERN
2026-01-23,D02_CAI_MEP,40HC,SURPLUS,547,90,4,4,72,15,87,0,0,87,0,550,1.2718279569892472,LOW,4348119,0.08,REALITY_CALIBRATED_V2,PUBLIC_SCALE_PLUS_SYNTHETIC_PATTERN
2026-01-23,D03_LONG_SON,20GP,SURPLUS,583,96,5,6,55,20,75,0,0,75,0,605,1.2269353128313891,LOW,4348119,0.08,REALITY_CALIBRATED_V2,PUBLIC_SCALE_PLUS_SYNTHETIC_PATTERN
2026-01-23,D03_LONG_SON,40GP,BALANCED,166,34,2,2,24,7,31,0,0,31,0,169,1.0261194029850744,LOW,4348119,0.08,REALITY_CALIBRATED_V2,PUBLIC_SCALE_PLUS_SYNTHETIC_PATTERN
2026-01-23,D03_LONG_SON,40HC,BALANCED,144,45,2,1,55,17,72,0,0,72,0,116,1.0514423076923078,LOW,4348119,0.08,REALITY_CALIBRATED_V2,PUBLIC_SCALE_PLUS_SYNTHETIC_PATTERN
2026-01-24,D01_PHU_MY,20GP,DEFICIT,14,65,3,3,68,7,75,0,0,75,0,4,0.7976352887676216,LOW,4348119,0.08,REALITY_CALIBRATED_V2,PUBLIC_SCALE_PLUS_SYNTHETIC_PATTERN
2026-01-24,D01_PHU_MY,40GP,SURPLUS,451,51,2,3,34,6,40,0,0,40,0,463,1.2831524303916944,LOW,4348119,0.08,REALITY_CALIBRATED_V2,PUBLIC_SCALE_PLUS_SYNTHETIC_PATTERN
2026-01-24,D01_PHU_MY,40HC,DEFICIT,0,51,2,2,42,15,57,0,0,51,6,0,0.8389720234222511,LOW,4348119,0.08,REALITY_CALIBRATED_V2,PUBLIC_SCALE_PLUS_SYNTHETIC_PATTERN
2026-01-24,D02_CAI_MEP,20GP,BALANCED,196,54,3,5,81,16,97,0,0,97,0,155,1.01956745623069,LOW,4348119,0.08,REALITY_CALIBRATED_V2,PUBLIC_SCALE_PLUS_SYNTHETIC_PATTERN
2026-01-24,D02_CAI_MEP,40GP,DEFICIT,0,34,2,2,36,5,41,0,0,34,7,0,0.7956777996070726,LOW,4348119,0.08,REALITY_CALIBRATED_V2,PUBLIC_SCALE_PLUS_SYNTHETIC_PATTERN
2026-01-24,D02_CAI_MEP,40HC,SURPLUS,550,84,3,4,38,14,52,0,0,52,0,583,1.2718279569892472,LOW,4348119,0.08,REALITY_CALIBRATED_V2,PUBLIC_SCALE_PLUS_SYNTHETIC_PATTERN
2026-01-24,D03_LONG_SON,20GP,SURPLUS,605,75,4,5,30,14,44,0,0,44,0,637,1.2269353128313891,LOW,4348119,0.08,REALITY_CALIBRATED_V2,PUBLIC_SCALE_PLUS_SYNTHETIC_PATTERN
2026-01-24,D03_LONG_SON,40GP,BALANCED,169,36,2,2,29,12,41,0,0,41,0,164,1.0261194029850744,LOW,4348119,0.08,REALITY_CALIBRATED_V2,PUBLIC_SCALE_PLUS_SYNTHETIC_PATTERN
2026-01-24,D03_LONG_SON,40HC,BALANCED,116,47,2,2,39,17,56,0,0,56,0,107,1.0514423076923078,LOW,4348119,0.08,REALITY_CALIBRATED_V2,PUBLIC_SCALE_PLUS_SYNTHETIC_PATTERN
2026-01-25,D01_PHU_MY,20GP,DEFICIT,4,38,2,3,41,7,48,0,0,43,5,0,0.7976352887676216,LOW,4348119,0.08,REALITY_CALIBRATED_V2,PUBLIC_SCALE_PLUS_SYNTHETIC_PATTERN
2026-01-25,D01_PHU_MY,40GP,SURPLUS,463,43,2,2,26,8,34,0,0,34,0,472,1.2831524303916944,LOW,4348119,0.08,REALITY_CALIBRATED_V2,PUBLIC_SCALE_PLUS_SYNTHETIC_PATTERN
2026-01-25,D01_PHU_MY,40HC,DEFICIT,0,44,2,2,31,11,42,0,0,42,0,2,0.8389720234222511,LOW,4348119,0.08,REALITY_CALIBRATED_V2,PUBLIC_SCALE_PLUS_SYNTHETIC_PATTERN
2026-01-25,D02_CAI_MEP,20GP,BALANCED,155,23,1,3,58,15,73,0,0,73,0,107,1.01956745623069,LOW,4348119,0.08,REALITY_CALIBRATED_V2,PUBLIC_SCALE_PLUS_SYNTHETIC_PATTERN
2026-01-25,D02_CAI_MEP,40GP,DEFICIT,0,39,2,2,23,7,30,0,0,30,0,9,0.7956777996070726,LOW,4348119,0.08,REALITY_CALIBRATED_V2,PUBLIC_SCALE_PLUS_SYNTHETIC_PATTERN
2026-01-25,D02_CAI_MEP,40HC,SURPLUS,583,67,3,3,38,3,41,0,0,41,0,609,1.2718279569892472,LOW,4348119,0.08,REALITY_CALIBRATED_V2,PUBLIC_SCALE_PLUS_SYNTHETIC_PATTERN
2026-01-25,D03_LONG_SON,20GP,SURPLUS,637,31,2,4,24,7,31,0,0,31,0,639,1.2269353128313891,LOW,4348119,0.08,REALITY_CALIBRATED_V2,PUBLIC_SCALE_PLUS_SYNTHETIC_PATTERN
2026-01-25,D03_LONG_SON,40GP,BALANCED,164,9,0,2,27,7,34,0,0,34,0,141,1.0261194029850744,LOW,4348119,0.08,REALITY_CALIBRATED_V2,PUBLIC_SCALE_PLUS_SYNTHETIC_PATTERN
2026-01-25,D03_LONG_SON,40HC,BALANCED,107,58,2,2,39,14,53,0,0,53,0,112,1.0514423076923078,LOW,4348119,0.08,REALITY_CALIBRATED_V2,PUBLIC_SCALE_PLUS_SYNTHETIC_PATTERN
2026-01-26,D01_PHU_MY,20GP,DEFICIT,0,61,3,2,55,17,72,0,0,60,12,0,0.7976352887676216,LOW,4348119,0.08,REALITY_CALIBRATED_V2,PUBLIC_SCALE_PLUS_SYNTHETIC_PATTERN
2026-01-26,D01_PHU_MY,40GP,SURPLUS,472,55,2,2,45,15,60,0,0,60,0,467,1.2831524303916944,LOW,4348119,0.08,REALITY_CALIBRATED_V2,PUBLIC_SCALE_PLUS_SYNTHETIC_PATTERN
2026-01-26,D01_PHU_MY,40HC,DEFICIT,2,59,2,2,57,22,79,0,0,61,18,0,0.8389720234222511,LOW,4348119,0.08,REALITY_CALIBRATED_V2,PUBLIC_SCALE_PLUS_SYNTHETIC_PATTERN
2026-01-26,D02_CAI_MEP,20GP,BALANCED,107,77,4,1,97,15,112,0,0,112,0,69,1.01956745623069,LOW,4348119,0.08,REALITY_CALIBRATED_V2,PUBLIC_SCALE_PLUS_SYNTHETIC_PATTERN
2026-01-26,D02_CAI_MEP,40GP,DEFICIT,9,28,1,2,48,7,55,0,0,38,17,0,0.7956777996070726,LOW,4348119,0.08,REALITY_CALIBRATED_V2,PUBLIC_SCALE_PLUS_SYNTHETIC_PATTERN
2026-01-26,D02_CAI_MEP,40HC,SURPLUS,609,122,5,3,37,9,46,0,0,46,0,683,1.2718279569892472,LOW,4348119,0.08,REALITY_CALIBRATED_V2,PUBLIC_SCALE_PLUS_SYNTHETIC_PATTERN
2026-01-26,D03_LONG_SON,20GP,SURPLUS,639,72,4,2,31,17,48,0,0,48,0,661,1.2269353128313891,LOW,4348119,0.08,REALITY_CALIBRATED_V2,PUBLIC_SCALE_PLUS_SYNTHETIC_PATTERN
2026-01-26,D03_LONG_SON,40GP,BALANCED,141,52,2,0,25,11,36,0,0,36,0,155,1.0261194029850744,LOW,4348119,0.08,REALITY_CALIBRATED_V2,PUBLIC_SCALE_PLUS_SYNTHETIC_PATTERN
2026-01-26,D03_LONG_SON,40HC,BALANCED,112,53,2,2,50,20,70,0,0,70,0,95,1.0514423076923078,LOW,4348119,0.08,REALITY_CALIBRATED_V2,PUBLIC_SCALE_PLUS_SYNTHETIC_PATTERN
2026-01-27,D01_PHU_MY,20GP,DEFICIT,0,55,3,3,82,14,96,0,0,55,41,0,0.7976352887676216,LOW,4348119,0.08,REALITY_CALIBRATED_V2,PUBLIC_SCALE_PLUS_SYNTHETIC_PATTERN
2026-01-27,D01_PHU_MY,40GP,SURPLUS,467,81,4,2,37,6,43,0,0,43,0,503,1.2831524303916944,LOW,4348119,0.08,REALITY_CALIBRATED_V2,PUBLIC_SCALE_PLUS_SYNTHETIC_PATTERN
2026-01-27,D01_PHU_MY,40HC,DEFICIT,0,46,2,2,63,31,94,0,0,46,48,0,0.8389720234222511,LOW,4348119,0.08,REALITY_CALIBRATED_V2,PUBLIC_SCALE_PLUS_SYNTHETIC_PATTERN
2026-01-27,D02_CAI_MEP,20GP,BALANCED,69,97,5,4,66,23,89,0,0,89,0,76,1.01956745623069,LOW,4348119,0.08,REALITY_CALIBRATED_V2,PUBLIC_SCALE_PLUS_SYNTHETIC_PATTERN
2026-01-27,D02_CAI_MEP,40GP,DEFICIT,0,25,1,1,34,16,50,0,0,25,25,0,0.7956777996070726,LOW,4348119,0.08,REALITY_CALIBRATED_V2,PUBLIC_SCALE_PLUS_SYNTHETIC_PATTERN
2026-01-27,D02_CAI_MEP,40HC,SURPLUS,683,102,4,5,47,17,64,0,0,64,0,722,1.2718279569892472,LOW,4348119,0.08,REALITY_CALIBRATED_V2,PUBLIC_SCALE_PLUS_SYNTHETIC_PATTERN
2026-01-27,D03_LONG_SON,20GP,SURPLUS,661,99,5,4,48,7,55,0,0,55,0,704,1.2269353128313891,LOW,4348119,0.08,REALITY_CALIBRATED_V2,PUBLIC_SCALE_PLUS_SYNTHETIC_PATTERN
2026-01-27,D03_LONG_SON,40GP,BALANCED,155,49,2,2,29,7,36,0,0,36,0,168,1.0261194029850744,LOW,4348119,0.08,REALITY_CALIBRATED_V2,PUBLIC_SCALE_PLUS_SYNTHETIC_PATTERN
2026-01-27,D03_LONG_SON,40HC,BALANCED,95,75,3,2,75,14,89,0,0,89,0,80,1.0514423076923078,LOW,4348119,0.08,REALITY_CALIBRATED_V2,PUBLIC_SCALE_PLUS_SYNTHETIC_PATTERN
2026-01-28,D01_PHU_MY,20GP,DEFICIT,0,61,3,3,58,14,72,0,0,61,11,0,0.7976352887676216,LOW,4348119,0.08,REALITY_CALIBRATED_V2,PUBLIC_SCALE_PLUS_SYNTHETIC_PATTERN
2026-01-28,D01_PHU_MY,40GP,SURPLUS,503,79,4,4,36,13,49,0,0,49,0,533,1.2831524303916944,LOW,4348119,0.08,REALITY_CALIBRATED_V2,PUBLIC_SCALE_PLUS_SYNTHETIC_PATTERN
2026-01-28,D01_PHU_MY,40HC,DEFICIT,0,73,3,2,64,28,92,0,0,72,20,0,0.8389720234222511,LOW,4348119,0.08,REALITY_CALIBRATED_V2,PUBLIC_SCALE_PLUS_SYNTHETIC_PATTERN
2026-01-28,D02_CAI_MEP,20GP,BALANCED,76,81,4,5,66,15,81,0,0,81,0,77,1.01956745623069,LOW,4348119,0.08,REALITY_CALIBRATED_V2,PUBLIC_SCALE_PLUS_SYNTHETIC_PATTERN
2026-01-28,D02_CAI_MEP,40GP,DEFICIT,0,53,2,1,46,9,55,0,0,52,3,0,0.7956777996070726,LOW,4348119,0.08,REALITY_CALIBRATED_V2,PUBLIC_SCALE_PLUS_SYNTHETIC_PATTERN
2026-01-28,D02_CAI_MEP,40HC,SURPLUS,722,87,3,4,70,20,90,0,0,90,0,720,1.2718279569892472,LOW,4348119,0.08,REALITY_CALIBRATED_V2,PUBLIC_SCALE_PLUS_SYNTHETIC_PATTERN
2026-01-28,D03_LONG_SON,20GP,SURPLUS,704,96,5,5,65,17,82,0,0,82,0,718,1.2269353128313891,LOW,4348119,0.08,REALITY_CALIBRATED_V2,PUBLIC_SCALE_PLUS_SYNTHETIC_PATTERN
2026-01-28,D03_LONG_SON,40GP,BALANCED,168,41,2,2,38,18,56,0,0,56,0,153,1.0261194029850744,LOW,4348119,0.08,REALITY_CALIBRATED_V2,PUBLIC_SCALE_PLUS_SYNTHETIC_PATTERN
2026-01-28,D03_LONG_SON,40HC,BALANCED,80,58,2,3,61,11,72,0,0,72,0,67,1.0514423076923078,LOW,4348119,0.08,REALITY_CALIBRATED_V2,PUBLIC_SCALE_PLUS_SYNTHETIC_PATTERN
2026-01-29,D01_PHU_MY,20GP,DEFICIT,0,65,3,3,61,31,92,0,0,65,27,0,0.7976352887676216,LOW,4348119,0.08,REALITY_CALIBRATED_V2,PUBLIC_SCALE_PLUS_SYNTHETIC_PATTERN
2026-01-29,D01_PHU_MY,40GP,SURPLUS,533,53,2,4,47,6,53,0,0,53,0,535,1.2831524303916944,LOW,4348119,0.08,REALITY_CALIBRATED_V2,PUBLIC_SCALE_PLUS_SYNTHETIC_PATTERN
2026-01-29,D01_PHU_MY,40HC,DEFICIT,0,73,3,3,42,15,57,0,0,57,0,16,0.8389720234222511,LOW,4348119,0.08,REALITY_CALIBRATED_V2,PUBLIC_SCALE_PLUS_SYNTHETIC_PATTERN
2026-01-29,D02_CAI_MEP,20GP,BALANCED,77,128,6,4,58,27,85,0,0,85,0,118,1.01956745623069,LOW,4348119,0.08,REALITY_CALIBRATED_V2,PUBLIC_SCALE_PLUS_SYNTHETIC_PATTERN
2026-01-29,D02_CAI_MEP,40GP,DEFICIT,0,34,2,2,21,9,30,0,0,30,0,4,0.7956777996070726,LOW,4348119,0.08,REALITY_CALIBRATED_V2,PUBLIC_SCALE_PLUS_SYNTHETIC_PATTERN
2026-01-29,D02_CAI_MEP,40HC,SURPLUS,720,102,4,3,70,26,96,0,0,96,0,725,1.2718279569892472,LOW,4348119,0.08,REALITY_CALIBRATED_V2,PUBLIC_SCALE_PLUS_SYNTHETIC_PATTERN
2026-01-29,D03_LONG_SON,20GP,SURPLUS,718,96,5,5,45,10,55,0,0,55,0,759,1.2269353128313891,LOW,4348119,0.08,REALITY_CALIBRATED_V2,PUBLIC_SCALE_PLUS_SYNTHETIC_PATTERN
2026-01-29,D03_LONG_SON,40GP,BALANCED,153,38,2,2,39,20,59,0,0,59,0,132,1.0261194029850744,LOW,4348119,0.08,REALITY_CALIBRATED_V2,PUBLIC_SCALE_PLUS_SYNTHETIC_PATTERN
2026-01-29,D03_LONG_SON,40HC,BALANCED,67,72,3,2,56,11,67,0,0,67,0,71,1.0514423076923078,LOW,4348119,0.08,REALITY_CALIBRATED_V2,PUBLIC_SCALE_PLUS_SYNTHETIC_PATTERN
2026-01-30,D01_PHU_MY,20GP,DEFICIT,0,72,4,3,65,17,82,0,0,71,11,0,0.7976352887676216,LOW,4348119,0.08,REALITY_CALIBRATED_V2,PUBLIC_SCALE_PLUS_SYNTHETIC_PATTERN
2026-01-30,D01_PHU_MY,40GP,SURPLUS,535,79,4,2,40,9,49,0,0,49,0,563,1.2831524303916944,LOW,4348119,0.08,REALITY_CALIBRATED_V2,PUBLIC_SCALE_PLUS_SYNTHETIC_PATTERN
2026-01-30,D01_PHU_MY,40HC,DEFICIT,16,59,2,3,59,9,68,0,0,68,0,8,0.8389720234222511,LOW,4348119,0.08,REALITY_CALIBRATED_V2,PUBLIC_SCALE_PLUS_SYNTHETIC_PATTERN
2026-01-30,D02_CAI_MEP,20GP,BALANCED,118,89,4,6,89,15,104,0,0,104,0,105,1.01956745623069,LOW,4348119,0.08,REALITY_CALIBRATED_V2,PUBLIC_SCALE_PLUS_SYNTHETIC_PATTERN
2026-01-30,D02_CAI_MEP,40GP,DEFICIT,4,35,2,2,57,7,64,0,0,39,25,0,0.7956777996070726,LOW,4348119,0.08,REALITY_CALIBRATED_V2,PUBLIC_SCALE_PLUS_SYNTHETIC_PATTERN
2026-01-30,D02_CAI_MEP,40HC,SURPLUS,725,102,4,4,52,6,58,0,0,58,0,769,1.2718279569892472,LOW,4348119,0.08,REALITY_CALIBRATED_V2,PUBLIC_SCALE_PLUS_SYNTHETIC_PATTERN
2026-01-30,D03_LONG_SON,20GP,SURPLUS,759,113,6,5,45,10,55,0,0,55,0,816,1.2269353128313891,LOW,4348119,0.08,REALITY_CALIBRATED_V2,PUBLIC_SCALE_PLUS_SYNTHETIC_PATTERN
2026-01-30,D03_LONG_SON,40GP,BALANCED,132,58,3,2,47,9,56,0,0,56,0,133,1.0261194029850744,LOW,4348119,0.08,REALITY_CALIBRATED_V2,PUBLIC_SCALE_PLUS_SYNTHETIC_PATTERN
2026-01-30,D03_LONG_SON,40HC,BALANCED,71,70,3,3,56,22,78,0,0,78,0,63,1.0514423076923078,LOW,4348119,0.08,REALITY_CALIBRATED_V2,PUBLIC_SCALE_PLUS_SYNTHETIC_PATTERN
2026-01-31,D01_PHU_MY,20GP,DEFICIT,0,55,3,4,75,14,89,0,0,56,33,0,0.7976352887676216,LOW,4348119,0.08,REALITY_CALIBRATED_V2,PUBLIC_SCALE_PLUS_SYNTHETIC_PATTERN
2026-01-31,D01_PHU_MY,40GP,SURPLUS,563,64,3,4,20,6,26,0,0,26,0,602,1.2831524303916944,LOW,4348119,0.08,REALITY_CALIBRATED_V2,PUBLIC_SCALE_PLUS_SYNTHETIC_PATTERN
2026-01-31,D01_PHU_MY,40HC,DEFICIT,8,70,3,2,35,13,48,0,0,48,0,29,0.8389720234222511,LOW,4348119,0.08,REALITY_CALIBRATED_V2,PUBLIC_SCALE_PLUS_SYNTHETIC_PATTERN
2026-01-31,D02_CAI_MEP,20GP,BALANCED,105,104,5,4,58,23,81,0,0,81,0,127,1.01956745623069,LOW,4348119,0.08,REALITY_CALIBRATED_V2,PUBLIC_SCALE_PLUS_SYNTHETIC_PATTERN
2026-01-31,D02_CAI_MEP,40GP,DEFICIT,0,39,2,2,40,11,51,0,0,39,12,0,0.7956777996070726,LOW,4348119,0.08,REALITY_CALIBRATED_V2,PUBLIC_SCALE_PLUS_SYNTHETIC_PATTERN
2026-01-31,D02_CAI_MEP,40HC,SURPLUS,769,78,3,4,61,15,76,0,0,76,0,772,1.2718279569892472,LOW,4348119,0.08,REALITY_CALIBRATED_V2,PUBLIC_SCALE_PLUS_SYNTHETIC_PATTERN
2026-01-31,D03_LONG_SON,20GP,SURPLUS,816,78,4,6,71,14,85,0,0,85,0,811,1.2269353128313891,LOW,4348119,0.08,REALITY_CALIBRATED_V2,PUBLIC_SCALE_PLUS_SYNTHETIC_PATTERN
2026-01-31,D03_LONG_SON,40GP,BALANCED,133,40,2,3,32,11,43,0,0,43,0,131,1.0261194029850744,LOW,4348119,0.08,REALITY_CALIBRATED_V2,PUBLIC_SCALE_PLUS_SYNTHETIC_PATTERN
2026-01-31,D03_LONG_SON,40HC,BALANCED,63,56,2,3,61,17,78,0,0,78,0,42,1.0514423076923078,LOW,4348119,0.08,REALITY_CALIBRATED_V2,PUBLIC_SCALE_PLUS_SYNTHETIC_PATTERN
2026-02-01,D01_PHU_MY,20GP,DEFICIT,0,72,4,3,34,7,41,0,0,41,0,30,0.7976352887676216,LOW,4348119,0.08,REALITY_CALIBRATED_V2,PUBLIC_SCALE_PLUS_SYNTHETIC_PATTERN
2026-02-01,D01_PHU_MY,40GP,SURPLUS,602,49,2,3,21,11,32,0,0,32,0,620,1.2831524303916944,LOW,4348119,0.08,REALITY_CALIBRATED_V2,PUBLIC_SCALE_PLUS_SYNTHETIC_PATTERN
2026-02-01,D01_PHU_MY,40HC,DEFICIT,29,62,2,3,35,13,48,0,0,48,0,44,0.8389720234222511,LOW,4348119,0.08,REALITY_CALIBRATED_V2,PUBLIC_SCALE_PLUS_SYNTHETIC_PATTERN
2026-02-01,D02_CAI_MEP,20GP,BALANCED,127,70,4,5,43,15,58,0,0,58,0,140,1.01956745623069,LOW,4348119,0.08,REALITY_CALIBRATED_V2,PUBLIC_SCALE_PLUS_SYNTHETIC_PATTERN
2026-02-01,D02_CAI_MEP,40GP,DEFICIT,0,39,2,2,29,5,34,0,0,34,0,5,0.7956777996070726,LOW,4348119,0.08,REALITY_CALIBRATED_V2,PUBLIC_SCALE_PLUS_SYNTHETIC_PATTERN
2026-02-01,D02_CAI_MEP,40HC,SURPLUS,772,64,3,3,55,15,70,0,0,70,0,766,1.2718279569892472,LOW,4348119,0.08,REALITY_CALIBRATED_V2,PUBLIC_SCALE_PLUS_SYNTHETIC_PATTERN
2026-02-01,D03_LONG_SON,20GP,SURPLUS,811,75,4,4,41,14,55,0,0,55,0,831,1.2269353128313891,LOW,4348119,0.08,REALITY_CALIBRATED_V2,PUBLIC_SCALE_PLUS_SYNTHETIC_PATTERN
2026-02-01,D03_LONG_SON,40GP,BALANCED,131,34,2,2,31,7,38,0,0,38,0,127,1.0261194029850744,LOW,4348119,0.08,REALITY_CALIBRATED_V2,PUBLIC_SCALE_PLUS_SYNTHETIC_PATTERN
2026-02-01,D03_LONG_SON,40HC,BALANCED,42,61,2,2,44,14,58,0,0,58,0,45,1.0514423076923078,LOW,4348119,0.08,REALITY_CALIBRATED_V2,PUBLIC_SCALE_PLUS_SYNTHETIC_PATTERN
2026-02-02,D01_PHU_MY,20GP,DEFICIT,30,92,5,4,78,41,119,0,0,119,0,2,0.7976352887676216,LOW,4348119,0.08,REALITY_CALIBRATED_V2,PUBLIC_SCALE_PLUS_SYNTHETIC_PATTERN
2026-02-02,D01_PHU_MY,40GP,SURPLUS,620,74,3,2,47,8,55,0,0,55,0,638,1.2831524303916944,LOW,4348119,0.08,REALITY_CALIBRATED_V2,PUBLIC_SCALE_PLUS_SYNTHETIC_PATTERN
2026-02-02,D01_PHU_MY,40HC,DEFICIT,44,68,3,2,57,20,77,0,0,77,0,34,0.8389720234222511,LOW,4348119,0.08,REALITY_CALIBRATED_V2,PUBLIC_SCALE_PLUS_SYNTHETIC_PATTERN
2026-02-02,D02_CAI_MEP,20GP,BALANCED,140,77,4,4,54,16,70,0,0,70,0,147,1.01956745623069,LOW,4348119,0.08,REALITY_CALIBRATED_V2,PUBLIC_SCALE_PLUS_SYNTHETIC_PATTERN
2026-02-02,D02_CAI_MEP,40GP,DEFICIT,5,37,2,2,58,20,78,0,0,42,36,0,0.7956777996070726,LOW,4348119,0.08,REALITY_CALIBRATED_V2,PUBLIC_SCALE_PLUS_SYNTHETIC_PATTERN
2026-02-02,D02_CAI_MEP,40HC,SURPLUS,766,119,5,3,75,15,90,0,0,90,0,793,1.2718279569892472,LOW,4348119,0.08,REALITY_CALIBRATED_V2,PUBLIC_SCALE_PLUS_SYNTHETIC_PATTERN
2026-02-02,D03_LONG_SON,20GP,SURPLUS,831,102,5,4,82,34,116,0,0,116,0,816,1.2269353128313891,LOW,4348119,0.08,REALITY_CALIBRATED_V2,PUBLIC_SCALE_PLUS_SYNTHETIC_PATTERN
2026-02-02,D03_LONG_SON,40GP,BALANCED,127,40,2,2,33,5,38,0,0,38,0,129,1.0261194029850744,LOW,4348119,0.08,REALITY_CALIBRATED_V2,PUBLIC_SCALE_PLUS_SYNTHETIC_PATTERN
2026-02-02,D03_LONG_SON,40HC,BALANCED,45,70,3,2,39,19,58,0,0,58,0,56,1.0514423076923078,LOW,4348119,0.08,REALITY_CALIBRATED_V2,PUBLIC_SCALE_PLUS_SYNTHETIC_PATTERN
2026-02-03,D01_PHU_MY,20GP,DEFICIT,2,85,4,5,54,31,85,0,0,85,0,3,0.7976352887676216,LOW,4348119,0.08,REALITY_CALIBRATED_V2,PUBLIC_SCALE_PLUS_SYNTHETIC_PATTERN
2026-02-03,D01_PHU_MY,40GP,SURPLUS,638,70,3,3,38,11,49,0,0,49,0,659,1.2831524303916944,LOW,4348119,0.08,REALITY_CALIBRATED_V2,PUBLIC_SCALE_PLUS_SYNTHETIC_PATTERN
2026-02-03,D01_PHU_MY,40HC,DEFICIT,34,70,3,3,75,24,99,0,0,99,0,5,0.8389720234222511,LOW,4348119,0.08,REALITY_CALIBRATED_V2,PUBLIC_SCALE_PLUS_SYNTHETIC_PATTERN
2026-02-03,D02_CAI_MEP,20GP,BALANCED,147,116,6,4,77,39,116,0,0,116,0,145,1.01956745623069,LOW,4348119,0.08,REALITY_CALIBRATED_V2,PUBLIC_SCALE_PLUS_SYNTHETIC_PATTERN
2026-02-03,D02_CAI_MEP,40GP,DEFICIT,0,46,2,2,52,12,64,0,0,46,18,0,0.7956777996070726,LOW,4348119,0.08,REALITY_CALIBRATED_V2,PUBLIC_SCALE_PLUS_SYNTHETIC_PATTERN
2026-02-03,D02_CAI_MEP,40HC,SURPLUS,793,81,3,5,55,26,81,0,0,81,0,795,1.2718279569892472,LOW,4348119,0.08,REALITY_CALIBRATED_V2,PUBLIC_SCALE_PLUS_SYNTHETIC_PATTERN
2026-02-03,D03_LONG_SON,20GP,SURPLUS,816,96,5,5,55,20,75,0,0,75,0,837,1.2269353128313891,LOW,4348119,0.08,REALITY_CALIBRATED_V2,PUBLIC_SCALE_PLUS_SYNTHETIC_PATTERN
2026-02-03,D03_LONG_SON,40GP,BALANCED,129,52,2,2,40,7,47,0,0,47,0,134,1.0261194029850744,LOW,4348119,0.08,REALITY_CALIBRATED_V2,PUBLIC_SCALE_PLUS_SYNTHETIC_PATTERN
2026-02-03,D03_LONG_SON,40HC,BALANCED,56,81,3,3,76,8,84,0,0,84,0,53,1.0514423076923078,LOW,4348119,0.08,REALITY_CALIBRATED_V2,PUBLIC_SCALE_PLUS_SYNTHETIC_PATTERN
2026-02-04,D01_PHU_MY,20GP,DEFICIT,3,99,5,4,61,14,75,0,0,75,0,26,0.7976352887676216,LOW,4348119,0.08,REALITY_CALIBRATED_V2,PUBLIC_SCALE_PLUS_SYNTHETIC_PATTERN
2026-02-04,D01_PHU_MY,40GP,SURPLUS,659,62,3,3,60,6,66,0,0,66,0,655,1.2831524303916944,LOW,4348119,0.08,REALITY_CALIBRATED_V2,PUBLIC_SCALE_PLUS_SYNTHETIC_PATTERN
2026-02-04,D01_PHU_MY,40HC,DEFICIT,5,79,3,3,63,20,83,0,0,83,0,1,0.8389720234222511,LOW,4348119,0.08,REALITY_CALIBRATED_V2,PUBLIC_SCALE_PLUS_SYNTHETIC_PATTERN
2026-02-04,D02_CAI_MEP,20GP,BALANCED,145,100,5,6,73,27,100,0,0,100,0,146,1.01956745623069,LOW,4348119,0.08,REALITY_CALIBRATED_V2,PUBLIC_SCALE_PLUS_SYNTHETIC_PATTERN
2026-02-04,D02_CAI_MEP,40GP,DEFICIT,0,39,2,2,46,5,51,0,0,39,12,0,0.7956777996070726,LOW,4348119,0.08,REALITY_CALIBRATED_V2,PUBLIC_SCALE_PLUS_SYNTHETIC_PATTERN
2026-02-04,D02_CAI_MEP,40HC,SURPLUS,795,110,4,3,81,32,113,0,0,113,0,791,1.2718279569892472,LOW,4348119,0.08,REALITY_CALIBRATED_V2,PUBLIC_SCALE_PLUS_SYNTHETIC_PATTERN
2026-02-04,D03_LONG_SON,20GP,SURPLUS,837,89,4,5,62,10,72,0,0,72,0,855,1.2269353128313891,LOW,4348119,0.08,REALITY_CALIBRATED_V2,PUBLIC_SCALE_PLUS_SYNTHETIC_PATTERN
2026-02-04,D03_LONG_SON,40GP,BALANCED,134,47,2,2,32,11,43,0,0,43,0,138,1.0261194029850744,LOW,4348119,0.08,REALITY_CALIBRATED_V2,PUBLIC_SCALE_PLUS_SYNTHETIC_PATTERN
2026-02-04,D03_LONG_SON,40HC,BALANCED,53,78,3,3,47,14,61,0,0,61,0,70,1.0514423076923078,LOW,4348119,0.08,REALITY_CALIBRATED_V2,PUBLIC_SCALE_PLUS_SYNTHETIC_PATTERN
2026-02-05,D01_PHU_MY,20GP,DEFICIT,26,51,3,5,55,17,72,0,0,72,0,7,0.7976352887676216,LOW,4348119,0.08,REALITY_CALIBRATED_V2,PUBLIC_SCALE_PLUS_SYNTHETIC_PATTERN
2026-02-05,D01_PHU_MY,40GP,SURPLUS,655,94,4,3,59,15,74,0,0,74,0,674,1.2831524303916944,LOW,4348119,0.08,REALITY_CALIBRATED_V2,PUBLIC_SCALE_PLUS_SYNTHETIC_PATTERN
2026-02-05,D01_PHU_MY,40HC,DEFICIT,1,94,4,3,53,9,62,0,0,62,0,32,0.8389720234222511,LOW,4348119,0.08,REALITY_CALIBRATED_V2,PUBLIC_SCALE_PLUS_SYNTHETIC_PATTERN
2026-02-05,D02_CAI_MEP,20GP,BALANCED,146,108,5,5,62,27,89,0,0,89,0,165,1.01956745623069,LOW,4348119,0.08,REALITY_CALIBRATED_V2,PUBLIC_SCALE_PLUS_SYNTHETIC_PATTERN
2026-02-05,D02_CAI_MEP,40GP,DEFICIT,0,41,2,2,41,21,62,0,0,41,21,0,0.7956777996070726,LOW,4348119,0.08,REALITY_CALIBRATED_V2,PUBLIC_SCALE_PLUS_SYNTHETIC_PATTERN
2026-02-05,D02_CAI_MEP,40HC,SURPLUS,791,122,5,4,73,26,99,0,0,99,0,813,1.2718279569892472,LOW,4348119,0.08,REALITY_CALIBRATED_V2,PUBLIC_SCALE_PLUS_SYNTHETIC_PATTERN
2026-02-05,D03_LONG_SON,20GP,SURPLUS,855,89,4,4,65,20,85,0,0,85,0,859,1.2269353128313891,LOW,4348119,0.08,REALITY_CALIBRATED_V2,PUBLIC_SCALE_PLUS_SYNTHETIC_PATTERN
2026-02-05,D03_LONG_SON,40GP,BALANCED,138,54,2,2,25,7,32,0,0,32,0,160,1.0261194029850744,LOW,4348119,0.08,REALITY_CALIBRATED_V2,PUBLIC_SCALE_PLUS_SYNTHETIC_PATTERN
2026-02-05,D03_LONG_SON,40HC,BALANCED,70,86,3,3,73,11,84,0,0,84,0,72,1.0514423076923078,LOW,4348119,0.08,REALITY_CALIBRATED_V2,PUBLIC_SCALE_PLUS_SYNTHETIC_PATTERN
2026-02-06,D01_PHU_MY,20GP,DEFICIT,7,72,4,3,68,31,99,0,0,78,21,0,0.7976352887676216,LOW,4348119,0.08,REALITY_CALIBRATED_V2,PUBLIC_SCALE_PLUS_SYNTHETIC_PATTERN
2026-02-06,D01_PHU_MY,40GP,SURPLUS,674,70,3,4,32,4,36,0,0,36,0,709,1.2831524303916944,LOW,4348119,0.08,REALITY_CALIBRATED_V2,PUBLIC_SCALE_PLUS_SYNTHETIC_PATTERN
2026-02-06,D01_PHU_MY,40HC,DEFICIT,32,53,2,4,68,18,86,0,0,86,0,1,0.8389720234222511,LOW,4348119,0.08,REALITY_CALIBRATED_V2,PUBLIC_SCALE_PLUS_SYNTHETIC_PATTERN
2026-02-06,D02_CAI_MEP,20GP,BALANCED,165,70,4,5,66,23,89,0,0,89,0,147,1.01956745623069,LOW,4348119,0.08,REALITY_CALIBRATED_V2,PUBLIC_SCALE_PLUS_SYNTHETIC_PATTERN
2026-02-06,D02_CAI_MEP,40GP,DEFICIT,0,30,1,2,30,14,44,0,0,31,13,0,0.7956777996070726,LOW,4348119,0.08,REALITY_CALIBRATED_V2,PUBLIC_SCALE_PLUS_SYNTHETIC_PATTERN
2026-02-06,D02_CAI_MEP,40HC,SURPLUS,813,128,5,5,52,9,61,0,0,61,0,880,1.2718279569892472,LOW,4348119,0.08,REALITY_CALIBRATED_V2,PUBLIC_SCALE_PLUS_SYNTHETIC_PATTERN
2026-02-06,D03_LONG_SON,20GP,SURPLUS,859,85,4,4,62,27,89,0,0,89,0,855,1.2269353128313891,LOW,4348119,0.08,REALITY_CALIBRATED_V2,PUBLIC_SCALE_PLUS_SYNTHETIC_PATTERN
2026-02-06,D03_LONG_SON,40GP,BALANCED,160,52,2,2,42,7,49,0,0,49,0,163,1.0261194029850744,LOW,4348119,0.08,REALITY_CALIBRATED_V2,PUBLIC_SCALE_PLUS_SYNTHETIC_PATTERN
2026-02-06,D03_LONG_SON,40HC,BALANCED,72,89,4,3,47,17,64,0,0,64,0,96,1.0514423076923078,LOW,4348119,0.08,REALITY_CALIBRATED_V2,PUBLIC_SCALE_PLUS_SYNTHETIC_PATTERN
2026-02-07,D01_PHU_MY,20GP,DEFICIT,0,61,3,4,61,17,78,0,0,62,16,0,0.7976352887676216,LOW,4348119,0.08,REALITY_CALIBRATED_V2,PUBLIC_SCALE_PLUS_SYNTHETIC_PATTERN
2026-02-07,D01_PHU_MY,40GP,SURPLUS,709,74,3,3,42,15,57,0,0,57,0,726,1.2831524303916944,LOW,4348119,0.08,REALITY_CALIBRATED_V2,PUBLIC_SCALE_PLUS_SYNTHETIC_PATTERN
2026-02-07,D01_PHU_MY,40HC,DEFICIT,1,53,2,2,42,22,64,0,0,54,10,0,0.8389720234222511,LOW,4348119,0.08,REALITY_CALIBRATED_V2,PUBLIC_SCALE_PLUS_SYNTHETIC_PATTERN
2026-02-07,D02_CAI_MEP,20GP,BALANCED,147,77,4,4,62,19,81,0,0,81,0,143,1.01956745623069,LOW,4348119,0.08,REALITY_CALIBRATED_V2,PUBLIC_SCALE_PLUS_SYNTHETIC_PATTERN
2026-02-07,D02_CAI_MEP,40GP,DEFICIT,0,27,1,1,39,5,44,0,0,27,17,0,0.7956777996070726,LOW,4348119,0.08,REALITY_CALIBRATED_V2,PUBLIC_SCALE_PLUS_SYNTHETIC_PATTERN
2026-02-07,D02_CAI_MEP,40HC,SURPLUS,880,128,5,5,52,12,64,0,0,64,0,944,1.2718279569892472,LOW,4348119,0.08,REALITY_CALIBRATED_V2,PUBLIC_SCALE_PLUS_SYNTHETIC_PATTERN
2026-02-07,D03_LONG_SON,20GP,SURPLUS,855,99,5,4,55,17,72,0,0,72,0,881,1.2269353128313891,LOW,4348119,0.08,REALITY_CALIBRATED_V2,PUBLIC_SCALE_PLUS_SYNTHETIC_PATTERN
2026-02-07,D03_LONG_SON,40GP,BALANCED,163,65,3,2,29,5,34,0,0,34,0,193,1.0261194029850744,LOW,4348119,0.08,REALITY_CALIBRATED_V2,PUBLIC_SCALE_PLUS_SYNTHETIC_PATTERN
2026-02-07,D03_LONG_SON,40HC,BALANCED,96,58,2,4,53,19,72,0,0,72,0,84,1.0514423076923078,LOW,4348119,0.08,REALITY_CALIBRATED_V2,PUBLIC_SCALE_PLUS_SYNTHETIC_PATTERN
2026-02-08,D01_PHU_MY,20GP,DEFICIT,0,82,4,3,75,14,89,0,0,81,8,0,0.7976352887676216,LOW,4348119,0.08,REALITY_CALIBRATED_V2,PUBLIC_SCALE_PLUS_SYNTHETIC_PATTERN
2026-02-08,D01_PHU_MY,40GP,SURPLUS,726,60,3,3,39,6,45,0,0,45,0,741,1.2831524303916944,LOW,4348119,0.08,REALITY_CALIBRATED_V2,PUBLIC_SCALE_PLUS_SYNTHETIC_PATTERN
2026-02-08,D01_PHU_MY,40HC,DEFICIT,0,42,2,2,53,11,64,0,0,42,22,0,0.8389720234222511,LOW,4348119,0.08,REALITY_CALIBRATED_V2,PUBLIC_SCALE_PLUS_SYNTHETIC_PATTERN
2026-02-08,D02_CAI_MEP,20GP,BALANCED,143,54,3,4,27,16,43,0,0,43,0,155,1.01956745623069,LOW,4348119,0.08,REALITY_CALIBRATED_V2,PUBLIC_SCALE_PLUS_SYNTHETIC_PATTERN
2026-02-08,D02_CAI_MEP,40GP,DEFICIT,0,34,2,1,41,9,50,0,0,33,17,0,0.7956777996070726,LOW,4348119,0.08,REALITY_CALIBRATED_V2,PUBLIC_SCALE_PLUS_SYNTHETIC_PATTERN
2026-02-08,D02_CAI_MEP,40HC,SURPLUS,944,90,4,5,52,18,70,0,0,70,0,965,1.2718279569892472,LOW,4348119,0.08,REALITY_CALIBRATED_V2,PUBLIC_SCALE_PLUS_SYNTHETIC_PATTERN
2026-02-08,D03_LONG_SON,20GP,SURPLUS,881,61,3,5,45,10,55,0,0,55,0,889,1.2269353128313891,LOW,4348119,0.08,REALITY_CALIBRATED_V2,PUBLIC_SCALE_PLUS_SYNTHETIC_PATTERN
2026-02-08,D03_LONG_SON,40GP,BALANCED,193,32,1,3,26,5,31,0,0,31,0,196,1.0261194029850744,LOW,4348119,0.08,REALITY_CALIBRATED_V2,PUBLIC_SCALE_PLUS_SYNTHETIC_PATTERN
2026-02-08,D03_LONG_SON,40HC,BALANCED,84,45,2,2,47,11,58,0,0,58,0,71,1.0514423076923078,LOW,4348119,0.08,REALITY_CALIBRATED_V2,PUBLIC_SCALE_PLUS_SYNTHETIC_PATTERN
2026-02-09,D01_PHU_MY,20GP,DEFICIT,0,68,3,4,92,41,133,0,0,69,64,0,0.7976352887676216,LOW,4348119,0.08,REALITY_CALIBRATED_V2,PUBLIC_SCALE_PLUS_SYNTHETIC_PATTERN
2026-02-09,D01_PHU_MY,40GP,SURPLUS,741,57,3,3,46,11,57,0,0,57,0,741,1.2831524303916944,LOW,4348119,0.08,REALITY_CALIBRATED_V2,PUBLIC_SCALE_PLUS_SYNTHETIC_PATTERN
2026-02-09,D01_PHU_MY,40HC,DEFICIT,0,62,2,2,66,26,92,0,0,62,30,0,0.8389720234222511,LOW,4348119,0.08,REALITY_CALIBRATED_V2,PUBLIC_SCALE_PLUS_SYNTHETIC_PATTERN
2026-02-09,D02_CAI_MEP,20GP,BALANCED,155,108,5,3,62,31,93,0,0,93,0,168,1.01956745623069,LOW,4348119,0.08,REALITY_CALIBRATED_V2,PUBLIC_SCALE_PLUS_SYNTHETIC_PATTERN
2026-02-09,D02_CAI_MEP,40GP,DEFICIT,0,41,2,2,48,16,64,0,0,41,23,0,0.7956777996070726,LOW,4348119,0.08,REALITY_CALIBRATED_V2,PUBLIC_SCALE_PLUS_SYNTHETIC_PATTERN
2026-02-09,D02_CAI_MEP,40HC,SURPLUS,965,102,4,4,78,15,93,0,0,93,0,974,1.2718279569892472,LOW,4348119,0.08,REALITY_CALIBRATED_V2,PUBLIC_SCALE_PLUS_SYNTHETIC_PATTERN
2026-02-09,D03_LONG_SON,20GP,SURPLUS,889,92,5,3,51,21,72,0,0,72,0,907,1.2269353128313891,LOW,4348119,0.08,REALITY_CALIBRATED_V2,PUBLIC_SCALE_PLUS_SYNTHETIC_PATTERN
2026-02-09,D03_LONG_SON,40GP,BALANCED,196,56,3,1,38,9,47,0,0,47,0,203,1.0261194029850744,LOW,4348119,0.08,REALITY_CALIBRATED_V2,PUBLIC_SCALE_PLUS_SYNTHETIC_PATTERN
2026-02-09,D03_LONG_SON,40HC,BALANCED,71,81,3,2,39,11,50,0,0,50,0,101,1.0514423076923078,LOW,4348119,0.08,REALITY_CALIBRATED_V2,PUBLIC_SCALE_PLUS_SYNTHETIC_PATTERN
2026-02-10,D01_PHU_MY,20GP,DEFICIT,0,72,4,3,79,27,106,0,0,71,35,0,0.7976352887676216,LOW,4348119,0.08,REALITY_CALIBRATED_V2,PUBLIC_SCALE_PLUS_SYNTHETIC_PATTERN
2026-02-10,D01_PHU_MY,40GP,SURPLUS,741,62,3,3,42,9,51,0,0,51,0,752,1.2831524303916944,LOW,4348119,0.08,REALITY_CALIBRATED_V2,PUBLIC_SCALE_PLUS_SYNTHETIC_PATTERN
2026-02-10,D01_PHU_MY,40HC,DEFICIT,0,79,3,2,72,33,105,0,0,78,27,0,0.8389720234222511,LOW,4348119,0.08,REALITY_CALIBRATED_V2,PUBLIC_SCALE_PLUS_SYNTHETIC_PATTERN
2026-02-10,D02_CAI_MEP,20GP,BALANCED,168,93,5,5,66,27,93,0,0,93,0,168,1.01956745623069,LOW,4348119,0.08,REALITY_CALIBRATED_V2,PUBLIC_SCALE_PLUS_SYNTHETIC_PATTERN
2026-02-10,D02_CAI_MEP,40GP,DEFICIT,0,44,2,2,34,7,41,0,0,41,0,3,0.7956777996070726,LOW,4348119,0.08,REALITY_CALIBRATED_V2,PUBLIC_SCALE_PLUS_SYNTHETIC_PATTERN
2026-02-10,D02_CAI_MEP,40HC,SURPLUS,974,90,4,4,67,35,102,0,0,102,0,962,1.2718279569892472,LOW,4348119,0.08,REALITY_CALIBRATED_V2,PUBLIC_SCALE_PLUS_SYNTHETIC_PATTERN
2026-02-10,D03_LONG_SON,20GP,SURPLUS,907,78,4,5,41,20,61,0,0,61,0,925,1.2269353128313891,LOW,4348119,0.08,REALITY_CALIBRATED_V2,PUBLIC_SCALE_PLUS_SYNTHETIC_PATTERN
2026-02-10,D03_LONG_SON,40GP,BALANCED,203,41,2,3,38,7,45,0,0,45,0,200,1.0261194029850744,LOW,4348119,0.08,REALITY_CALIBRATED_V2,PUBLIC_SCALE_PLUS_SYNTHETIC_PATTERN
2026-02-10,D03_LONG_SON,40HC,BALANCED,101,78,3,3,53,8,61,0,0,61,0,118,1.0514423076923078,LOW,4348119,0.08,REALITY_CALIBRATED_V2,PUBLIC_SCALE_PLUS_SYNTHETIC_PATTERN
2026-02-11,D01_PHU_MY,20GP,DEFICIT,0,68,3,4,79,27,106,0,0,69,37,0,0.7976352887676216,LOW,4348119,0.08,REALITY_CALIBRATED_V2,PUBLIC_SCALE_PLUS_SYNTHETIC_PATTERN
2026-02-11,D01_PHU_MY,40GP,SURPLUS,752,70,3,3,45,6,51,0,0,51,0,771,1.2831524303916944,LOW,4348119,0.08,REALITY_CALIBRATED_V2,PUBLIC_SCALE_PLUS_SYNTHETIC_PATTERN
2026-02-11,D01_PHU_MY,40HC,DEFICIT,0,77,3,3,64,33,97,0,0,77,20,0,0.8389720234222511,LOW,4348119,0.08,REALITY_CALIBRATED_V2,PUBLIC_SCALE_PLUS_SYNTHETIC_PATTERN
2026-02-11,D02_CAI_MEP,20GP,BALANCED,168,97,5,5,81,31,112,0,0,112,0,153,1.01956745623069,LOW,4348119,0.08,REALITY_CALIBRATED_V2,PUBLIC_SCALE_PLUS_SYNTHETIC_PATTERN
2026-02-11,D02_CAI_MEP,40GP,DEFICIT,3,51,2,2,51,14,65,0,0,54,11,0,0.7956777996070726,LOW,4348119,0.08,REALITY_CALIBRATED_V2,PUBLIC_SCALE_PLUS_SYNTHETIC_PATTERN
2026-02-11,D02_CAI_MEP,40HC,SURPLUS,962,93,4,4,58,9,67,0,0,67,0,988,1.2718279569892472,LOW,4348119,0.08,REALITY_CALIBRATED_V2,PUBLIC_SCALE_PLUS_SYNTHETIC_PATTERN
2026-02-11,D03_LONG_SON,20GP,SURPLUS,925,92,5,4,68,21,89,0,0,89,0,927,1.2269353128313891,LOW,4348119,0.08,REALITY_CALIBRATED_V2,PUBLIC_SCALE_PLUS_SYNTHETIC_PATTERN
2026-02-11,D03_LONG_SON,40GP,BALANCED,200,52,2,2,34,7,41,0,0,41,0,211,1.0261194029850744,LOW,4348119,0.08,REALITY_CALIBRATED_V2,PUBLIC_SCALE_PLUS_SYNTHETIC_PATTERN
2026-02-11,D03_LONG_SON,40HC,BALANCED,118,70,3,3,50,8,58,0,0,58,0,130,1.0514423076923078,LOW,4348119,0.08,REALITY_CALIBRATED_V2,PUBLIC_SCALE_PLUS_SYNTHETIC_PATTERN
2026-02-12,D01_PHU_MY,20GP,DEFICIT,0,78,4,3,65,27,92,0,0,77,15,0,0.7976352887676216,LOW,4348119,0.08,REALITY_CALIBRATED_V2,PUBLIC_SCALE_PLUS_SYNTHETIC_PATTERN
2026-02-12,D01_PHU_MY,40GP,SURPLUS,771,89,4,3,37,6,43,0,0,43,0,816,1.2831524303916944,LOW,4348119,0.08,REALITY_CALIBRATED_V2,PUBLIC_SCALE_PLUS_SYNTHETIC_PATTERN
2026-02-12,D01_PHU_MY,40HC,DEFICIT,0,101,4,3,68,31,99,0,0,99,0,1,0.8389720234222511,LOW,4348119,0.08,REALITY_CALIBRATED_V2,PUBLIC_SCALE_PLUS_SYNTHETIC_PATTERN
2026-02-12,D02_CAI_MEP,20GP,BALANCED,153,104,5,5,81,39,120,0,0,120,0,137,1.01956745623069,LOW,4348119,0.08,REALITY_CALIBRATED_V2,PUBLIC_SCALE_PLUS_SYNTHETIC_PATTERN
2026-02-12,D02_CAI_MEP,40GP,DEFICIT,0,39,2,2,26,9,35,0,0,35,0,4,0.7956777996070726,LOW,4348119,0.08,REALITY_CALIBRATED_V2,PUBLIC_SCALE_PLUS_SYNTHETIC_PATTERN
2026-02-12,D02_CAI_MEP,40HC,SURPLUS,988,96,4,4,64,20,84,0,0,84,0,1000,1.2718279569892472,LOW,4348119,0.08,REALITY_CALIBRATED_V2,PUBLIC_SCALE_PLUS_SYNTHETIC_PATTERN
2026-02-12,D03_LONG_SON,20GP,SURPLUS,927,106,5,5,71,7,78,0,0,78,0,955,1.2269353128313891,LOW,4348119,0.08,REALITY_CALIBRATED_V2,PUBLIC_SCALE_PLUS_SYNTHETIC_PATTERN
2026-02-12,D03_LONG_SON,40GP,BALANCED,211,52,2,2,46,13,59,0,0,59,0,204,1.0261194029850744,LOW,4348119,0.08,REALITY_CALIBRATED_V2,PUBLIC_SCALE_PLUS_SYNTHETIC_PATTERN
2026-02-12,D03_LONG_SON,40HC,BALANCED,130,56,2,3,56,11,67,0,0,67,0,120,1.0514423076923078,LOW,4348119,0.08,REALITY_CALIBRATED_V2,PUBLIC_SCALE_PLUS_SYNTHETIC_PATTERN
2026-02-13,D01_PHU_MY,20GP,DEFICIT,0,58,3,4,82,17,99,0,0,59,40,0,0.7976352887676216,LOW,4348119,0.08,REALITY_CALIBRATED_V2,PUBLIC_SCALE_PLUS_SYNTHETIC_PATTERN
2026-02-13,D01_PHU_MY,40GP,SURPLUS,816,85,4,4,45,15,60,0,0,60,0,841,1.2831524303916944,LOW,4348119,0.08,REALITY_CALIBRATED_V2,PUBLIC_SCALE_PLUS_SYNTHETIC_PATTERN
2026-02-13,D01_PHU_MY,40HC,DEFICIT,1,79,3,4,88,15,103,0,0,81,22,0,0.8389720234222511,LOW,4348119,0.08,REALITY_CALIBRATED_V2,PUBLIC_SCALE_PLUS_SYNTHETIC_PATTERN
2026-02-13,D02_CAI_MEP,20GP,BALANCED,137,104,5,5,77,12,89,0,0,89,0,152,1.01956745623069,LOW,4348119,0.08,REALITY_CALIBRATED_V2,PUBLIC_SCALE_PLUS_SYNTHETIC_PATTERN
2026-02-13,D02_CAI_MEP,40GP,DEFICIT,4,41,2,2,47,11,58,0,0,45,13,0,0.7956777996070726,LOW,4348119,0.08,REALITY_CALIBRATED_V2,PUBLIC_SCALE_PLUS_SYNTHETIC_PATTERN
2026-02-13,D02_CAI_MEP,40HC,SURPLUS,1000,61,2,4,87,12,99,0,0,99,0,964,1.2718279569892472,LOW,4348119,0.08,REALITY_CALIBRATED_V2,PUBLIC_SCALE_PLUS_SYNTHETIC_PATTERN
2026-02-13,D03_LONG_SON,20GP,SURPLUS,955,109,5,5,61,14,75,0,0,75,0,989,1.2269353128313891,LOW,4348119,0.08,REALITY_CALIBRATED_V2,PUBLIC_SCALE_PLUS_SYNTHETIC_PATTERN
2026-02-13,D03_LONG_SON,40GP,BALANCED,204,49,2,2,36,14,50,0,0,50,0,203,1.0261194029850744,LOW,4348119,0.08,REALITY_CALIBRATED_V2,PUBLIC_SCALE_PLUS_SYNTHETIC_PATTERN
2026-02-13,D03_LONG_SON,40HC,BALANCED,120,61,2,2,50,8,58,0,0,58,0,123,1.0514423076923078,LOW,4348119,0.08,REALITY_CALIBRATED_V2,PUBLIC_SCALE_PLUS_SYNTHETIC_PATTERN
2026-02-14,D01_PHU_MY,20GP,DEFICIT,0,82,4,3,61,14,75,0,0,75,0,6,0.7976352887676216,LOW,4348119,0.08,REALITY_CALIBRATED_V2,PUBLIC_SCALE_PLUS_SYNTHETIC_PATTERN
2026-02-14,D01_PHU_MY,40GP,SURPLUS,841,60,3,4,49,6,55,0,0,55,0,847,1.2831524303916944,LOW,4348119,0.08,REALITY_CALIBRATED_V2,PUBLIC_SCALE_PLUS_SYNTHETIC_PATTERN
2026-02-14,D01_PHU_MY,40HC,DEFICIT,0,37,1,3,60,15,75,0,0,39,36,0,0.8389720234222511,LOW,4348119,0.08,REALITY_CALIBRATED_V2,PUBLIC_SCALE_PLUS_SYNTHETIC_PATTERN
2026-02-14,D02_CAI_MEP,20GP,BALANCED,152,93,5,5,66,15,81,0,0,81,0,164,1.01956745623069,LOW,4348119,0.08,REALITY_CALIBRATED_V2,PUBLIC_SCALE_PLUS_SYNTHETIC_PATTERN
2026-02-14,D02_CAI_MEP,40GP,DEFICIT,0,46,2,2,35,9,44,0,0,44,0,2,0.7956777996070726,LOW,4348119,0.08,REALITY_CALIBRATED_V2,PUBLIC_SCALE_PLUS_SYNTHETIC_PATTERN
2026-02-14,D02_CAI_MEP,40HC,SURPLUS,964,113,5,2,44,14,58,0,0,58,0,1016,1.2718279569892472,LOW,4348119,0.08,REALITY_CALIBRATED_V2,PUBLIC_SCALE_PLUS_SYNTHETIC_PATTERN
2026-02-14,D03_LONG_SON,20GP,SURPLUS,989,85,4,5,47,14,61,0,0,61,0,1014,1.2269353128313891,LOW,4348119,0.08,REALITY_CALIBRATED_V2,PUBLIC_SCALE_PLUS_SYNTHETIC_PATTERN
2026-02-14,D03_LONG_SON,40GP,BALANCED,203,67,3,2,34,13,47,0,0,47,0,222,1.0261194029850744,LOW,4348119,0.08,REALITY_CALIBRATED_V2,PUBLIC_SCALE_PLUS_SYNTHETIC_PATTERN
2026-02-14,D03_LONG_SON,40HC,BALANCED,123,61,2,2,47,17,64,0,0,64,0,120,1.0514423076923078,LOW,4348119,0.08,REALITY_CALIBRATED_V2,PUBLIC_SCALE_PLUS_SYNTHETIC_PATTERN
2026-02-15,D01_PHU_MY,20GP,DEFICIT,6,41,2,4,61,14,75,0,0,49,26,0,0.7976352887676216,LOW,4348119,0.08,REALITY_CALIBRATED_V2,PUBLIC_SCALE_PLUS_SYNTHETIC_PATTERN
2026-02-15,D01_PHU_MY,40GP,SURPLUS,847,38,2,3,32,6,38,0,0,38,0,848,1.2831524303916944,LOW,4348119,0.08,REALITY_CALIBRATED_V2,PUBLIC_SCALE_PLUS_SYNTHETIC_PATTERN
2026-02-15,D01_PHU_MY,40HC,DEFICIT,0,46,2,1,44,7,51,0,0,45,6,0,0.8389720234222511,LOW,4348119,0.08,REALITY_CALIBRATED_V2,PUBLIC_SCALE_PLUS_SYNTHETIC_PATTERN
2026-02-15,D02_CAI_MEP,20GP,BALANCED,164,54,3,5,73,8,81,0,0,81,0,139,1.01956745623069,LOW,4348119,0.08,REALITY_CALIBRATED_V2,PUBLIC_SCALE_PLUS_SYNTHETIC_PATTERN
2026-02-15,D02_CAI_MEP,40GP,DEFICIT,2,21,1,2,37,7,44,0,0,24,20,0,0.7956777996070726,LOW,4348119,0.08,REALITY_CALIBRATED_V2,PUBLIC_SCALE_PLUS_SYNTHETIC_PATTERN
2026-02-15,D02_CAI_MEP,40HC,SURPLUS,1016,76,3,5,41,17,58,0,0,58,0,1036,1.2718279569892472,LOW,4348119,0.08,REALITY_CALIBRATED_V2,PUBLIC_SCALE_PLUS_SYNTHETIC_PATTERN
2026-02-15,D03_LONG_SON,20GP,SURPLUS,1014,34,2,4,48,17,65,0,0,65,0,985,1.2269353128313891,LOW,4348119,0.08,REALITY_CALIBRATED_V2,PUBLIC_SCALE_PLUS_SYNTHETIC_PATTERN
2026-02-15,D03_LONG_SON,40GP,BALANCED,222,43,2,3,24,7,31,0,0,31,0,235,1.0261194029850744,LOW,4348119,0.08,REALITY_CALIBRATED_V2,PUBLIC_SCALE_PLUS_SYNTHETIC_PATTERN
2026-02-15,D03_LONG_SON,40HC,BALANCED,120,61,2,2,33,17,50,0,0,50,0,131,1.0514423076923078,LOW,4348119,0.08,REALITY_CALIBRATED_V2,PUBLIC_SCALE_PLUS_SYNTHETIC_PATTERN
2026-02-16,D01_PHU_MY,20GP,DEFICIT,0,41,2,2,65,27,92,0,0,41,51,0,0.7976352887676216,LOW,4348119,0.08,REALITY_CALIBRATED_V2,PUBLIC_SCALE_PLUS_SYNTHETIC_PATTERN
2026-02-16,D01_PHU_MY,40GP,SURPLUS,848,77,3,2,40,11,51,0,0,51,0,873,1.2831524303916944,LOW,4348119,0.08,REALITY_CALIBRATED_V2,PUBLIC_SCALE_PLUS_SYNTHETIC_PATTERN
2026-02-16,D01_PHU_MY,40HC,DEFICIT,0,66,3,2,57,26,83,0,0,65,18,0,0.8389720234222511,LOW,4348119,0.08,REALITY_CALIBRATED_V2,PUBLIC_SCALE_PLUS_SYNTHETIC_PATTERN
2026-02-16,D02_CAI_MEP,20GP,BALANCED,139,108,5,3,85,35,120,0,0,120,0,125,1.01956745623069,LOW,4348119,0.08,REALITY_CALIBRATED_V2,PUBLIC_SCALE_PLUS_SYNTHETIC_PATTERN
2026-02-16,D02_CAI_MEP,40GP,DEFICIT,0,50,2,1,21,7,28,0,0,28,0,21,0.7956777996070726,LOW,4348119,0.08,REALITY_CALIBRATED_V2,PUBLIC_SCALE_PLUS_SYNTHETIC_PATTERN
2026-02-16,D02_CAI_MEP,40HC,SURPLUS,1036,84,3,3,53,23,76,0,0,76,0,1044,1.2718279569892472,LOW,4348119,0.08,REALITY_CALIBRATED_V2,PUBLIC_SCALE_PLUS_SYNTHETIC_PATTERN
2026-02-16,D03_LONG_SON,20GP,SURPLUS,985,99,5,2,48,7,55,0,0,55,0,1026,1.2269353128313891,LOW,4348119,0.08,REALITY_CALIBRATED_V2,PUBLIC_SCALE_PLUS_SYNTHETIC_PATTERN
2026-02-16,D03_LONG_SON,40GP,BALANCED,235,31,1,2,25,15,40,0,0,40,0,227,1.0261194029850744,LOW,4348119,0.08,REALITY_CALIBRATED_V2,PUBLIC_SCALE_PLUS_SYNTHETIC_PATTERN
2026-02-16,D03_LONG_SON,40HC,BALANCED,131,61,2,2,36,11,47,0,0,47,0,145,1.0514423076923078,LOW,4348119,0.08,REALITY_CALIBRATED_V2,PUBLIC_SCALE_PLUS_SYNTHETIC_PATTERN
2026-02-17,D01_PHU_MY,20GP,DEFICIT,0,61,3,2,62,10,72,0,0,60,12,0,0.7976352887676216,LOW,4348119,0.08,REALITY_CALIBRATED_V2,PUBLIC_SCALE_PLUS_SYNTHETIC_PATTERN
2026-02-17,D01_PHU_MY,40GP,SURPLUS,873,64,3,3,51,21,72,0,0,72,0,865,1.2831524303916944,LOW,4348119,0.08,REALITY_CALIBRATED_V2,PUBLIC_SCALE_PLUS_SYNTHETIC_PATTERN
2026-02-17,D01_PHU_MY,40HC,DEFICIT,0,57,2,3,72,20,92,0,0,58,34,0,0.8389720234222511,LOW,4348119,0.08,REALITY_CALIBRATED_V2,PUBLIC_SCALE_PLUS_SYNTHETIC_PATTERN
2026-02-17,D02_CAI_MEP,20GP,BALANCED,125,85,4,5,85,15,100,0,0,100,0,111,1.01956745623069,LOW,4348119,0.08,REALITY_CALIBRATED_V2,PUBLIC_SCALE_PLUS_SYNTHETIC_PATTERN
2026-02-17,D02_CAI_MEP,40GP,DEFICIT,21,30,1,2,44,23,67,0,0,52,15,0,0.7956777996070726,LOW,4348119,0.08,REALITY_CALIBRATED_V2,PUBLIC_SCALE_PLUS_SYNTHETIC_PATTERN
2026-02-17,D02_CAI_MEP,40HC,SURPLUS,1044,102,4,3,61,15,76,0,0,76,0,1069,1.2718279569892472,LOW,4348119,0.08,REALITY_CALIBRATED_V2,PUBLIC_SCALE_PLUS_SYNTHETIC_PATTERN
2026-02-17,D03_LONG_SON,20GP,SURPLUS,1026,58,3,5,48,17,65,0,0,65,0,1021,1.2269353128313891,LOW,4348119,0.08,REALITY_CALIBRATED_V2,PUBLIC_SCALE_PLUS_SYNTHETIC_PATTERN
2026-02-17,D03_LONG_SON,40GP,BALANCED,227,45,2,1,40,5,45,0,0,45,0,226,1.0261194029850744,LOW,4348119,0.08,REALITY_CALIBRATED_V2,PUBLIC_SCALE_PLUS_SYNTHETIC_PATTERN
2026-02-17,D03_LONG_SON,40HC,BALANCED,145,78,3,2,31,14,45,0,0,45,0,177,1.0514423076923078,LOW,4348119,0.08,REALITY_CALIBRATED_V2,PUBLIC_SCALE_PLUS_SYNTHETIC_PATTERN
2026-02-18,D01_PHU_MY,20GP,DEFICIT,0,51,3,3,48,24,72,0,0,51,21,0,0.7976352887676216,LOW,4348119,0.08,REALITY_CALIBRATED_V2,PUBLIC_SCALE_PLUS_SYNTHETIC_PATTERN
2026-02-18,D01_PHU_MY,40GP,SURPLUS,865,72,3,3,37,6,43,0,0,43,0,894,1.2831524303916944,LOW,4348119,0.08,REALITY_CALIBRATED_V2,PUBLIC_SCALE_PLUS_SYNTHETIC_PATTERN
2026-02-18,D01_PHU_MY,40HC,DEFICIT,0,55,2,2,31,17,48,0,0,48,0,7,0.8389720234222511,LOW,4348119,0.08,REALITY_CALIBRATED_V2,PUBLIC_SCALE_PLUS_SYNTHETIC_PATTERN
2026-02-18,D02_CAI_MEP,20GP,BALANCED,111,81,4,4,77,35,112,0,0,112,0,80,1.01956745623069,LOW,4348119,0.08,REALITY_CALIBRATED_V2,PUBLIC_SCALE_PLUS_SYNTHETIC_PATTERN
2026-02-18,D02_CAI_MEP,40GP,DEFICIT,0,27,1,1,44,16,60,0,0,27,33,0,0.7956777996070726,LOW,4348119,0.08,REALITY_CALIBRATED_V2,PUBLIC_SCALE_PLUS_SYNTHETIC_PATTERN
2026-02-18,D02_CAI_MEP,40HC,SURPLUS,1069,93,4,4,47,23,70,0,0,70,0,1092,1.2718279569892472,LOW,4348119,0.08,REALITY_CALIBRATED_V2,PUBLIC_SCALE_PLUS_SYNTHETIC_PATTERN
2026-02-18,D03_LONG_SON,20GP,SURPLUS,1021,99,5,3,58,10,68,0,0,68,0,1050,1.2269353128313891,LOW,4348119,0.08,REALITY_CALIBRATED_V2,PUBLIC_SCALE_PLUS_SYNTHETIC_PATTERN
2026-02-18,D03_LONG_SON,40GP,BALANCED,226,31,1,2,34,11,45,0,0,45,0,213,1.0261194029850744,LOW,4348119,0.08,REALITY_CALIBRATED_V2,PUBLIC_SCALE_PLUS_SYNTHETIC_PATTERN
2026-02-18,D03_LONG_SON,40HC,BALANCED,177,70,3,3,39,11,50,0,0,50,0,197,1.0514423076923078,LOW,4348119,0.08,REALITY_CALIBRATED_V2,PUBLIC_SCALE_PLUS_SYNTHETIC_PATTERN
2026-02-19,D01_PHU_MY,20GP,DEFICIT,0,96,5,3,47,14,61,0,0,61,0,33,0.7976352887676216,LOW,4348119,0.08,REALITY_CALIBRATED_V2,PUBLIC_SCALE_PLUS_SYNTHETIC_PATTERN
2026-02-19,D01_PHU_MY,40GP,SURPLUS,894,55,2,3,34,11,45,0,0,45,0,905,1.2831524303916944,LOW,4348119,0.08,REALITY_CALIBRATED_V2,PUBLIC_SCALE_PLUS_SYNTHETIC_PATTERN
2026-02-19,D01_PHU_MY,40HC,DEFICIT,7,70,3,2,55,22,77,0,0,76,1,0,0.8389720234222511,LOW,4348119,0.08,REALITY_CALIBRATED_V2,PUBLIC_SCALE_PLUS_SYNTHETIC_PATTERN
2026-02-19,D02_CAI_MEP,20GP,BALANCED,80,73,4,4,58,23,81,0,0,81,0,72,1.01956745623069,LOW,4348119,0.08,REALITY_CALIBRATED_V2,PUBLIC_SCALE_PLUS_SYNTHETIC_PATTERN
2026-02-19,D02_CAI_MEP,40GP,DEFICIT,0,44,2,1,32,12,44,0,0,43,1,0,0.7956777996070726,LOW,4348119,0.08,REALITY_CALIBRATED_V2,PUBLIC_SCALE_PLUS_SYNTHETIC_PATTERN
2026-02-19,D02_CAI_MEP,40HC,SURPLUS,1092,81,3,4,55,12,67,0,0,67,0,1107,1.2718279569892472,LOW,4348119,0.08,REALITY_CALIBRATED_V2,PUBLIC_SCALE_PLUS_SYNTHETIC_PATTERN
2026-02-19,D03_LONG_SON,20GP,SURPLUS,1050,99,5,5,75,14,89,0,0,89,0,1060,1.2269353128313891,LOW,4348119,0.08,REALITY_CALIBRATED_V2,PUBLIC_SCALE_PLUS_SYNTHETIC_PATTERN
2026-02-19,D03_LONG_SON,40GP,BALANCED,213,54,2,1,33,14,47,0,0,47,0,219,1.0261194029850744,LOW,4348119,0.08,REALITY_CALIBRATED_V2,PUBLIC_SCALE_PLUS_SYNTHETIC_PATTERN
2026-02-19,D03_LONG_SON,40HC,BALANCED,197,61,2,3,33,6,39,0,0,39,0,220,1.0514423076923078,LOW,4348119,0.08,REALITY_CALIBRATED_V2,PUBLIC_SCALE_PLUS_SYNTHETIC_PATTERN
2026-02-20,D01_PHU_MY,20GP,DEFICIT,33,48,2,5,82,17,99,0,0,84,15,0,0.7976352887676216,LOW,4348119,0.08,REALITY_CALIBRATED_V2,PUBLIC_SCALE_PLUS_SYNTHETIC_PATTERN
2026-02-20,D01_PHU_MY,40GP,SURPLUS,905,62,3,2,32,8,40,0,0,40,0,926,1.2831524303916944,LOW,4348119,0.08,REALITY_CALIBRATED_V2,PUBLIC_SCALE_PLUS_SYNTHETIC_PATTERN
2026-02-20,D01_PHU_MY,40HC,DEFICIT,0,79,3,3,74,20,94,0,0,79,15,0,0.8389720234222511,LOW,4348119,0.08,REALITY_CALIBRATED_V2,PUBLIC_SCALE_PLUS_SYNTHETIC_PATTERN
2026-02-20,D02_CAI_MEP,20GP,BALANCED,72,85,4,4,85,23,108,0,0,108,0,49,1.01956745623069,LOW,4348119,0.08,REALITY_CALIBRATED_V2,PUBLIC_SCALE_PLUS_SYNTHETIC_PATTERN
2026-02-20,D02_CAI_MEP,40GP,DEFICIT,0,53,2,2,44,14,58,0,0,53,5,0,0.7956777996070726,LOW,4348119,0.08,REALITY_CALIBRATED_V2,PUBLIC_SCALE_PLUS_SYNTHETIC_PATTERN
2026-02-20,D02_CAI_MEP,40HC,SURPLUS,1107,93,4,3,44,14,58,0,0,58,0,1141,1.2718279569892472,LOW,4348119,0.08,REALITY_CALIBRATED_V2,PUBLIC_SCALE_PLUS_SYNTHETIC_PATTERN
2026-02-20,D03_LONG_SON,20GP,SURPLUS,1060,61,3,5,58,14,72,0,0,72,0,1051,1.2269353128313891,LOW,4348119,0.08,REALITY_CALIBRATED_V2,PUBLIC_SCALE_PLUS_SYNTHETIC_PATTERN
2026-02-20,D03_LONG_SON,40GP,BALANCED,219,54,2,2,23,9,32,0,0,32,0,241,1.0261194029850744,LOW,4348119,0.08,REALITY_CALIBRATED_V2,PUBLIC_SCALE_PLUS_SYNTHETIC_PATTERN
2026-02-20,D03_LONG_SON,40HC,BALANCED,220,70,3,2,28,11,39,0,0,39,0,250,1.0514423076923078,LOW,4348119,0.08,REALITY_CALIBRATED_V2,PUBLIC_SCALE_PLUS_SYNTHETIC_PATTERN
2026-02-21,D01_PHU_MY,20GP,DEFICIT,0,58,3,2,24,7,31,0,0,31,0,26,0.7976352887676216,LOW,4348119,0.08,REALITY_CALIBRATED_V2,PUBLIC_SCALE_PLUS_SYNTHETIC_PATTERN
2026-02-21,D01_PHU_MY,40GP,SURPLUS,926,40,2,3,32,11,43,0,0,43,0,924,1.2831524303916944,LOW,4348119,0.08,REALITY_CALIBRATED_V2,PUBLIC_SCALE_PLUS_SYNTHETIC_PATTERN
2026-02-21,D01_PHU_MY,40HC,DEFICIT,0,59,2,3,64,24,88,0,0,60,28,0,0.8389720234222511,LOW,4348119,0.08,REALITY_CALIBRATED_V2,PUBLIC_SCALE_PLUS_SYNTHETIC_PATTERN
2026-02-21,D02_CAI_MEP,20GP,BALANCED,49,70,4,4,50,12,62,0,0,62,0,57,1.01956745623069,LOW,4348119,0.08,REALITY_CALIBRATED_V2,PUBLIC_SCALE_PLUS_SYNTHETIC_PATTERN
2026-02-21,D02_CAI_MEP,40GP,DEFICIT,0,34,2,2,42,11,53,0,0,34,19,0,0.7956777996070726,LOW,4348119,0.08,REALITY_CALIBRATED_V2,PUBLIC_SCALE_PLUS_SYNTHETIC_PATTERN
2026-02-21,D02_CAI_MEP,40HC,SURPLUS,1141,64,3,4,49,15,64,0,0,64,0,1142,1.2718279569892472,LOW,4348119,0.08,REALITY_CALIBRATED_V2,PUBLIC_SCALE_PLUS_SYNTHETIC_PATTERN
2026-02-21,D03_LONG_SON,20GP,SURPLUS,1051,51,3,3,68,14,82,0,0,82,0,1020,1.2269353128313891,LOW,4348119,0.08,REALITY_CALIBRATED_V2,PUBLIC_SCALE_PLUS_SYNTHETIC_PATTERN
2026-02-21,D03_LONG_SON,40GP,BALANCED,241,32,1,2,22,5,27,0,0,27,0,247,1.0261194029850744,LOW,4348119,0.08,REALITY_CALIBRATED_V2,PUBLIC_SCALE_PLUS_SYNTHETIC_PATTERN
2026-02-21,D03_LONG_SON,40HC,BALANCED,250,78,3,3,50,17,67,0,0,67,0,261,1.0514423076923078,LOW,4348119,0.08,REALITY_CALIBRATED_V2,PUBLIC_SCALE_PLUS_SYNTHETIC_PATTERN
2026-02-22,D01_PHU_MY,20GP,DEFICIT,26,75,4,3,55,10,65,0,0,65,0,35,0.7976352887676216,LOW,4348119,0.08,REALITY_CALIBRATED_V2,PUBLIC_SCALE_PLUS_SYNTHETIC_PATTERN
2026-02-22,D01_PHU_MY,40GP,SURPLUS,924,32,1,2,27,13,40,0,0,40,0,917,1.2831524303916944,LOW,4348119,0.08,REALITY_CALIBRATED_V2,PUBLIC_SCALE_PLUS_SYNTHETIC_PATTERN
2026-02-22,D01_PHU_MY,40HC,DEFICIT,0,37,1,2,40,15,55,0,0,38,17,0,0.8389720234222511,LOW,4348119,0.08,REALITY_CALIBRATED_V2,PUBLIC_SCALE_PLUS_SYNTHETIC_PATTERN
2026-02-22,D02_CAI_MEP,20GP,BALANCED,57,62,3,4,46,16,62,0,0,62,0,58,1.01956745623069,LOW,4348119,0.08,REALITY_CALIBRATED_V2,PUBLIC_SCALE_PLUS_SYNTHETIC_PATTERN
2026-02-22,D02_CAI_MEP,40GP,DEFICIT,0,30,1,2,37,11,48,0,0,31,17,0,0.7956777996070726,LOW,4348119,0.08,REALITY_CALIBRATED_V2,PUBLIC_SCALE_PLUS_SYNTHETIC_PATTERN
2026-02-22,D02_CAI_MEP,40HC,SURPLUS,1142,58,2,3,29,15,44,0,0,44,0,1157,1.2718279569892472,LOW,4348119,0.08,REALITY_CALIBRATED_V2,PUBLIC_SCALE_PLUS_SYNTHETIC_PATTERN
2026-02-22,D03_LONG_SON,20GP,SURPLUS,1020,75,4,3,21,10,31,0,0,31,0,1063,1.2269353128313891,LOW,4348119,0.08,REALITY_CALIBRATED_V2,PUBLIC_SCALE_PLUS_SYNTHETIC_PATTERN
2026-02-22,D03_LONG_SON,40GP,BALANCED,247,34,2,1,15,5,20,0,0,20,0,260,1.0261194029850744,LOW,4348119,0.08,REALITY_CALIBRATED_V2,PUBLIC_SCALE_PLUS_SYNTHETIC_PATTERN
2026-02-22,D03_LONG_SON,40HC,BALANCED,261,67,3,3,36,14,50,0,0,50,0,278,1.0514423076923078,LOW,4348119,0.08,REALITY_CALIBRATED_V2,PUBLIC_SCALE_PLUS_SYNTHETIC_PATTERN
2026-02-23,D01_PHU_MY,20GP,DEFICIT,35,61,3,4,79,10,89,0,0,89,0,8,0.7976352887676216,LOW,4348119,0.08,REALITY_CALIBRATED_V2,PUBLIC_SCALE_PLUS_SYNTHETIC_PATTERN
2026-02-23,D01_PHU_MY,40GP,SURPLUS,917,51,2,1,23,11,34,0,0,34,0,933,1.2831524303916944,LOW,4348119,0.08,REALITY_CALIBRATED_V2,PUBLIC_SCALE_PLUS_SYNTHETIC_PATTERN
2026-02-23,D01_PHU_MY,40HC,DEFICIT,0,57,2,1,68,20,88,0,0,56,32,0,0.8389720234222511,LOW,4348119,0.08,REALITY_CALIBRATED_V2,PUBLIC_SCALE_PLUS_SYNTHETIC_PATTERN
2026-02-23,D02_CAI_MEP,20GP,BALANCED,58,70,4,3,47,19,66,0,0,66,0,61,1.01956745623069,LOW,4348119,0.08,REALITY_CALIBRATED_V2,PUBLIC_SCALE_PLUS_SYNTHETIC_PATTERN
2026-02-23,D02_CAI_MEP,40GP,DEFICIT,0,35,2,1,46,5,51,0,0,34,17,0,0.7956777996070726,LOW,4348119,0.08,REALITY_CALIBRATED_V2,PUBLIC_SCALE_PLUS_SYNTHETIC_PATTERN
2026-02-23,D02_CAI_MEP,40HC,SURPLUS,1157,110,4,2,64,9,73,0,0,73,0,1192,1.2718279569892472,LOW,4348119,0.08,REALITY_CALIBRATED_V2,PUBLIC_SCALE_PLUS_SYNTHETIC_PATTERN
2026-02-23,D03_LONG_SON,20GP,SURPLUS,1063,82,4,4,58,24,82,0,0,82,0,1063,1.2269353128313891,LOW,4348119,0.08,REALITY_CALIBRATED_V2,PUBLIC_SCALE_PLUS_SYNTHETIC_PATTERN
2026-02-23,D03_LONG_SON,40GP,BALANCED,260,59,3,2,36,13,49,0,0,49,0,269,1.0261194029850744,LOW,4348119,0.08,REALITY_CALIBRATED_V2,PUBLIC_SCALE_PLUS_SYNTHETIC_PATTERN
2026-02-23,D03_LONG_SON,40HC,BALANCED,278,50,2,3,39,14,53,0,0,53,0,276,1.0514423076923078,LOW,4348119,0.08,REALITY_CALIBRATED_V2,PUBLIC_SCALE_PLUS_SYNTHETIC_PATTERN
2026-02-24,D01_PHU_MY,20GP,DEFICIT,8,55,3,3,71,14,85,0,0,63,22,0,0.7976352887676216,LOW,4348119,0.08,REALITY_CALIBRATED_V2,PUBLIC_SCALE_PLUS_SYNTHETIC_PATTERN
2026-02-24,D01_PHU_MY,40GP,SURPLUS,933,40,2,2,44,11,55,0,0,55,0,918,1.2831524303916944,LOW,4348119,0.08,REALITY_CALIBRATED_V2,PUBLIC_SCALE_PLUS_SYNTHETIC_PATTERN
2026-02-24,D01_PHU_MY,40HC,DEFICIT,0,51,2,2,57,13,70,0,0,51,19,0,0.8389720234222511,LOW,4348119,0.08,REALITY_CALIBRATED_V2,PUBLIC_SCALE_PLUS_SYNTHETIC_PATTERN
2026-02-24,D02_CAI_MEP,20GP,BALANCED,61,73,4,4,62,23,85,0,0,85,0,49,1.01956745623069,LOW,4348119,0.08,REALITY_CALIBRATED_V2,PUBLIC_SCALE_PLUS_SYNTHETIC_PATTERN
2026-02-24,D02_CAI_MEP,40GP,DEFICIT,0,35,2,2,30,14,44,0,0,35,9,0,0.7956777996070726,LOW,4348119,0.08,REALITY_CALIBRATED_V2,PUBLIC_SCALE_PLUS_SYNTHETIC_PATTERN
2026-02-24,D02_CAI_MEP,40HC,SURPLUS,1192,102,4,4,47,17,64,0,0,64,0,1230,1.2718279569892472,LOW,4348119,0.08,REALITY_CALIBRATED_V2,PUBLIC_SCALE_PLUS_SYNTHETIC_PATTERN
2026-02-24,D03_LONG_SON,20GP,SURPLUS,1063,96,5,4,64,14,78,0,0,78,0,1080,1.2269353128313891,LOW,4348119,0.08,REALITY_CALIBRATED_V2,PUBLIC_SCALE_PLUS_SYNTHETIC_PATTERN
2026-02-24,D03_LONG_SON,40GP,BALANCED,269,38,2,3,33,7,40,0,0,40,0,268,1.0261194029850744,LOW,4348119,0.08,REALITY_CALIBRATED_V2,PUBLIC_SCALE_PLUS_SYNTHETIC_PATTERN
2026-02-24,D03_LONG_SON,40HC,BALANCED,276,56,2,2,37,8,45,0,0,45,0,287,1.0514423076923078,LOW,4348119,0.08,REALITY_CALIBRATED_V2,PUBLIC_SCALE_PLUS_SYNTHETIC_PATTERN
2026-02-25,D01_PHU_MY,20GP,DEFICIT,0,58,3,3,96,10,106,0,0,58,48,0,0.7976352887676216,LOW,4348119,0.08,REALITY_CALIBRATED_V2,PUBLIC_SCALE_PLUS_SYNTHETIC_PATTERN
2026-02-25,D01_PHU_MY,40GP,SURPLUS,918,64,3,2,59,13,72,0,0,72,0,909,1.2831524303916944,LOW,4348119,0.08,REALITY_CALIBRATED_V2,PUBLIC_SCALE_PLUS_SYNTHETIC_PATTERN
2026-02-25,D01_PHU_MY,40HC,DEFICIT,0,57,2,2,70,18,88,0,0,57,31,0,0.8389720234222511,LOW,4348119,0.08,REALITY_CALIBRATED_V2,PUBLIC_SCALE_PLUS_SYNTHETIC_PATTERN
2026-02-25,D02_CAI_MEP,20GP,BALANCED,49,58,3,4,54,8,62,0,0,62,0,46,1.01956745623069,LOW,4348119,0.08,REALITY_CALIBRATED_V2,PUBLIC_SCALE_PLUS_SYNTHETIC_PATTERN
2026-02-25,D02_CAI_MEP,40GP,DEFICIT,0,41,2,2,49,9,58,0,0,41,17,0,0.7956777996070726,LOW,4348119,0.08,REALITY_CALIBRATED_V2,PUBLIC_SCALE_PLUS_SYNTHETIC_PATTERN
2026-02-25,D02_CAI_MEP,40HC,SURPLUS,1230,102,4,4,58,29,87,0,0,87,0,1245,1.2718279569892472,LOW,4348119,0.08,REALITY_CALIBRATED_V2,PUBLIC_SCALE_PLUS_SYNTHETIC_PATTERN
2026-02-25,D03_LONG_SON,20GP,SURPLUS,1080,85,4,5,31,7,38,0,0,38,0,1128,1.2269353128313891,LOW,4348119,0.08,REALITY_CALIBRATED_V2,PUBLIC_SCALE_PLUS_SYNTHETIC_PATTERN
2026-02-25,D03_LONG_SON,40GP,BALANCED,268,29,1,2,27,4,31,0,0,31,0,267,1.0261194029850744,LOW,4348119,0.08,REALITY_CALIBRATED_V2,PUBLIC_SCALE_PLUS_SYNTHETIC_PATTERN
2026-02-25,D03_LONG_SON,40HC,BALANCED,287,64,3,2,62,8,70,0,0,70,0,280,1.0514423076923078,LOW,4348119,0.08,REALITY_CALIBRATED_V2,PUBLIC_SCALE_PLUS_SYNTHETIC_PATTERN
2026-02-26,D01_PHU_MY,20GP,DEFICIT,0,92,5,3,79,34,113,0,0,90,23,0,0.7976352887676216,LOW,4348119,0.08,REALITY_CALIBRATED_V2,PUBLIC_SCALE_PLUS_SYNTHETIC_PATTERN
2026-02-26,D01_PHU_MY,40GP,SURPLUS,909,79,4,3,36,15,51,0,0,51,0,936,1.2831524303916944,LOW,4348119,0.08,REALITY_CALIBRATED_V2,PUBLIC_SCALE_PLUS_SYNTHETIC_PATTERN
2026-02-26,D01_PHU_MY,40HC,DEFICIT,0,73,3,2,60,13,73,0,0,72,1,0,0.8389720234222511,LOW,4348119,0.08,REALITY_CALIBRATED_V2,PUBLIC_SCALE_PLUS_SYNTHETIC_PATTERN
2026-02-26,D02_CAI_MEP,20GP,BALANCED,46,112,6,3,58,15,73,0,0,73,0,82,1.01956745623069,LOW,4348119,0.08,REALITY_CALIBRATED_V2,PUBLIC_SCALE_PLUS_SYNTHETIC_PATTERN
2026-02-26,D02_CAI_MEP,40GP,DEFICIT,0,46,2,2,34,12,46,0,0,46,0,0,0.7956777996070726,LOW,4348119,0.08,REALITY_CALIBRATED_V2,PUBLIC_SCALE_PLUS_SYNTHETIC_PATTERN
2026-02-26,D02_CAI_MEP,40HC,SURPLUS,1245,93,4,4,99,17,116,0,0,116,0,1222,1.2718279569892472,LOW,4348119,0.08,REALITY_CALIBRATED_V2,PUBLIC_SCALE_PLUS_SYNTHETIC_PATTERN
2026-02-26,D03_LONG_SON,20GP,SURPLUS,1128,116,6,4,41,17,58,0,0,58,0,1184,1.2269353128313891,LOW,4348119,0.08,REALITY_CALIBRATED_V2,PUBLIC_SCALE_PLUS_SYNTHETIC_PATTERN
2026-02-26,D03_LONG_SON,40GP,BALANCED,267,41,2,1,38,9,47,0,0,47,0,260,1.0261194029850744,LOW,4348119,0.08,REALITY_CALIBRATED_V2,PUBLIC_SCALE_PLUS_SYNTHETIC_PATTERN
2026-02-26,D03_LONG_SON,40HC,BALANCED,280,103,4,3,50,11,61,0,0,61,0,321,1.0514423076923078,LOW,4348119,0.08,REALITY_CALIBRATED_V2,PUBLIC_SCALE_PLUS_SYNTHETIC_PATTERN
2026-02-27,D01_PHU_MY,20GP,DEFICIT,0,61,3,5,58,24,82,0,0,63,19,0,0.7976352887676216,LOW,4348119,0.08,REALITY_CALIBRATED_V2,PUBLIC_SCALE_PLUS_SYNTHETIC_PATTERN
2026-02-27,D01_PHU_MY,40GP,SURPLUS,936,62,3,4,34,13,47,0,0,47,0,952,1.2831524303916944,LOW,4348119,0.08,REALITY_CALIBRATED_V2,PUBLIC_SCALE_PLUS_SYNTHETIC_PATTERN
2026-02-27,D01_PHU_MY,40HC,DEFICIT,0,66,3,3,55,18,73,0,0,66,7,0,0.8389720234222511,LOW,4348119,0.08,REALITY_CALIBRATED_V2,PUBLIC_SCALE_PLUS_SYNTHETIC_PATTERN
2026-02-27,D02_CAI_MEP,20GP,BALANCED,82,89,4,6,66,23,89,0,0,89,0,84,1.01956745623069,LOW,4348119,0.08,REALITY_CALIBRATED_V2,PUBLIC_SCALE_PLUS_SYNTHETIC_PATTERN
2026-02-27,D02_CAI_MEP,40GP,DEFICIT,0,65,3,2,30,9,39,0,0,39,0,25,0.7956777996070726,LOW,4348119,0.08,REALITY_CALIBRATED_V2,PUBLIC_SCALE_PLUS_SYNTHETIC_PATTERN
2026-02-27,D02_CAI_MEP,40HC,SURPLUS,1222,131,5,4,79,26,105,0,0,105,0,1247,1.2718279569892472,LOW,4348119,0.08,REALITY_CALIBRATED_V2,PUBLIC_SCALE_PLUS_SYNTHETIC_PATTERN
2026-02-27,D03_LONG_SON,20GP,SURPLUS,1184,82,4,6,55,17,72,0,0,72,0,1196,1.2269353128313891,LOW,4348119,0.08,REALITY_CALIBRATED_V2,PUBLIC_SCALE_PLUS_SYNTHETIC_PATTERN
2026-02-27,D03_LONG_SON,40GP,BALANCED,260,41,2,2,32,4,36,0,0,36,0,265,1.0261194029850744,LOW,4348119,0.08,REALITY_CALIBRATED_V2,PUBLIC_SCALE_PLUS_SYNTHETIC_PATTERN
2026-02-27,D03_LONG_SON,40HC,BALANCED,321,78,3,4,39,14,53,0,0,53,0,347,1.0514423076923078,LOW,4348119,0.08,REALITY_CALIBRATED_V2,PUBLIC_SCALE_PLUS_SYNTHETIC_PATTERN
2026-02-28,D01_PHU_MY,20GP,DEFICIT,0,72,4,3,55,17,72,0,0,71,1,0,0.7976352887676216,LOW,4348119,0.08,REALITY_CALIBRATED_V2,PUBLIC_SCALE_PLUS_SYNTHETIC_PATTERN
2026-02-28,D01_PHU_MY,40GP,SURPLUS,952,43,2,3,49,13,62,0,0,62,0,934,1.2831524303916944,LOW,4348119,0.08,REALITY_CALIBRATED_V2,PUBLIC_SCALE_PLUS_SYNTHETIC_PATTERN
2026-02-28,D01_PHU_MY,40HC,DEFICIT,0,48,2,3,51,15,66,0,0,49,17,0,0.8389720234222511,LOW,4348119,0.08,REALITY_CALIBRATED_V2,PUBLIC_SCALE_PLUS_SYNTHETIC_PATTERN
2026-02-28,D02_CAI_MEP,20GP,BALANCED,84,77,4,4,42,4,46,0,0,46,0,115,1.01956745623069,LOW,4348119,0.08,REALITY_CALIBRATED_V2,PUBLIC_SCALE_PLUS_SYNTHETIC_PATTERN
2026-02-28,D02_CAI_MEP,40GP,DEFICIT,25,21,1,3,32,5,37,0,0,37,0,11,0.7956777996070726,LOW,4348119,0.08,REALITY_CALIBRATED_V2,PUBLIC_SCALE_PLUS_SYNTHETIC_PATTERN
2026-02-28,D02_CAI_MEP,40HC,SURPLUS,1247,64,3,5,52,18,70,0,0,70,0,1243,1.2718279569892472,LOW,4348119,0.08,REALITY_CALIBRATED_V2,PUBLIC_SCALE_PLUS_SYNTHETIC_PATTERN
2026-02-28,D03_LONG_SON,20GP,SURPLUS,1196,85,4,4,44,21,65,0,0,65,0,1216,1.2269353128313891,LOW,4348119,0.08,REALITY_CALIBRATED_V2,PUBLIC_SCALE_PLUS_SYNTHETIC_PATTERN
2026-02-28,D03_LONG_SON,40GP,BALANCED,265,61,3,2,43,7,50,0,0,50,0,275,1.0261194029850744,LOW,4348119,0.08,REALITY_CALIBRATED_V2,PUBLIC_SCALE_PLUS_SYNTHETIC_PATTERN
2026-02-28,D03_LONG_SON,40HC,BALANCED,347,47,2,3,50,14,64,0,0,64,0,331,1.0514423076923078,LOW,4348119,0.08,REALITY_CALIBRATED_V2,PUBLIC_SCALE_PLUS_SYNTHETIC_PATTERN
2026-03-01,D01_PHU_MY,20GP,DEFICIT,0,38,2,4,48,7,55,0,0,40,15,0,0.7976352887676216,LOW,4348119,0.08,REALITY_CALIBRATED_V2,PUBLIC_SCALE_PLUS_SYNTHETIC_PATTERN
2026-03-01,D01_PHU_MY,40GP,SURPLUS,934,68,3,2,28,4,32,0,0,32,0,969,1.2831524303916944,LOW,4348119,0.08,REALITY_CALIBRATED_V2,PUBLIC_SCALE_PLUS_SYNTHETIC_PATTERN
2026-03-01,D01_PHU_MY,40HC,DEFICIT,0,51,2,2,50,20,70,0,0,51,19,0,0.8389720234222511,LOW,4348119,0.08,REALITY_CALIBRATED_V2,PUBLIC_SCALE_PLUS_SYNTHETIC_PATTERN
2026-03-01,D02_CAI_MEP,20GP,BALANCED,115,62,3,4,54,12,66,0,0,66,0,112,1.01956745623069,LOW,4348119,0.08,REALITY_CALIBRATED_V2,PUBLIC_SCALE_PLUS_SYNTHETIC_PATTERN
2026-03-01,D02_CAI_MEP,40GP,DEFICIT,11,35,2,1,30,12,42,0,0,42,0,3,0.7956777996070726,LOW,4348119,0.08,REALITY_CALIBRATED_V2,PUBLIC_SCALE_PLUS_SYNTHETIC_PATTERN
2026-03-01,D02_CAI_MEP,40HC,SURPLUS,1243,84,3,3,23,12,35,0,0,35,0,1292,1.2718279569892472,LOW,4348119,0.08,REALITY_CALIBRATED_V2,PUBLIC_SCALE_PLUS_SYNTHETIC_PATTERN
2026-03-01,D03_LONG_SON,20GP,SURPLUS,1216,44,2,4,34,10,44,0,0,44,0,1218,1.2269353128313891,LOW,4348119,0.08,REALITY_CALIBRATED_V2,PUBLIC_SCALE_PLUS_SYNTHETIC_PATTERN
2026-03-01,D03_LONG_SON,40GP,BALANCED,275,31,1,3,38,5,43,0,0,43,0,265,1.0261194029850744,LOW,4348119,0.08,REALITY_CALIBRATED_V2,PUBLIC_SCALE_PLUS_SYNTHETIC_PATTERN
2026-03-01,D03_LONG_SON,40HC,BALANCED,331,56,2,2,39,6,45,0,0,45,0,342,1.0514423076923078,LOW,4348119,0.08,REALITY_CALIBRATED_V2,PUBLIC_SCALE_PLUS_SYNTHETIC_PATTERN
2026-03-02,D01_PHU_MY,20GP,DEFICIT,0,38,2,2,55,20,75,0,0,38,37,0,0.7976352887676216,LOW,4348119,0.08,REALITY_CALIBRATED_V2,PUBLIC_SCALE_PLUS_SYNTHETIC_PATTERN
2026-03-02,D01_PHU_MY,40GP,SURPLUS,969,70,3,3,49,15,64,0,0,64,0,975,1.2831524303916944,LOW,4348119,0.08,REALITY_CALIBRATED_V2,PUBLIC_SCALE_PLUS_SYNTHETIC_PATTERN
2026-03-02,D01_PHU_MY,40HC,DEFICIT,0,77,3,2,57,9,66,0,0,66,0,10,0.8389720234222511,LOW,4348119,0.08,REALITY_CALIBRATED_V2,PUBLIC_SCALE_PLUS_SYNTHETIC_PATTERN
2026-03-02,D02_CAI_MEP,20GP,BALANCED,112,97,5,3,66,31,97,0,0,97,0,110,1.01956745623069,LOW,4348119,0.08,REALITY_CALIBRATED_V2,PUBLIC_SCALE_PLUS_SYNTHETIC_PATTERN
2026-03-02,D02_CAI_MEP,40GP,DEFICIT,3,39,2,2,42,16,58,0,0,42,16,0,0.7956777996070726,LOW,4348119,0.08,REALITY_CALIBRATED_V2,PUBLIC_SCALE_PLUS_SYNTHETIC_PATTERN
2026-03-02,D02_CAI_MEP,40HC,SURPLUS,1292,128,5,3,53,23,76,0,0,76,0,1342,1.2718279569892472,LOW,4348119,0.08,REALITY_CALIBRATED_V2,PUBLIC_SCALE_PLUS_SYNTHETIC_PATTERN
2026-03-02,D03_LONG_SON,20GP,SURPLUS,1218,109,5,2,45,10,55,0,0,55,0,1269,1.2269353128313891,LOW,4348119,0.08,REALITY_CALIBRATED_V2,PUBLIC_SCALE_PLUS_SYNTHETIC_PATTERN
2026-03-02,D03_LONG_SON,40GP,BALANCED,265,47,2,1,27,13,40,0,0,40,0,271,1.0261194029850744,LOW,4348119,0.08,REALITY_CALIBRATED_V2,PUBLIC_SCALE_PLUS_SYNTHETIC_PATTERN
2026-03-02,D03_LONG_SON,40HC,BALANCED,342,95,4,2,67,19,86,0,0,86,0,349,1.0514423076923078,LOW,4348119,0.08,REALITY_CALIBRATED_V2,PUBLIC_SCALE_PLUS_SYNTHETIC_PATTERN
2026-03-03,D01_PHU_MY,20GP,DEFICIT,0,65,3,2,58,17,75,0,0,64,11,0,0.7976352887676216,LOW,4348119,0.08,REALITY_CALIBRATED_V2,PUBLIC_SCALE_PLUS_SYNTHETIC_PATTERN
2026-03-03,D01_PHU_MY,40GP,SURPLUS,975,57,3,3,55,17,72,0,0,72,0,960,1.2831524303916944,LOW,4348119,0.08,REALITY_CALIBRATED_V2,PUBLIC_SCALE_PLUS_SYNTHETIC_PATTERN
2026-03-03,D01_PHU_MY,40HC,DEFICIT,10,73,3,3,55,13,68,0,0,68,0,15,0.8389720234222511,LOW,4348119,0.08,REALITY_CALIBRATED_V2,PUBLIC_SCALE_PLUS_SYNTHETIC_PATTERN
2026-03-03,D02_CAI_MEP,20GP,BALANCED,110,100,5,5,47,19,66,0,0,66,0,144,1.01956745623069,LOW,4348119,0.08,REALITY_CALIBRATED_V2,PUBLIC_SCALE_PLUS_SYNTHETIC_PATTERN
2026-03-03,D02_CAI_MEP,40GP,DEFICIT,0,50,2,2,55,12,67,0,0,50,17,0,0.7956777996070726,LOW,4348119,0.08,REALITY_CALIBRATED_V2,PUBLIC_SCALE_PLUS_SYNTHETIC_PATTERN
2026-03-03,D02_CAI_MEP,40HC,SURPLUS,1342,119,5,5,47,17,64,0,0,64,0,1397,1.2718279569892472,LOW,4348119,0.08,REALITY_CALIBRATED_V2,PUBLIC_SCALE_PLUS_SYNTHETIC_PATTERN
2026-03-03,D03_LONG_SON,20GP,SURPLUS,1269,143,7,5,71,14,85,0,0,85,0,1325,1.2269353128313891,LOW,4348119,0.08,REALITY_CALIBRATED_V2,PUBLIC_SCALE_PLUS_SYNTHETIC_PATTERN
2026-03-03,D03_LONG_SON,40GP,BALANCED,271,43,2,2,27,13,40,0,0,40,0,274,1.0261194029850744,LOW,4348119,0.08,REALITY_CALIBRATED_V2,PUBLIC_SCALE_PLUS_SYNTHETIC_PATTERN
2026-03-03,D03_LONG_SON,40HC,BALANCED,349,78,3,4,47,17,64,0,0,64,0,364,1.0514423076923078,LOW,4348119,0.08,REALITY_CALIBRATED_V2,PUBLIC_SCALE_PLUS_SYNTHETIC_PATTERN
2026-03-04,D01_PHU_MY,20GP,DEFICIT,0,58,3,3,75,24,99,0,0,58,41,0,0.7976352887676216,LOW,4348119,0.08,REALITY_CALIBRATED_V2,PUBLIC_SCALE_PLUS_SYNTHETIC_PATTERN
2026-03-04,D01_PHU_MY,40GP,SURPLUS,960,57,3,3,25,11,36,0,0,36,0,981,1.2831524303916944,LOW,4348119,0.08,REALITY_CALIBRATED_V2,PUBLIC_SCALE_PLUS_SYNTHETIC_PATTERN
2026-03-04,D01_PHU_MY,40HC,DEFICIT,15,53,2,3,55,28,83,0,0,69,14,0,0.8389720234222511,LOW,4348119,0.08,REALITY_CALIBRATED_V2,PUBLIC_SCALE_PLUS_SYNTHETIC_PATTERN
2026-03-04,D02_CAI_MEP,20GP,BALANCED,144,112,6,5,58,31,89,0,0,89,0,166,1.01956745623069,LOW,4348119,0.08,REALITY_CALIBRATED_V2,PUBLIC_SCALE_PLUS_SYNTHETIC_PATTERN
2026-03-04,D02_CAI_MEP,40GP,DEFICIT,0,42,2,2,39,5,44,0,0,42,2,0,0.7956777996070726,LOW,4348119,0.08,REALITY_CALIBRATED_V2,PUBLIC_SCALE_PLUS_SYNTHETIC_PATTERN
2026-03-04,D02_CAI_MEP,40HC,SURPLUS,1397,99,4,5,87,15,102,0,0,102,0,1395,1.2718279569892472,LOW,4348119,0.08,REALITY_CALIBRATED_V2,PUBLIC_SCALE_PLUS_SYNTHETIC_PATTERN
2026-03-04,D03_LONG_SON,20GP,SURPLUS,1325,96,5,7,72,20,92,0,0,92,0,1331,1.2269353128313891,LOW,4348119,0.08,REALITY_CALIBRATED_V2,PUBLIC_SCALE_PLUS_SYNTHETIC_PATTERN
2026-03-04,D03_LONG_SON,40GP,BALANCED,274,63,3,2,45,13,58,0,0,58,0,278,1.0261194029850744,LOW,4348119,0.08,REALITY_CALIBRATED_V2,PUBLIC_SCALE_PLUS_SYNTHETIC_PATTERN
2026-03-04,D03_LONG_SON,40HC,BALANCED,364,75,3,3,78,19,97,0,0,97,0,342,1.0514423076923078,LOW,4348119,0.08,REALITY_CALIBRATED_V2,PUBLIC_SCALE_PLUS_SYNTHETIC_PATTERN
2026-03-05,D01_PHU_MY,20GP,DEFICIT,0,44,2,3,85,17,102,0,0,45,57,0,0.7976352887676216,LOW,4348119,0.08,REALITY_CALIBRATED_V2,PUBLIC_SCALE_PLUS_SYNTHETIC_PATTERN
2026-03-05,D01_PHU_MY,40GP,SURPLUS,981,68,3,3,49,21,70,0,0,70,0,979,1.2831524303916944,LOW,4348119,0.08,REALITY_CALIBRATED_V2,PUBLIC_SCALE_PLUS_SYNTHETIC_PATTERN
2026-03-05,D01_PHU_MY,40HC,DEFICIT,0,83,3,2,57,31,88,0,0,82,6,0,0.8389720234222511,LOW,4348119,0.08,REALITY_CALIBRATED_V2,PUBLIC_SCALE_PLUS_SYNTHETIC_PATTERN
2026-03-05,D02_CAI_MEP,20GP,BALANCED,166,89,4,6,54,12,66,0,0,66,0,191,1.01956745623069,LOW,4348119,0.08,REALITY_CALIBRATED_V2,PUBLIC_SCALE_PLUS_SYNTHETIC_PATTERN
2026-03-05,D02_CAI_MEP,40GP,DEFICIT,0,48,2,2,36,14,50,0,0,48,2,0,0.7956777996070726,LOW,4348119,0.08,REALITY_CALIBRATED_V2,PUBLIC_SCALE_PLUS_SYNTHETIC_PATTERN
2026-03-05,D02_CAI_MEP,40HC,SURPLUS,1395,125,5,4,66,12,78,0,0,78,0,1441,1.2718279569892472,LOW,4348119,0.08,REALITY_CALIBRATED_V2,PUBLIC_SCALE_PLUS_SYNTHETIC_PATTERN
2026-03-05,D03_LONG_SON,20GP,SURPLUS,1331,123,6,5,75,38,113,0,0,113,0,1340,1.2269353128313891,LOW,4348119,0.08,REALITY_CALIBRATED_V2,PUBLIC_SCALE_PLUS_SYNTHETIC_PATTERN
2026-03-05,D03_LONG_SON,40GP,BALANCED,278,61,3,3,36,9,45,0,0,45,0,294,1.0261194029850744,LOW,4348119,0.08,REALITY_CALIBRATED_V2,PUBLIC_SCALE_PLUS_SYNTHETIC_PATTERN
2026-03-05,D03_LONG_SON,40HC,BALANCED,342,100,4,3,67,28,95,0,0,95,0,346,1.0514423076923078,LOW,4348119,0.08,REALITY_CALIBRATED_V2,PUBLIC_SCALE_PLUS_SYNTHETIC_PATTERN
2026-03-06,D01_PHU_MY,20GP,DEFICIT,0,48,2,2,61,14,75,0,0,48,27,0,0.7976352887676216,LOW,4348119,0.08,REALITY_CALIBRATED_V2,PUBLIC_SCALE_PLUS_SYNTHETIC_PATTERN
2026-03-06,D01_PHU_MY,40GP,SURPLUS,979,70,3,3,41,6,47,0,0,47,0,1002,1.2831524303916944,LOW,4348119,0.08,REALITY_CALIBRATED_V2,PUBLIC_SCALE_PLUS_SYNTHETIC_PATTERN
2026-03-06,D01_PHU_MY,40HC,DEFICIT,0,86,3,3,61,22,83,0,0,83,0,3,0.8389720234222511,LOW,4348119,0.08,REALITY_CALIBRATED_V2,PUBLIC_SCALE_PLUS_SYNTHETIC_PATTERN
2026-03-06,D02_CAI_MEP,20GP,BALANCED,191,93,5,4,70,23,93,0,0,93,0,190,1.01956745623069,LOW,4348119,0.08,REALITY_CALIBRATED_V2,PUBLIC_SCALE_PLUS_SYNTHETIC_PATTERN
2026-03-06,D02_CAI_MEP,40GP,DEFICIT,0,28,1,2,48,19,67,0,0,29,38,0,0.7956777996070726,LOW,4348119,0.08,REALITY_CALIBRATED_V2,PUBLIC_SCALE_PLUS_SYNTHETIC_PATTERN
2026-03-06,D02_CAI_MEP,40HC,SURPLUS,1441,128,5,5,78,38,116,0,0,116,0,1453,1.2718279569892472,LOW,4348119,0.08,REALITY_CALIBRATED_V2,PUBLIC_SCALE_PLUS_SYNTHETIC_PATTERN
2026-03-06,D03_LONG_SON,20GP,SURPLUS,1340,106,5,6,69,27,96,0,0,96,0,1351,1.2269353128313891,LOW,4348119,0.08,REALITY_CALIBRATED_V2,PUBLIC_SCALE_PLUS_SYNTHETIC_PATTERN
2026-03-06,D03_LONG_SON,40GP,BALANCED,294,50,2,3,39,11,50,0,0,50,0,295,1.0261194029850744,LOW,4348119,0.08,REALITY_CALIBRATED_V2,PUBLIC_SCALE_PLUS_SYNTHETIC_PATTERN
2026-03-06,D03_LONG_SON,40HC,BALANCED,346,64,3,4,39,14,53,0,0,53,0,358,1.0514423076923078,LOW,4348119,0.08,REALITY_CALIBRATED_V2,PUBLIC_SCALE_PLUS_SYNTHETIC_PATTERN
2026-03-07,D01_PHU_MY,20GP,DEFICIT,0,68,3,2,75,21,96,0,0,67,29,0,0.7976352887676216,LOW,4348119,0.08,REALITY_CALIBRATED_V2,PUBLIC_SCALE_PLUS_SYNTHETIC_PATTERN
2026-03-07,D01_PHU_MY,40GP,SURPLUS,1002,51,2,3,32,8,40,0,0,40,0,1014,1.2831524303916944,LOW,4348119,0.08,REALITY_CALIBRATED_V2,PUBLIC_SCALE_PLUS_SYNTHETIC_PATTERN
2026-03-07,D01_PHU_MY,40HC,DEFICIT,3,66,3,3,46,20,66,0,0,66,0,3,0.8389720234222511,LOW,4348119,0.08,REALITY_CALIBRATED_V2,PUBLIC_SCALE_PLUS_SYNTHETIC_PATTERN
2026-03-07,D02_CAI_MEP,20GP,BALANCED,190,108,5,5,50,27,77,0,0,77,0,221,1.01956745623069,LOW,4348119,0.08,REALITY_CALIBRATED_V2,PUBLIC_SCALE_PLUS_SYNTHETIC_PATTERN
2026-03-07,D02_CAI_MEP,40GP,DEFICIT,0,41,2,1,32,12,44,0,0,40,4,0,0.7956777996070726,LOW,4348119,0.08,REALITY_CALIBRATED_V2,PUBLIC_SCALE_PLUS_SYNTHETIC_PATTERN
2026-03-07,D02_CAI_MEP,40HC,SURPLUS,1453,99,4,5,61,12,73,0,0,73,0,1480,1.2718279569892472,LOW,4348119,0.08,REALITY_CALIBRATED_V2,PUBLIC_SCALE_PLUS_SYNTHETIC_PATTERN
2026-03-07,D03_LONG_SON,20GP,SURPLUS,1351,78,4,5,37,14,51,0,0,51,0,1379,1.2269353128313891,LOW,4348119,0.08,REALITY_CALIBRATED_V2,PUBLIC_SCALE_PLUS_SYNTHETIC_PATTERN
2026-03-07,D03_LONG_SON,40GP,BALANCED,295,29,1,2,36,13,49,0,0,49,0,276,1.0261194029850744,LOW,4348119,0.08,REALITY_CALIBRATED_V2,PUBLIC_SCALE_PLUS_SYNTHETIC_PATTERN
2026-03-07,D03_LONG_SON,40HC,BALANCED,358,56,2,3,48,8,56,0,0,56,0,359,1.0514423076923078,LOW,4348119,0.08,REALITY_CALIBRATED_V2,PUBLIC_SCALE_PLUS_SYNTHETIC_PATTERN
2026-03-08,D01_PHU_MY,20GP,DEFICIT,0,41,2,3,54,14,68,0,0,42,26,0,0.7976352887676216,LOW,4348119,0.08,REALITY_CALIBRATED_V2,PUBLIC_SCALE_PLUS_SYNTHETIC_PATTERN
2026-03-08,D01_PHU_MY,40GP,SURPLUS,1014,49,2,2,27,11,38,0,0,38,0,1025,1.2831524303916944,LOW,4348119,0.08,REALITY_CALIBRATED_V2,PUBLIC_SCALE_PLUS_SYNTHETIC_PATTERN
2026-03-08,D01_PHU_MY,40HC,DEFICIT,3,46,2,3,50,9,59,0,0,50,9,0,0.8389720234222511,LOW,4348119,0.08,REALITY_CALIBRATED_V2,PUBLIC_SCALE_PLUS_SYNTHETIC_PATTERN
2026-03-08,D02_CAI_MEP,20GP,BALANCED,221,66,3,5,42,12,54,0,0,54,0,235,1.01956745623069,LOW,4348119,0.08,REALITY_CALIBRATED_V2,PUBLIC_SCALE_PLUS_SYNTHETIC_PATTERN
2026-03-08,D02_CAI_MEP,40GP,DEFICIT,0,41,2,2,46,7,53,0,0,41,12,0,0.7956777996070726,LOW,4348119,0.08,REALITY_CALIBRATED_V2,PUBLIC_SCALE_PLUS_SYNTHETIC_PATTERN
2026-03-08,D02_CAI_MEP,40HC,SURPLUS,1480,78,3,4,50,17,67,0,0,67,0,1492,1.2718279569892472,LOW,4348119,0.08,REALITY_CALIBRATED_V2,PUBLIC_SCALE_PLUS_SYNTHETIC_PATTERN
2026-03-08,D03_LONG_SON,20GP,SURPLUS,1379,51,3,4,48,10,58,0,0,58,0,1373,1.2269353128313891,LOW,4348119,0.08,REALITY_CALIBRATED_V2,PUBLIC_SCALE_PLUS_SYNTHETIC_PATTERN
2026-03-08,D03_LONG_SON,40GP,BALANCED,276,32,1,1,18,2,20,0,0,20,0,288,1.0261194029850744,LOW,4348119,0.08,REALITY_CALIBRATED_V2,PUBLIC_SCALE_PLUS_SYNTHETIC_PATTERN
2026-03-08,D03_LONG_SON,40HC,BALANCED,359,53,2,2,36,17,53,0,0,53,0,359,1.0514423076923078,LOW,4348119,0.08,REALITY_CALIBRATED_V2,PUBLIC_SCALE_PLUS_SYNTHETIC_PATTERN
2026-03-09,D01_PHU_MY,20GP,DEFICIT,0,92,5,2,69,27,96,0,0,89,7,0,0.7976352887676216,LOW,4348119,0.08,REALITY_CALIBRATED_V2,PUBLIC_SCALE_PLUS_SYNTHETIC_PATTERN
2026-03-09,D01_PHU_MY,40GP,SURPLUS,1025,91,4,2,29,11,40,0,0,40,0,1074,1.2831524303916944,LOW,4348119,0.08,REALITY_CALIBRATED_V2,PUBLIC_SCALE_PLUS_SYNTHETIC_PATTERN
2026-03-09,D01_PHU_MY,40HC,DEFICIT,0,73,3,2,53,9,62,0,0,62,0,10,0.8389720234222511,LOW,4348119,0.08,REALITY_CALIBRATED_V2,PUBLIC_SCALE_PLUS_SYNTHETIC_PATTERN
2026-03-09,D02_CAI_MEP,20GP,BALANCED,235,77,4,3,65,35,100,0,0,100,0,211,1.01956745623069,LOW,4348119,0.08,REALITY_CALIBRATED_V2,PUBLIC_SCALE_PLUS_SYNTHETIC_PATTERN
2026-03-09,D02_CAI_MEP,40GP,DEFICIT,0,51,2,2,37,14,51,0,0,51,0,0,0.7956777996070726,LOW,4348119,0.08,REALITY_CALIBRATED_V2,PUBLIC_SCALE_PLUS_SYNTHETIC_PATTERN
2026-03-09,D02_CAI_MEP,40HC,SURPLUS,1492,99,4,3,53,23,76,0,0,76,0,1514,1.2718279569892472,LOW,4348119,0.08,REALITY_CALIBRATED_V2,PUBLIC_SCALE_PLUS_SYNTHETIC_PATTERN
2026-03-09,D03_LONG_SON,20GP,SURPLUS,1373,116,6,3,62,27,89,0,0,89,0,1397,1.2269353128313891,LOW,4348119,0.08,REALITY_CALIBRATED_V2,PUBLIC_SCALE_PLUS_SYNTHETIC_PATTERN
2026-03-09,D03_LONG_SON,40GP,BALANCED,288,29,1,1,47,14,61,0,0,61,0,256,1.0261194029850744,LOW,4348119,0.08,REALITY_CALIBRATED_V2,PUBLIC_SCALE_PLUS_SYNTHETIC_PATTERN
2026-03-09,D03_LONG_SON,40HC,BALANCED,359,70,3,2,61,11,72,0,0,72,0,356,1.0514423076923078,LOW,4348119,0.08,REALITY_CALIBRATED_V2,PUBLIC_SCALE_PLUS_SYNTHETIC_PATTERN
2026-03-10,D01_PHU_MY,20GP,DEFICIT,0,99,5,5,68,21,89,0,0,89,0,10,0.7976352887676216,LOW,4348119,0.08,REALITY_CALIBRATED_V2,PUBLIC_SCALE_PLUS_SYNTHETIC_PATTERN
2026-03-10,D01_PHU_MY,40GP,SURPLUS,1074,94,4,4,55,28,83,0,0,83,0,1085,1.2831524303916944,LOW,4348119,0.08,REALITY_CALIBRATED_V2,PUBLIC_SCALE_PLUS_SYNTHETIC_PATTERN
2026-03-10,D01_PHU_MY,40HC,DEFICIT,10,75,3,3,57,24,81,0,0,81,0,4,0.8389720234222511,LOW,4348119,0.08,REALITY_CALIBRATED_V2,PUBLIC_SCALE_PLUS_SYNTHETIC_PATTERN
2026-03-10,D02_CAI_MEP,20GP,BALANCED,211,124,6,4,74,19,93,0,0,93,0,240,1.01956745623069,LOW,4348119,0.08,REALITY_CALIBRATED_V2,PUBLIC_SCALE_PLUS_SYNTHETIC_PATTERN
2026-03-10,D02_CAI_MEP,40GP,DEFICIT,0,58,3,2,46,14,60,0,0,57,3,0,0.7956777996070726,LOW,4348119,0.08,REALITY_CALIBRATED_V2,PUBLIC_SCALE_PLUS_SYNTHETIC_PATTERN
2026-03-10,D02_CAI_MEP,40HC,SURPLUS,1514,110,4,4,79,23,102,0,0,102,0,1522,1.2718279569892472,LOW,4348119,0.08,REALITY_CALIBRATED_V2,PUBLIC_SCALE_PLUS_SYNTHETIC_PATTERN
2026-03-10,D03_LONG_SON,20GP,SURPLUS,1397,109,5,6,89,10,99,0,0,99,0,1408,1.2269353128313891,LOW,4348119,0.08,REALITY_CALIBRATED_V2,PUBLIC_SCALE_PLUS_SYNTHETIC_PATTERN
2026-03-10,D03_LONG_SON,40GP,BALANCED,256,54,2,1,44,14,58,0,0,58,0,251,1.0261194029850744,LOW,4348119,0.08,REALITY_CALIBRATED_V2,PUBLIC_SCALE_PLUS_SYNTHETIC_PATTERN
2026-03-10,D03_LONG_SON,40HC,BALANCED,356,67,3,3,78,14,92,0,0,92,0,331,1.0514423076923078,LOW,4348119,0.08,REALITY_CALIBRATED_V2,PUBLIC_SCALE_PLUS_SYNTHETIC_PATTERN
2026-03-11,D01_PHU_MY,20GP,DEFICIT,10,61,3,5,72,37,109,0,0,73,36,0,0.7976352887676216,LOW,4348119,0.08,REALITY_CALIBRATED_V2,PUBLIC_SCALE_PLUS_SYNTHETIC_PATTERN
2026-03-11,D01_PHU_MY,40GP,SURPLUS,1085,68,3,4,45,6,51,0,0,51,0,1103,1.2831524303916944,LOW,4348119,0.08,REALITY_CALIBRATED_V2,PUBLIC_SCALE_PLUS_SYNTHETIC_PATTERN
2026-03-11,D01_PHU_MY,40HC,DEFICIT,4,64,3,3,39,18,57,0,0,57,0,11,0.8389720234222511,LOW,4348119,0.08,REALITY_CALIBRATED_V2,PUBLIC_SCALE_PLUS_SYNTHETIC_PATTERN
2026-03-11,D02_CAI_MEP,20GP,BALANCED,240,104,5,6,85,19,104,0,0,104,0,241,1.01956745623069,LOW,4348119,0.08,REALITY_CALIBRATED_V2,PUBLIC_SCALE_PLUS_SYNTHETIC_PATTERN
2026-03-11,D02_CAI_MEP,40GP,DEFICIT,0,50,2,3,49,9,58,0,0,51,7,0,0.7956777996070726,LOW,4348119,0.08,REALITY_CALIBRATED_V2,PUBLIC_SCALE_PLUS_SYNTHETIC_PATTERN
2026-03-11,D02_CAI_MEP,40HC,SURPLUS,1522,76,3,4,46,12,58,0,0,58,0,1541,1.2718279569892472,LOW,4348119,0.08,REALITY_CALIBRATED_V2,PUBLIC_SCALE_PLUS_SYNTHETIC_PATTERN
2026-03-11,D03_LONG_SON,20GP,SURPLUS,1408,78,4,5,62,27,89,0,0,89,0,1398,1.2269353128313891,LOW,4348119,0.08,REALITY_CALIBRATED_V2,PUBLIC_SCALE_PLUS_SYNTHETIC_PATTERN
2026-03-11,D03_LONG_SON,40GP,BALANCED,251,61,3,2,29,14,43,0,0,43,0,268,1.0261194029850744,LOW,4348119,0.08,REALITY_CALIBRATED_V2,PUBLIC_SCALE_PLUS_SYNTHETIC_PATTERN
2026-03-11,D03_LONG_SON,40HC,BALANCED,331,95,4,3,42,14,56,0,0,56,0,369,1.0514423076923078,LOW,4348119,0.08,REALITY_CALIBRATED_V2,PUBLIC_SCALE_PLUS_SYNTHETIC_PATTERN
2026-03-12,D01_PHU_MY,20GP,DEFICIT,0,75,4,3,99,34,133,0,0,74,59,0,0.7976352887676216,LOW,4348119,0.08,REALITY_CALIBRATED_V2,PUBLIC_SCALE_PLUS_SYNTHETIC_PATTERN
2026-03-12,D01_PHU_MY,40GP,SURPLUS,1103,87,4,3,57,13,70,0,0,70,0,1119,1.2831524303916944,LOW,4348119,0.08,REALITY_CALIBRATED_V2,PUBLIC_SCALE_PLUS_SYNTHETIC_PATTERN
2026-03-12,D01_PHU_MY,40HC,DEFICIT,11,86,3,3,79,11,90,0,0,90,0,7,0.8389720234222511,LOW,4348119,0.08,REALITY_CALIBRATED_V2,PUBLIC_SCALE_PLUS_SYNTHETIC_PATTERN
2026-03-12,D02_CAI_MEP,20GP,BALANCED,241,135,7,5,73,12,85,0,0,85,0,289,1.01956745623069,LOW,4348119,0.08,REALITY_CALIBRATED_V2,PUBLIC_SCALE_PLUS_SYNTHETIC_PATTERN
2026-03-12,D02_CAI_MEP,40GP,DEFICIT,0,50,2,2,28,16,44,0,0,44,0,6,0.7956777996070726,LOW,4348119,0.08,REALITY_CALIBRATED_V2,PUBLIC_SCALE_PLUS_SYNTHETIC_PATTERN
2026-03-12,D02_CAI_MEP,40HC,SURPLUS,1541,137,5,3,55,23,78,0,0,78,0,1598,1.2718279569892472,LOW,4348119,0.08,REALITY_CALIBRATED_V2,PUBLIC_SCALE_PLUS_SYNTHETIC_PATTERN
2026-03-12,D03_LONG_SON,20GP,SURPLUS,1398,130,6,4,89,20,109,0,0,109,0,1417,1.2269353128313891,LOW,4348119,0.08,REALITY_CALIBRATED_V2,PUBLIC_SCALE_PLUS_SYNTHETIC_PATTERN
2026-03-12,D03_LONG_SON,40GP,BALANCED,268,45,2,3,29,11,40,0,0,40,0,274,1.0261194029850744,LOW,4348119,0.08,REALITY_CALIBRATED_V2,PUBLIC_SCALE_PLUS_SYNTHETIC_PATTERN
2026-03-12,D03_LONG_SON,40HC,BALANCED,369,103,4,4,47,20,67,0,0,67,0,405,1.0514423076923078,LOW,4348119,0.08,REALITY_CALIBRATED_V2,PUBLIC_SCALE_PLUS_SYNTHETIC_PATTERN
2026-03-13,D01_PHU_MY,20GP,DEFICIT,0,75,4,4,116,27,143,0,0,75,68,0,0.7976352887676216,LOW,4348119,0.08,REALITY_CALIBRATED_V2,PUBLIC_SCALE_PLUS_SYNTHETIC_PATTERN
2026-03-13,D01_PHU_MY,40GP,SURPLUS,1119,62,3,4,46,11,57,0,0,57,0,1125,1.2831524303916944,LOW,4348119,0.08,REALITY_CALIBRATED_V2,PUBLIC_SCALE_PLUS_SYNTHETIC_PATTERN
2026-03-13,D01_PHU_MY,40HC,DEFICIT,7,79,3,3,72,20,92,0,0,86,6,0,0.8389720234222511,LOW,4348119,0.08,REALITY_CALIBRATED_V2,PUBLIC_SCALE_PLUS_SYNTHETIC_PATTERN
2026-03-13,D02_CAI_MEP,20GP,BALANCED,289,97,5,7,58,31,89,0,0,89,0,299,1.01956745623069,LOW,4348119,0.08,REALITY_CALIBRATED_V2,PUBLIC_SCALE_PLUS_SYNTHETIC_PATTERN
2026-03-13,D02_CAI_MEP,40GP,DEFICIT,6,42,2,2,46,5,51,0,0,48,3,0,0.7956777996070726,LOW,4348119,0.08,REALITY_CALIBRATED_V2,PUBLIC_SCALE_PLUS_SYNTHETIC_PATTERN
2026-03-13,D02_CAI_MEP,40HC,SURPLUS,1598,105,4,5,58,18,76,0,0,76,0,1628,1.2718279569892472,LOW,4348119,0.08,REALITY_CALIBRATED_V2,PUBLIC_SCALE_PLUS_SYNTHETIC_PATTERN
2026-03-13,D03_LONG_SON,20GP,SURPLUS,1417,109,5,6,51,24,75,0,0,75,0,1452,1.2269353128313891,LOW,4348119,0.08,REALITY_CALIBRATED_V2,PUBLIC_SCALE_PLUS_SYNTHETIC_PATTERN
2026-03-13,D03_LONG_SON,40GP,BALANCED,274,61,3,2,51,23,74,0,0,74,0,260,1.0261194029850744,LOW,4348119,0.08,REALITY_CALIBRATED_V2,PUBLIC_SCALE_PLUS_SYNTHETIC_PATTERN
2026-03-13,D03_LONG_SON,40HC,BALANCED,405,70,3,4,39,17,56,0,0,56,0,420,1.0514423076923078,LOW,4348119,0.08,REALITY_CALIBRATED_V2,PUBLIC_SCALE_PLUS_SYNTHETIC_PATTERN
2026-03-14,D01_PHU_MY,20GP,DEFICIT,0,68,3,4,55,27,82,0,0,69,13,0,0.7976352887676216,LOW,4348119,0.08,REALITY_CALIBRATED_V2,PUBLIC_SCALE_PLUS_SYNTHETIC_PATTERN
2026-03-14,D01_PHU_MY,40GP,SURPLUS,1125,72,3,3,32,11,43,0,0,43,0,1154,1.2831524303916944,LOW,4348119,0.08,REALITY_CALIBRATED_V2,PUBLIC_SCALE_PLUS_SYNTHETIC_PATTERN
2026-03-14,D01_PHU_MY,40HC,DEFICIT,0,62,2,3,53,22,75,0,0,63,12,0,0.8389720234222511,LOW,4348119,0.08,REALITY_CALIBRATED_V2,PUBLIC_SCALE_PLUS_SYNTHETIC_PATTERN
2026-03-14,D02_CAI_MEP,20GP,BALANCED,299,93,5,5,58,8,66,0,0,66,0,326,1.01956745623069,LOW,4348119,0.08,REALITY_CALIBRATED_V2,PUBLIC_SCALE_PLUS_SYNTHETIC_PATTERN
2026-03-14,D02_CAI_MEP,40GP,DEFICIT,0,48,2,2,45,12,57,0,0,48,9,0,0.7956777996070726,LOW,4348119,0.08,REALITY_CALIBRATED_V2,PUBLIC_SCALE_PLUS_SYNTHETIC_PATTERN
2026-03-14,D02_CAI_MEP,40HC,SURPLUS,1628,70,3,4,58,20,78,0,0,78,0,1621,1.2718279569892472,LOW,4348119,0.08,REALITY_CALIBRATED_V2,PUBLIC_SCALE_PLUS_SYNTHETIC_PATTERN
2026-03-14,D03_LONG_SON,20GP,SURPLUS,1452,89,4,5,48,7,55,0,0,55,0,1487,1.2269353128313891,LOW,4348119,0.08,REALITY_CALIBRATED_V2,PUBLIC_SCALE_PLUS_SYNTHETIC_PATTERN
2026-03-14,D03_LONG_SON,40GP,BALANCED,260,47,2,3,36,9,45,0,0,45,0,263,1.0261194029850744,LOW,4348119,0.08,REALITY_CALIBRATED_V2,PUBLIC_SCALE_PLUS_SYNTHETIC_PATTERN
2026-03-14,D03_LONG_SON,40HC,BALANCED,420,70,3,3,42,22,64,0,0,64,0,426,1.0514423076923078,LOW,4348119,0.08,REALITY_CALIBRATED_V2,PUBLIC_SCALE_PLUS_SYNTHETIC_PATTERN
2026-03-15,D01_PHU_MY,20GP,DEFICIT,0,61,3,3,58,14,72,0,0,61,11,0,0.7976352887676216,LOW,4348119,0.08,REALITY_CALIBRATED_V2,PUBLIC_SCALE_PLUS_SYNTHETIC_PATTERN
2026-03-15,D01_PHU_MY,40GP,SURPLUS,1154,53,2,3,30,6,36,0,0,36,0,1172,1.2831524303916944,LOW,4348119,0.08,REALITY_CALIBRATED_V2,PUBLIC_SCALE_PLUS_SYNTHETIC_PATTERN
2026-03-15,D01_PHU_MY,40HC,DEFICIT,0,53,2,2,42,17,59,0,0,53,6,0,0.8389720234222511,LOW,4348119,0.08,REALITY_CALIBRATED_V2,PUBLIC_SCALE_PLUS_SYNTHETIC_PATTERN
2026-03-15,D02_CAI_MEP,20GP,BALANCED,326,62,3,5,43,19,62,0,0,62,0,328,1.01956745623069,LOW,4348119,0.08,REALITY_CALIBRATED_V2,PUBLIC_SCALE_PLUS_SYNTHETIC_PATTERN
2026-03-15,D02_CAI_MEP,40GP,DEFICIT,0,35,2,2,30,5,35,0,0,35,0,0,0.7956777996070726,LOW,4348119,0.08,REALITY_CALIBRATED_V2,PUBLIC_SCALE_PLUS_SYNTHETIC_PATTERN
2026-03-15,D02_CAI_MEP,40HC,SURPLUS,1621,73,3,3,44,20,64,0,0,64,0,1630,1.2718279569892472,LOW,4348119,0.08,REALITY_CALIBRATED_V2,PUBLIC_SCALE_PLUS_SYNTHETIC_PATTERN
2026-03-15,D03_LONG_SON,20GP,SURPLUS,1487,72,4,4,45,10,55,0,0,55,0,1504,1.2269353128313891,LOW,4348119,0.08,REALITY_CALIBRATED_V2,PUBLIC_SCALE_PLUS_SYNTHETIC_PATTERN
2026-03-15,D03_LONG_SON,40GP,BALANCED,263,36,2,2,27,9,36,0,0,36,0,263,1.0261194029850744,LOW,4348119,0.08,REALITY_CALIBRATED_V2,PUBLIC_SCALE_PLUS_SYNTHETIC_PATTERN
2026-03-15,D03_LONG_SON,40HC,BALANCED,426,39,2,3,44,14,58,0,0,58,0,408,1.0514423076923078,LOW,4348119,0.08,REALITY_CALIBRATED_V2,PUBLIC_SCALE_PLUS_SYNTHETIC_PATTERN
2026-03-16,D01_PHU_MY,20GP,DEFICIT,0,78,4,3,68,34,102,0,0,77,25,0,0.7976352887676216,LOW,4348119,0.08,REALITY_CALIBRATED_V2,PUBLIC_SCALE_PLUS_SYNTHETIC_PATTERN
2026-03-16,D01_PHU_MY,40GP,SURPLUS,1172,87,4,2,51,17,68,0,0,68,0,1189,1.2831524303916944,LOW,4348119,0.08,REALITY_CALIBRATED_V2,PUBLIC_SCALE_PLUS_SYNTHETIC_PATTERN
2026-03-16,D01_PHU_MY,40HC,DEFICIT,0,70,3,2,68,24,92,0,0,69,23,0,0.8389720234222511,LOW,4348119,0.08,REALITY_CALIBRATED_V2,PUBLIC_SCALE_PLUS_SYNTHETIC_PATTERN
2026-03-16,D02_CAI_MEP,20GP,BALANCED,328,77,4,3,58,27,85,0,0,85,0,319,1.01956745623069,LOW,4348119,0.08,REALITY_CALIBRATED_V2,PUBLIC_SCALE_PLUS_SYNTHETIC_PATTERN
2026-03-16,D02_CAI_MEP,40GP,DEFICIT,0,44,2,2,38,12,50,0,0,44,6,0,0.7956777996070726,LOW,4348119,0.08,REALITY_CALIBRATED_V2,PUBLIC_SCALE_PLUS_SYNTHETIC_PATTERN
2026-03-16,D02_CAI_MEP,40HC,SURPLUS,1630,113,5,3,67,32,99,0,0,99,0,1642,1.2718279569892472,LOW,4348119,0.08,REALITY_CALIBRATED_V2,PUBLIC_SCALE_PLUS_SYNTHETIC_PATTERN
2026-03-16,D03_LONG_SON,20GP,SURPLUS,1504,89,4,4,95,14,109,0,0,109,0,1484,1.2269353128313891,LOW,4348119,0.08,REALITY_CALIBRATED_V2,PUBLIC_SCALE_PLUS_SYNTHETIC_PATTERN
2026-03-16,D03_LONG_SON,40GP,BALANCED,263,52,2,2,45,13,58,0,0,58,0,257,1.0261194029850744,LOW,4348119,0.08,REALITY_CALIBRATED_V2,PUBLIC_SCALE_PLUS_SYNTHETIC_PATTERN
2026-03-16,D03_LONG_SON,40HC,BALANCED,408,64,3,2,45,19,64,0,0,64,0,407,1.0514423076923078,LOW,4348119,0.08,REALITY_CALIBRATED_V2,PUBLIC_SCALE_PLUS_SYNTHETIC_PATTERN
2026-03-17,D01_PHU_MY,20GP,DEFICIT,0,75,4,4,96,20,116,0,0,75,41,0,0.7976352887676216,LOW,4348119,0.08,REALITY_CALIBRATED_V2,PUBLIC_SCALE_PLUS_SYNTHETIC_PATTERN
2026-03-17,D01_PHU_MY,40GP,SURPLUS,1189,43,2,4,22,6,28,0,0,28,0,1206,1.2831524303916944,LOW,4348119,0.08,REALITY_CALIBRATED_V2,PUBLIC_SCALE_PLUS_SYNTHETIC_PATTERN
2026-03-17,D01_PHU_MY,40HC,DEFICIT,0,64,3,3,55,24,79,0,0,64,15,0,0.8389720234222511,LOW,4348119,0.08,REALITY_CALIBRATED_V2,PUBLIC_SCALE_PLUS_SYNTHETIC_PATTERN
2026-03-17,D02_CAI_MEP,20GP,BALANCED,319,100,5,4,66,19,85,0,0,85,0,333,1.01956745623069,LOW,4348119,0.08,REALITY_CALIBRATED_V2,PUBLIC_SCALE_PLUS_SYNTHETIC_PATTERN
2026-03-17,D02_CAI_MEP,40GP,DEFICIT,0,32,1,2,46,19,65,0,0,33,32,0,0.7956777996070726,LOW,4348119,0.08,REALITY_CALIBRATED_V2,PUBLIC_SCALE_PLUS_SYNTHETIC_PATTERN
2026-03-17,D02_CAI_MEP,40HC,SURPLUS,1642,102,4,5,58,12,70,0,0,70,0,1675,1.2718279569892472,LOW,4348119,0.08,REALITY_CALIBRATED_V2,PUBLIC_SCALE_PLUS_SYNTHETIC_PATTERN
2026-03-17,D03_LONG_SON,20GP,SURPLUS,1484,82,4,4,75,17,92,0,0,92,0,1474,1.2269353128313891,LOW,4348119,0.08,REALITY_CALIBRATED_V2,PUBLIC_SCALE_PLUS_SYNTHETIC_PATTERN
2026-03-17,D03_LONG_SON,40GP,BALANCED,257,41,2,2,36,9,45,0,0,45,0,253,1.0261194029850744,LOW,4348119,0.08,REALITY_CALIBRATED_V2,PUBLIC_SCALE_PLUS_SYNTHETIC_PATTERN
2026-03-17,D03_LONG_SON,40HC,BALANCED,407,64,3,3,50,22,72,0,0,72,0,399,1.0514423076923078,LOW,4348119,0.08,REALITY_CALIBRATED_V2,PUBLIC_SCALE_PLUS_SYNTHETIC_PATTERN
2026-03-18,D01_PHU_MY,20GP,DEFICIT,0,48,2,4,75,10,85,0,0,50,35,0,0.7976352887676216,LOW,4348119,0.08,REALITY_CALIBRATED_V2,PUBLIC_SCALE_PLUS_SYNTHETIC_PATTERN
2026-03-18,D01_PHU_MY,40GP,SURPLUS,1206,60,3,2,56,6,62,0,0,62,0,1203,1.2831524303916944,LOW,4348119,0.08,REALITY_CALIBRATED_V2,PUBLIC_SCALE_PLUS_SYNTHETIC_PATTERN
2026-03-18,D01_PHU_MY,40HC,DEFICIT,0,68,3,3,57,26,83,0,0,68,15,0,0.8389720234222511,LOW,4348119,0.08,REALITY_CALIBRATED_V2,PUBLIC_SCALE_PLUS_SYNTHETIC_PATTERN
2026-03-18,D02_CAI_MEP,20GP,BALANCED,333,89,4,5,46,8,54,0,0,54,0,369,1.01956745623069,LOW,4348119,0.08,REALITY_CALIBRATED_V2,PUBLIC_SCALE_PLUS_SYNTHETIC_PATTERN
2026-03-18,D02_CAI_MEP,40GP,DEFICIT,0,46,2,1,37,16,53,0,0,45,8,0,0.7956777996070726,LOW,4348119,0.08,REALITY_CALIBRATED_V2,PUBLIC_SCALE_PLUS_SYNTHETIC_PATTERN
2026-03-18,D02_CAI_MEP,40HC,SURPLUS,1675,99,4,4,40,12,52,0,0,52,0,1722,1.2718279569892472,LOW,4348119,0.08,REALITY_CALIBRATED_V2,PUBLIC_SCALE_PLUS_SYNTHETIC_PATTERN
2026-03-18,D03_LONG_SON,20GP,SURPLUS,1474,82,4,4,51,21,72,0,0,72,0,1484,1.2269353128313891,LOW,4348119,0.08,REALITY_CALIBRATED_V2,PUBLIC_SCALE_PLUS_SYNTHETIC_PATTERN
2026-03-18,D03_LONG_SON,40GP,BALANCED,253,41,2,2,27,4,31,0,0,31,0,263,1.0261194029850744,LOW,4348119,0.08,REALITY_CALIBRATED_V2,PUBLIC_SCALE_PLUS_SYNTHETIC_PATTERN
2026-03-18,D03_LONG_SON,40HC,BALANCED,399,56,2,3,50,25,75,0,0,75,0,381,1.0514423076923078,LOW,4348119,0.08,REALITY_CALIBRATED_V2,PUBLIC_SCALE_PLUS_SYNTHETIC_PATTERN
2026-03-19,D01_PHU_MY,20GP,DEFICIT,0,106,5,2,75,24,99,0,0,99,0,4,0.7976352887676216,LOW,4348119,0.08,REALITY_CALIBRATED_V2,PUBLIC_SCALE_PLUS_SYNTHETIC_PATTERN
2026-03-19,D01_PHU_MY,40GP,SURPLUS,1203,87,4,3,30,15,45,0,0,45,0,1244,1.2831524303916944,LOW,4348119,0.08,REALITY_CALIBRATED_V2,PUBLIC_SCALE_PLUS_SYNTHETIC_PATTERN
2026-03-19,D01_PHU_MY,40HC,DEFICIT,0,99,4,3,77,20,97,0,0,97,0,1,0.8389720234222511,LOW,4348119,0.08,REALITY_CALIBRATED_V2,PUBLIC_SCALE_PLUS_SYNTHETIC_PATTERN
2026-03-19,D02_CAI_MEP,20GP,BALANCED,369,81,4,4,85,15,100,0,0,100,0,350,1.01956745623069,LOW,4348119,0.08,REALITY_CALIBRATED_V2,PUBLIC_SCALE_PLUS_SYNTHETIC_PATTERN
2026-03-19,D02_CAI_MEP,40GP,DEFICIT,0,50,2,2,37,18,55,0,0,50,5,0,0.7956777996070726,LOW,4348119,0.08,REALITY_CALIBRATED_V2,PUBLIC_SCALE_PLUS_SYNTHETIC_PATTERN
2026-03-19,D02_CAI_MEP,40HC,SURPLUS,1722,93,4,4,55,26,81,0,0,81,0,1734,1.2718279569892472,LOW,4348119,0.08,REALITY_CALIBRATED_V2,PUBLIC_SCALE_PLUS_SYNTHETIC_PATTERN
2026-03-19,D03_LONG_SON,20GP,SURPLUS,1484,92,5,4,58,14,72,0,0,72,0,1503,1.2269353128313891,LOW,4348119,0.08,REALITY_CALIBRATED_V2,PUBLIC_SCALE_PLUS_SYNTHETIC_PATTERN
2026-03-19,D03_LONG_SON,40GP,BALANCED,263,31,1,2,40,5,45,0,0,45,0,250,1.0261194029850744,LOW,4348119,0.08,REALITY_CALIBRATED_V2,PUBLIC_SCALE_PLUS_SYNTHETIC_PATTERN
2026-03-19,D03_LONG_SON,40HC,BALANCED,381,33,1,2,42,11,53,0,0,53,0,362,1.0514423076923078,LOW,4348119,0.08,REALITY_CALIBRATED_V2,PUBLIC_SCALE_PLUS_SYNTHETIC_PATTERN
2026-03-20,D01_PHU_MY,20GP,DEFICIT,4,96,5,5,51,14,65,0,0,65,0,35,0.7976352887676216,LOW,4348119,0.08,REALITY_CALIBRATED_V2,PUBLIC_SCALE_PLUS_SYNTHETIC_PATTERN
2026-03-20,D01_PHU_MY,40GP,SURPLUS,1244,89,4,4,34,13,47,0,0,47,0,1286,1.2831524303916944,LOW,4348119,0.08,REALITY_CALIBRATED_V2,PUBLIC_SCALE_PLUS_SYNTHETIC_PATTERN
2026-03-20,D01_PHU_MY,40HC,DEFICIT,1,88,4,4,64,13,77,0,0,77,0,12,0.8389720234222511,LOW,4348119,0.08,REALITY_CALIBRATED_V2,PUBLIC_SCALE_PLUS_SYNTHETIC_PATTERN
2026-03-20,D02_CAI_MEP,20GP,BALANCED,350,66,3,4,69,12,81,0,0,81,0,336,1.01956745623069,LOW,4348119,0.08,REALITY_CALIBRATED_V2,PUBLIC_SCALE_PLUS_SYNTHETIC_PATTERN
2026-03-20,D02_CAI_MEP,40GP,DEFICIT,0,23,1,2,38,12,50,0,0,24,26,0,0.7956777996070726,LOW,4348119,0.08,REALITY_CALIBRATED_V2,PUBLIC_SCALE_PLUS_SYNTHETIC_PATTERN
2026-03-20,D02_CAI_MEP,40HC,SURPLUS,1734,113,5,4,64,20,84,0,0,84,0,1762,1.2718279569892472,LOW,4348119,0.08,REALITY_CALIBRATED_V2,PUBLIC_SCALE_PLUS_SYNTHETIC_PATTERN
2026-03-20,D03_LONG_SON,20GP,SURPLUS,1503,99,5,5,71,7,78,0,0,78,0,1524,1.2269353128313891,LOW,4348119,0.08,REALITY_CALIBRATED_V2,PUBLIC_SCALE_PLUS_SYNTHETIC_PATTERN
2026-03-20,D03_LONG_SON,40GP,BALANCED,250,54,2,1,29,11,40,0,0,40,0,263,1.0261194029850744,LOW,4348119,0.08,REALITY_CALIBRATED_V2,PUBLIC_SCALE_PLUS_SYNTHETIC_PATTERN
2026-03-20,D03_LONG_SON,40HC,BALANCED,362,75,3,1,47,11,58,0,0,58,0,377,1.0514423076923078,LOW,4348119,0.08,REALITY_CALIBRATED_V2,PUBLIC_SCALE_PLUS_SYNTHETIC_PATTERN
2026-03-21,D01_PHU_MY,20GP,DEFICIT,35,44,2,5,64,14,78,0,0,78,0,4,0.7976352887676216,LOW,4348119,0.08,REALITY_CALIBRATED_V2,PUBLIC_SCALE_PLUS_SYNTHETIC_PATTERN
2026-03-21,D01_PHU_MY,40GP,SURPLUS,1286,40,2,4,23,13,36,0,0,36,0,1292,1.2831524303916944,LOW,4348119,0.08,REALITY_CALIBRATED_V2,PUBLIC_SCALE_PLUS_SYNTHETIC_PATTERN
2026-03-21,D01_PHU_MY,40HC,DEFICIT,12,40,2,4,44,22,66,0,0,54,12,0,0.8389720234222511,LOW,4348119,0.08,REALITY_CALIBRATED_V2,PUBLIC_SCALE_PLUS_SYNTHETIC_PATTERN
2026-03-21,D02_CAI_MEP,20GP,BALANCED,336,112,6,3,81,27,108,0,0,108,0,337,1.01956745623069,LOW,4348119,0.08,REALITY_CALIBRATED_V2,PUBLIC_SCALE_PLUS_SYNTHETIC_PATTERN
2026-03-21,D02_CAI_MEP,40GP,DEFICIT,0,37,2,1,35,7,42,0,0,36,6,0,0.7956777996070726,LOW,4348119,0.08,REALITY_CALIBRATED_V2,PUBLIC_SCALE_PLUS_SYNTHETIC_PATTERN
2026-03-21,D02_CAI_MEP,40HC,SURPLUS,1762,81,3,5,55,9,64,0,0,64,0,1781,1.2718279569892472,LOW,4348119,0.08,REALITY_CALIBRATED_V2,PUBLIC_SCALE_PLUS_SYNTHETIC_PATTERN
2026-03-21,D03_LONG_SON,20GP,SURPLUS,1524,78,4,5,48,10,58,0,0,58,0,1545,1.2269353128313891,LOW,4348119,0.08,REALITY_CALIBRATED_V2,PUBLIC_SCALE_PLUS_SYNTHETIC_PATTERN
2026-03-21,D03_LONG_SON,40GP,BALANCED,263,34,2,2,36,14,50,0,0,50,0,247,1.0261194029850744,LOW,4348119,0.08,REALITY_CALIBRATED_V2,PUBLIC_SCALE_PLUS_SYNTHETIC_PATTERN
2026-03-21,D03_LONG_SON,40HC,BALANCED,377,70,3,3,56,11,67,0,0,67,0,380,1.0514423076923078,LOW,4348119,0.08,REALITY_CALIBRATED_V2,PUBLIC_SCALE_PLUS_SYNTHETIC_PATTERN
2026-03-22,D01_PHU_MY,20GP,DEFICIT,4,41,2,2,41,17,58,0,0,45,13,0,0.7976352887676216,LOW,4348119,0.08,REALITY_CALIBRATED_V2,PUBLIC_SCALE_PLUS_SYNTHETIC_PATTERN
2026-03-22,D01_PHU_MY,40GP,SURPLUS,1292,43,2,2,30,8,38,0,0,38,0,1297,1.2831524303916944,LOW,4348119,0.08,REALITY_CALIBRATED_V2,PUBLIC_SCALE_PLUS_SYNTHETIC_PATTERN
2026-03-22,D01_PHU_MY,40HC,DEFICIT,0,51,2,2,44,9,53,0,0,51,2,0,0.8389720234222511,LOW,4348119,0.08,REALITY_CALIBRATED_V2,PUBLIC_SCALE_PLUS_SYNTHETIC_PATTERN
2026-03-22,D02_CAI_MEP,20GP,BALANCED,337,35,2,6,31,15,46,0,0,46,0,330,1.01956745623069,LOW,4348119,0.08,REALITY_CALIBRATED_V2,PUBLIC_SCALE_PLUS_SYNTHETIC_PATTERN
2026-03-22,D02_CAI_MEP,40GP,DEFICIT,0,18,1,2,32,14,46,0,0,19,27,0,0.7956777996070726,LOW,4348119,0.08,REALITY_CALIBRATED_V2,PUBLIC_SCALE_PLUS_SYNTHETIC_PATTERN
2026-03-22,D02_CAI_MEP,40HC,SURPLUS,1781,78,3,3,49,12,61,0,0,61,0,1798,1.2718279569892472,LOW,4348119,0.08,REALITY_CALIBRATED_V2,PUBLIC_SCALE_PLUS_SYNTHETIC_PATTERN
2026-03-22,D03_LONG_SON,20GP,SURPLUS,1545,65,3,4,34,14,48,0,0,48,0,1563,1.2269353128313891,LOW,4348119,0.08,REALITY_CALIBRATED_V2,PUBLIC_SCALE_PLUS_SYNTHETIC_PATTERN
2026-03-22,D03_LONG_SON,40GP,BALANCED,247,32,1,2,20,9,29,0,0,29,0,251,1.0261194029850744,LOW,4348119,0.08,REALITY_CALIBRATED_V2,PUBLIC_SCALE_PLUS_SYNTHETIC_PATTERN
2026-03-22,D03_LONG_SON,40HC,BALANCED,380,42,2,3,22,11,33,0,0,33,0,390,1.0514423076923078,LOW,4348119,0.08,REALITY_CALIBRATED_V2,PUBLIC_SCALE_PLUS_SYNTHETIC_PATTERN
2026-03-23,D01_PHU_MY,20GP,DEFICIT,0,61,3,2,61,7,68,0,0,60,8,0,0.7976352887676216,LOW,4348119,0.08,REALITY_CALIBRATED_V2,PUBLIC_SCALE_PLUS_SYNTHETIC_PATTERN
2026-03-23,D01_PHU_MY,40GP,SURPLUS,1297,62,3,2,36,4,40,0,0,40,0,1318,1.2831524303916944,LOW,4348119,0.08,REALITY_CALIBRATED_V2,PUBLIC_SCALE_PLUS_SYNTHETIC_PATTERN
2026-03-23,D01_PHU_MY,40HC,DEFICIT,0,59,2,2,64,9,73,0,0,59,14,0,0.8389720234222511,LOW,4348119,0.08,REALITY_CALIBRATED_V2,PUBLIC_SCALE_PLUS_SYNTHETIC_PATTERN
2026-03-23,D02_CAI_MEP,20GP,BALANCED,330,62,3,2,61,12,73,0,0,73,0,318,1.01956745623069,LOW,4348119,0.08,REALITY_CALIBRATED_V2,PUBLIC_SCALE_PLUS_SYNTHETIC_PATTERN
2026-03-23,D02_CAI_MEP,40GP,DEFICIT,0,44,2,1,44,11,55,0,0,43,12,0,0.7956777996070726,LOW,4348119,0.08,REALITY_CALIBRATED_V2,PUBLIC_SCALE_PLUS_SYNTHETIC_PATTERN
2026-03-23,D02_CAI_MEP,40HC,SURPLUS,1798,105,4,3,46,15,61,0,0,61,0,1841,1.2718279569892472,LOW,4348119,0.08,REALITY_CALIBRATED_V2,PUBLIC_SCALE_PLUS_SYNTHETIC_PATTERN
2026-03-23,D03_LONG_SON,20GP,SURPLUS,1563,65,3,3,48,20,68,0,0,68,0,1560,1.2269353128313891,LOW,4348119,0.08,REALITY_CALIBRATED_V2,PUBLIC_SCALE_PLUS_SYNTHETIC_PATTERN
2026-03-23,D03_LONG_SON,40GP,BALANCED,251,36,2,1,49,7,56,0,0,56,0,230,1.0261194029850744,LOW,4348119,0.08,REALITY_CALIBRATED_V2,PUBLIC_SCALE_PLUS_SYNTHETIC_PATTERN
2026-03-23,D03_LONG_SON,40HC,BALANCED,390,67,3,2,41,6,47,0,0,47,0,409,1.0514423076923078,LOW,4348119,0.08,REALITY_CALIBRATED_V2,PUBLIC_SCALE_PLUS_SYNTHETIC_PATTERN
2026-03-24,D01_PHU_MY,20GP,DEFICIT,0,58,3,3,55,10,65,0,0,58,7,0,0.7976352887676216,LOW,4348119,0.08,REALITY_CALIBRATED_V2,PUBLIC_SCALE_PLUS_SYNTHETIC_PATTERN
2026-03-24,D01_PHU_MY,40GP,SURPLUS,1318,70,3,3,32,4,36,0,0,36,0,1352,1.2831524303916944,LOW,4348119,0.08,REALITY_CALIBRATED_V2,PUBLIC_SCALE_PLUS_SYNTHETIC_PATTERN
2026-03-24,D01_PHU_MY,40HC,DEFICIT,0,48,2,2,63,7,70,0,0,48,22,0,0.8389720234222511,LOW,4348119,0.08,REALITY_CALIBRATED_V2,PUBLIC_SCALE_PLUS_SYNTHETIC_PATTERN
2026-03-24,D02_CAI_MEP,20GP,BALANCED,318,97,5,3,77,12,89,0,0,89,0,324,1.01956745623069,LOW,4348119,0.08,REALITY_CALIBRATED_V2,PUBLIC_SCALE_PLUS_SYNTHETIC_PATTERN
2026-03-24,D02_CAI_MEP,40GP,DEFICIT,0,37,2,2,41,5,46,0,0,37,9,0,0.7956777996070726,LOW,4348119,0.08,REALITY_CALIBRATED_V2,PUBLIC_SCALE_PLUS_SYNTHETIC_PATTERN
2026-03-24,D02_CAI_MEP,40HC,SURPLUS,1841,78,3,4,43,6,49,0,0,49,0,1871,1.2718279569892472,LOW,4348119,0.08,REALITY_CALIBRATED_V2,PUBLIC_SCALE_PLUS_SYNTHETIC_PATTERN
2026-03-24,D03_LONG_SON,20GP,SURPLUS,1560,92,5,3,82,17,99,0,0,99,0,1551,1.2269353128313891,LOW,4348119,0.08,REALITY_CALIBRATED_V2,PUBLIC_SCALE_PLUS_SYNTHETIC_PATTERN
2026-03-24,D03_LONG_SON,40GP,BALANCED,230,45,2,2,29,14,43,0,0,43,0,232,1.0261194029850744,LOW,4348119,0.08,REALITY_CALIBRATED_V2,PUBLIC_SCALE_PLUS_SYNTHETIC_PATTERN
2026-03-24,D03_LONG_SON,40HC,BALANCED,409,53,2,3,55,17,72,0,0,72,0,391,1.0514423076923078,LOW,4348119,0.08,REALITY_CALIBRATED_V2,PUBLIC_SCALE_PLUS_SYNTHETIC_PATTERN
2026-03-25,D01_PHU_MY,20GP,DEFICIT,0,61,3,3,61,14,75,0,0,61,14,0,0.7976352887676216,LOW,4348119,0.08,REALITY_CALIBRATED_V2,PUBLIC_SCALE_PLUS_SYNTHETIC_PATTERN
2026-03-25,D01_PHU_MY,40GP,SURPLUS,1352,43,2,3,51,17,68,0,0,68,0,1328,1.2831524303916944,LOW,4348119,0.08,REALITY_CALIBRATED_V2,PUBLIC_SCALE_PLUS_SYNTHETIC_PATTERN
2026-03-25,D01_PHU_MY,40HC,DEFICIT,0,90,4,2,48,22,70,0,0,70,0,18,0.8389720234222511,LOW,4348119,0.08,REALITY_CALIBRATED_V2,PUBLIC_SCALE_PLUS_SYNTHETIC_PATTERN
2026-03-25,D02_CAI_MEP,20GP,BALANCED,324,120,6,5,58,15,73,0,0,73,0,370,1.01956745623069,LOW,4348119,0.08,REALITY_CALIBRATED_V2,PUBLIC_SCALE_PLUS_SYNTHETIC_PATTERN
2026-03-25,D02_CAI_MEP,40GP,DEFICIT,0,50,2,2,23,9,32,0,0,32,0,18,0.7956777996070726,LOW,4348119,0.08,REALITY_CALIBRATED_V2,PUBLIC_SCALE_PLUS_SYNTHETIC_PATTERN
2026-03-25,D02_CAI_MEP,40HC,SURPLUS,1871,107,4,3,55,6,61,0,0,61,0,1916,1.2718279569892472,LOW,4348119,0.08,REALITY_CALIBRATED_V2,PUBLIC_SCALE_PLUS_SYNTHETIC_PATTERN
2026-03-25,D03_LONG_SON,20GP,SURPLUS,1551,106,5,5,44,21,65,0,0,65,0,1592,1.2269353128313891,LOW,4348119,0.08,REALITY_CALIBRATED_V2,PUBLIC_SCALE_PLUS_SYNTHETIC_PATTERN
2026-03-25,D03_LONG_SON,40GP,BALANCED,232,34,2,2,27,7,34,0,0,34,0,232,1.0261194029850744,LOW,4348119,0.08,REALITY_CALIBRATED_V2,PUBLIC_SCALE_PLUS_SYNTHETIC_PATTERN
2026-03-25,D03_LONG_SON,40HC,BALANCED,391,45,2,2,33,3,36,0,0,36,0,400,1.0514423076923078,LOW,4348119,0.08,REALITY_CALIBRATED_V2,PUBLIC_SCALE_PLUS_SYNTHETIC_PATTERN
2026-03-26,D01_PHU_MY,20GP,DEFICIT,0,85,4,3,61,14,75,0,0,75,0,9,0.7976352887676216,LOW,4348119,0.08,REALITY_CALIBRATED_V2,PUBLIC_SCALE_PLUS_SYNTHETIC_PATTERN
2026-03-26,D01_PHU_MY,40GP,SURPLUS,1328,87,4,2,25,13,38,0,0,38,0,1375,1.2831524303916944,LOW,4348119,0.08,REALITY_CALIBRATED_V2,PUBLIC_SCALE_PLUS_SYNTHETIC_PATTERN
2026-03-26,D01_PHU_MY,40HC,DEFICIT,18,53,2,4,42,22,64,0,0,64,0,9,0.8389720234222511,LOW,4348119,0.08,REALITY_CALIBRATED_V2,PUBLIC_SCALE_PLUS_SYNTHETIC_PATTERN
2026-03-26,D02_CAI_MEP,20GP,BALANCED,370,73,4,6,54,8,62,0,0,62,0,383,1.01956745623069,LOW,4348119,0.08,REALITY_CALIBRATED_V2,PUBLIC_SCALE_PLUS_SYNTHETIC_PATTERN
2026-03-26,D02_CAI_MEP,40GP,DEFICIT,18,35,2,2,41,14,55,0,0,53,2,0,0.7956777996070726,LOW,4348119,0.08,REALITY_CALIBRATED_V2,PUBLIC_SCALE_PLUS_SYNTHETIC_PATTERN
2026-03-26,D02_CAI_MEP,40HC,SURPLUS,1916,90,4,4,43,9,52,0,0,52,0,1954,1.2718279569892472,LOW,4348119,0.08,REALITY_CALIBRATED_V2,PUBLIC_SCALE_PLUS_SYNTHETIC_PATTERN
2026-03-26,D03_LONG_SON,20GP,SURPLUS,1592,92,5,5,48,17,65,0,0,65,0,1619,1.2269353128313891,LOW,4348119,0.08,REALITY_CALIBRATED_V2,PUBLIC_SCALE_PLUS_SYNTHETIC_PATTERN
2026-03-26,D03_LONG_SON,40GP,BALANCED,232,43,2,2,34,18,52,0,0,52,0,223,1.0261194029850744,LOW,4348119,0.08,REALITY_CALIBRATED_V2,PUBLIC_SCALE_PLUS_SYNTHETIC_PATTERN
2026-03-26,D03_LONG_SON,40HC,BALANCED,400,86,3,2,39,8,47,0,0,47,0,438,1.0514423076923078,LOW,4348119,0.08,REALITY_CALIBRATED_V2,PUBLIC_SCALE_PLUS_SYNTHETIC_PATTERN
2026-03-27,D01_PHU_MY,20GP,DEFICIT,9,58,3,4,45,10,55,0,0,55,0,13,0.7976352887676216,LOW,4348119,0.08,REALITY_CALIBRATED_V2,PUBLIC_SCALE_PLUS_SYNTHETIC_PATTERN
2026-03-27,D01_PHU_MY,40GP,SURPLUS,1375,49,2,4,26,4,30,0,0,30,0,1396,1.2831524303916944,LOW,4348119,0.08,REALITY_CALIBRATED_V2,PUBLIC_SCALE_PLUS_SYNTHETIC_PATTERN
2026-03-27,D01_PHU_MY,40HC,DEFICIT,9,59,2,2,42,20,62,0,0,62,0,6,0.8389720234222511,LOW,4348119,0.08,REALITY_CALIBRATED_V2,PUBLIC_SCALE_PLUS_SYNTHETIC_PATTERN
2026-03-27,D02_CAI_MEP,20GP,BALANCED,383,120,6,4,70,23,93,0,0,93,0,408,1.01956745623069,LOW,4348119,0.08,REALITY_CALIBRATED_V2,PUBLIC_SCALE_PLUS_SYNTHETIC_PATTERN
2026-03-27,D02_CAI_MEP,40GP,DEFICIT,0,46,2,2,39,14,53,0,0,46,7,0,0.7956777996070726,LOW,4348119,0.08,REALITY_CALIBRATED_V2,PUBLIC_SCALE_PLUS_SYNTHETIC_PATTERN
2026-03-27,D02_CAI_MEP,40HC,SURPLUS,1954,119,5,4,84,12,96,0,0,96,0,1976,1.2718279569892472,LOW,4348119,0.08,REALITY_CALIBRATED_V2,PUBLIC_SCALE_PLUS_SYNTHETIC_PATTERN
2026-03-27,D03_LONG_SON,20GP,SURPLUS,1619,65,3,5,55,27,82,0,0,82,0,1604,1.2269353128313891,LOW,4348119,0.08,REALITY_CALIBRATED_V2,PUBLIC_SCALE_PLUS_SYNTHETIC_PATTERN
2026-03-27,D03_LONG_SON,40GP,BALANCED,223,49,2,2,23,9,32,0,0,32,0,240,1.0261194029850744,LOW,4348119,0.08,REALITY_CALIBRATED_V2,PUBLIC_SCALE_PLUS_SYNTHETIC_PATTERN
2026-03-27,D03_LONG_SON,40HC,BALANCED,438,67,3,3,47,14,61,0,0,61,0,444,1.0514423076923078,LOW,4348119,0.08,REALITY_CALIBRATED_V2,PUBLIC_SCALE_PLUS_SYNTHETIC_PATTERN
2026-03-28,D01_PHU_MY,20GP,DEFICIT,13,65,3,3,34,17,51,0,0,51,0,27,0.7976352887676216,LOW,4348119,0.08,REALITY_CALIBRATED_V2,PUBLIC_SCALE_PLUS_SYNTHETIC_PATTERN
2026-03-28,D01_PHU_MY,40GP,SURPLUS,1396,47,2,2,29,11,40,0,0,40,0,1403,1.2831524303916944,LOW,4348119,0.08,REALITY_CALIBRATED_V2,PUBLIC_SCALE_PLUS_SYNTHETIC_PATTERN
2026-03-28,D01_PHU_MY,40HC,DEFICIT,6,75,3,2,48,18,66,0,0,66,0,14,0.8389720234222511,LOW,4348119,0.08,REALITY_CALIBRATED_V2,PUBLIC_SCALE_PLUS_SYNTHETIC_PATTERN
2026-03-28,D02_CAI_MEP,20GP,BALANCED,408,85,4,6,50,16,66,0,0,66,0,429,1.01956745623069,LOW,4348119,0.08,REALITY_CALIBRATED_V2,PUBLIC_SCALE_PLUS_SYNTHETIC_PATTERN
2026-03-28,D02_CAI_MEP,40GP,DEFICIT,0,34,2,2,37,11,48,0,0,34,14,0,0.7956777996070726,LOW,4348119,0.08,REALITY_CALIBRATED_V2,PUBLIC_SCALE_PLUS_SYNTHETIC_PATTERN
2026-03-28,D02_CAI_MEP,40HC,SURPLUS,1976,78,3,5,46,9,55,0,0,55,0,2001,1.2718279569892472,LOW,4348119,0.08,REALITY_CALIBRATED_V2,PUBLIC_SCALE_PLUS_SYNTHETIC_PATTERN
2026-03-28,D03_LONG_SON,20GP,SURPLUS,1604,72,4,3,35,3,38,0,0,38,0,1637,1.2269353128313891,LOW,4348119,0.08,REALITY_CALIBRATED_V2,PUBLIC_SCALE_PLUS_SYNTHETIC_PATTERN
2026-03-28,D03_LONG_SON,40GP,BALANCED,240,27,1,2,33,16,49,0,0,49,0,219,1.0261194029850744,LOW,4348119,0.08,REALITY_CALIBRATED_V2,PUBLIC_SCALE_PLUS_SYNTHETIC_PATTERN
2026-03-28,D03_LONG_SON,40HC,BALANCED,444,78,3,3,39,6,45,0,0,45,0,477,1.0514423076923078,LOW,4348119,0.08,REALITY_CALIBRATED_V2,PUBLIC_SCALE_PLUS_SYNTHETIC_PATTERN
2026-03-29,D01_PHU_MY,20GP,DEFICIT,27,41,2,3,38,17,55,0,0,55,0,14,0.7976352887676216,LOW,4348119,0.08,REALITY_CALIBRATED_V2,PUBLIC_SCALE_PLUS_SYNTHETIC_PATTERN
2026-03-29,D01_PHU_MY,40GP,SURPLUS,1403,38,2,2,37,6,43,0,0,43,0,1398,1.2831524303916944,LOW,4348119,0.08,REALITY_CALIBRATED_V2,PUBLIC_SCALE_PLUS_SYNTHETIC_PATTERN
2026-03-29,D01_PHU_MY,40HC,DEFICIT,14,53,2,3,53,11,64,0,0,64,0,4,0.8389720234222511,LOW,4348119,0.08,REALITY_CALIBRATED_V2,PUBLIC_SCALE_PLUS_SYNTHETIC_PATTERN
2026-03-29,D02_CAI_MEP,20GP,BALANCED,429,39,2,4,43,15,58,0,0,58,0,412,1.01956745623069,LOW,4348119,0.08,REALITY_CALIBRATED_V2,PUBLIC_SCALE_PLUS_SYNTHETIC_PATTERN
2026-03-29,D02_CAI_MEP,40GP,DEFICIT,0,21,1,2,32,7,39,0,0,22,17,0,0.7956777996070726,LOW,4348119,0.08,REALITY_CALIBRATED_V2,PUBLIC_SCALE_PLUS_SYNTHETIC_PATTERN
2026-03-29,D02_CAI_MEP,40HC,SURPLUS,2001,55,2,3,55,6,61,0,0,61,0,1996,1.2718279569892472,LOW,4348119,0.08,REALITY_CALIBRATED_V2,PUBLIC_SCALE_PLUS_SYNTHETIC_PATTERN
2026-03-29,D03_LONG_SON,20GP,SURPLUS,1637,58,3,4,34,7,41,0,0,41,0,1655,1.2269353128313891,LOW,4348119,0.08,REALITY_CALIBRATED_V2,PUBLIC_SCALE_PLUS_SYNTHETIC_PATTERN
2026-03-29,D03_LONG_SON,40GP,BALANCED,219,38,2,1,18,4,22,0,0,22,0,234,1.0261194029850744,LOW,4348119,0.08,REALITY_CALIBRATED_V2,PUBLIC_SCALE_PLUS_SYNTHETIC_PATTERN
2026-03-29,D03_LONG_SON,40HC,BALANCED,477,33,1,3,39,19,58,0,0,58,0,454,1.0514423076923078,LOW,4348119,0.08,REALITY_CALIBRATED_V2,PUBLIC_SCALE_PLUS_SYNTHETIC_PATTERN
2026-03-30,D01_PHU_MY,20GP,DEFICIT,14,68,3,2,89,20,109,0,0,81,28,0,0.7976352887676216,LOW,4348119,0.08,REALITY_CALIBRATED_V2,PUBLIC_SCALE_PLUS_SYNTHETIC_PATTERN
2026-03-30,D01_PHU_MY,40GP,SURPLUS,1398,60,3,2,28,6,34,0,0,34,0,1423,1.2831524303916944,LOW,4348119,0.08,REALITY_CALIBRATED_V2,PUBLIC_SCALE_PLUS_SYNTHETIC_PATTERN
2026-03-30,D01_PHU_MY,40HC,DEFICIT,4,46,2,2,74,9,83,0,0,50,33,0,0.8389720234222511,LOW,4348119,0.08,REALITY_CALIBRATED_V2,PUBLIC_SCALE_PLUS_SYNTHETIC_PATTERN
2026-03-30,D02_CAI_MEP,20GP,BALANCED,412,66,3,2,47,23,70,0,0,70,0,407,1.01956745623069,LOW,4348119,0.08,REALITY_CALIBRATED_V2,PUBLIC_SCALE_PLUS_SYNTHETIC_PATTERN
2026-03-30,D02_CAI_MEP,40GP,DEFICIT,0,37,2,1,37,9,46,0,0,36,10,0,0.7956777996070726,LOW,4348119,0.08,REALITY_CALIBRATED_V2,PUBLIC_SCALE_PLUS_SYNTHETIC_PATTERN
2026-03-30,D02_CAI_MEP,40HC,SURPLUS,1996,119,5,2,61,12,73,0,0,73,0,2039,1.2718279569892472,LOW,4348119,0.08,REALITY_CALIBRATED_V2,PUBLIC_SCALE_PLUS_SYNTHETIC_PATTERN
2026-03-30,D03_LONG_SON,20GP,SURPLUS,1655,89,4,3,65,17,82,0,0,82,0,1661,1.2269353128313891,LOW,4348119,0.08,REALITY_CALIBRATED_V2,PUBLIC_SCALE_PLUS_SYNTHETIC_PATTERN
2026-03-30,D03_LONG_SON,40GP,BALANCED,234,29,1,2,25,7,32,0,0,32,0,232,1.0261194029850744,LOW,4348119,0.08,REALITY_CALIBRATED_V2,PUBLIC_SCALE_PLUS_SYNTHETIC_PATTERN
2026-03-30,D03_LONG_SON,40HC,BALANCED,454,61,2,1,50,8,58,0,0,58,0,456,1.0514423076923078,LOW,4348119,0.08,REALITY_CALIBRATED_V2,PUBLIC_SCALE_PLUS_SYNTHETIC_PATTERN
2026-03-31,D01_PHU_MY,20GP,DEFICIT,0,44,2,3,65,34,99,0,0,45,54,0,0.7976352887676216,LOW,4348119,0.08,REALITY_CALIBRATED_V2,PUBLIC_SCALE_PLUS_SYNTHETIC_PATTERN
2026-03-31,D01_PHU_MY,40GP,SURPLUS,1423,66,3,3,49,11,60,0,0,60,0,1429,1.2831524303916944,LOW,4348119,0.08,REALITY_CALIBRATED_V2,PUBLIC_SCALE_PLUS_SYNTHETIC_PATTERN
2026-03-31,D01_PHU_MY,40HC,DEFICIT,0,51,2,2,97,11,108,0,0,51,57,0,0.8389720234222511,LOW,4348119,0.08,REALITY_CALIBRATED_V2,PUBLIC_SCALE_PLUS_SYNTHETIC_PATTERN
2026-03-31,D02_CAI_MEP,20GP,BALANCED,407,81,4,3,70,23,93,0,0,93,0,394,1.01956745623069,LOW,4348119,0.08,REALITY_CALIBRATED_V2,PUBLIC_SCALE_PLUS_SYNTHETIC_PATTERN
2026-03-31,D02_CAI_MEP,40GP,DEFICIT,0,32,1,2,53,7,60,0,0,33,27,0,0.7956777996070726,LOW,4348119,0.08,REALITY_CALIBRATED_V2,PUBLIC_SCALE_PLUS_SYNTHETIC_PATTERN
2026-03-31,D02_CAI_MEP,40HC,SURPLUS,2039,90,4,5,61,17,78,0,0,78,0,2052,1.2718279569892472,LOW,4348119,0.08,REALITY_CALIBRATED_V2,PUBLIC_SCALE_PLUS_SYNTHETIC_PATTERN
2026-03-31,D03_LONG_SON,20GP,SURPLUS,1661,89,4,4,72,10,82,0,0,82,0,1668,1.2269353128313891,LOW,4348119,0.08,REALITY_CALIBRATED_V2,PUBLIC_SCALE_PLUS_SYNTHETIC_PATTERN
2026-03-31,D03_LONG_SON,40GP,BALANCED,232,40,2,1,34,11,45,0,0,45,0,226,1.0261194029850744,LOW,4348119,0.08,REALITY_CALIBRATED_V2,PUBLIC_SCALE_PLUS_SYNTHETIC_PATTERN
2026-03-31,D03_LONG_SON,40HC,BALANCED,456,95,4,2,39,17,56,0,0,56,0,493,1.0514423076923078,LOW,4348119,0.08,REALITY_CALIBRATED_V2,PUBLIC_SCALE_PLUS_SYNTHETIC_PATTERN
